retry,phy,mcs,bandwidth,short_gi,data_rate,data_size,rssi,frequency,timestamp,throughput,rate_gap
False,7,15,0,True,144.444,608,-39,2412,0.0,144.444,0
False,7,15,0,True,144.444,544,-36,2412,0.005170999999999981,144.444,0
False,7,15,0,True,144.444,12128,-36,2412,0.005184999999999995,144.444,0
False,7,15,0,True,144.444,12128,-34,2412,0.005201000000000011,144.444,0
False,7,15,0,True,144.444,12128,-37,2412,0.00521499999999997,144.444,0
False,7,15,0,True,144.444,12128,0,2412,0.00523499999999999,144.444,0
False,7,15,0,True,144.444,12128,-36,2412,0.005249000000000004,144.444,0
False,7,15,0,True,144.444,12128,-37,2412,0.00526099999999996,144.444,0
False,7,15,0,True,144.444,12128,-36,2412,0.005274000000000001,144.444,0
False,7,15,0,True,144.444,12128,-36,2412,0.007286999999999988,144.444,0
False,7,15,0,True,144.444,12128,-36,2412,0.007307000000000008,144.444,0
False,7,15,0,True,144.444,12128,-39,2412,0.007321999999999995,144.444,0
False,7,15,0,True,144.444,12128,-35,2412,0.011409999999999976,144.444,0
False,7,15,0,True,144.444,12128,0,2412,0.011421999999999988,144.444,0
False,7,15,0,True,144.444,12128,0,2412,0.011438999999999977,144.444,0
False,7,15,0,True,144.444,12128,0,2412,0.011454999999999993,144.444,0
False,7,15,0,True,144.444,12128,-39,2412,0.013812999999999964,144.444,0
False,7,15,0,True,144.444,12128,0,2412,0.013924999999999965,144.444,0
False,7,15,0,True,144.444,12128,-39,2412,0.013938000000000006,144.444,0
False,7,15,0,True,144.444,544,-39,2412,0.01560499999999998,144.444,0
False,7,15,0,True,144.444,12128,-37,2412,0.019250999999999963,144.444,0
False,7,15,0,True,144.444,12128,-36,2412,0.019264000000000003,144.444,0
False,7,15,0,True,144.444,12128,-36,2412,0.01927599999999996,144.444,0
False,7,15,0,True,144.444,12128,-36,2412,0.019289,144.444,0
False,7,15,0,True,144.444,12128,-36,2412,0.019300999999999957,144.444,0
False,7,15,0,True,144.444,12128,-36,2412,0.019318000000000002,144.444,0
False,7,15,0,True,144.444,12128,-36,2412,0.01932999999999996,144.444,0
False,7,15,0,True,144.444,12128,-44,2412,0.01934199999999997,144.444,0
False,7,15,0,True,144.444,12128,-44,2412,0.019353999999999982,144.444,0
False,7,15,0,True,144.444,12128,-39,2412,0.019364999999999966,144.444,0
False,7,15,0,True,144.444,12128,0,2412,0.020420999999999967,144.444,0
False,7,15,0,True,144.444,12128,-40,2412,0.020432000000000006,144.444,0
False,7,15,0,True,144.444,12128,-37,2412,0.02044199999999996,144.444,0
False,7,15,0,True,144.444,12128,0,2412,0.02309,144.444,0
False,7,15,0,True,144.444,12128,0,2412,0.023110999999999993,144.444,0
False,7,15,0,True,144.444,12128,-39,2412,0.023121999999999976,144.444,0
False,7,15,0,True,144.444,12128,0,2412,0.023167999999999966,144.444,0
False,7,15,0,True,144.444,12128,0,2412,0.023177999999999976,144.444,0
False,7,15,0,True,144.444,12128,0,2412,0.02318899999999996,144.444,0
False,7,15,0,True,144.444,12128,0,2412,0.0232,144.444,0
False,7,15,0,True,144.444,12128,-36,2412,0.02321099999999998,144.444,0
False,7,15,0,True,144.444,12128,0,2412,0.023221999999999965,144.444,0
False,7,15,0,True,144.444,12128,0,2412,0.023233000000000004,144.444,0
False,7,15,0,True,144.444,12128,-36,2412,0.023240999999999956,144.444,0
False,7,15,0,True,144.444,12128,0,2412,0.023250999999999966,144.444,0
False,7,15,0,True,144.444,12128,0,2412,0.023260999999999976,144.444,0
False,7,15,0,True,144.444,12128,-37,2412,0.02327199999999996,144.444,0
False,7,15,0,True,144.444,12128,0,2412,0.023282999999999998,144.444,0
False,7,15,0,True,144.444,12128,0,2412,0.023293000000000008,144.444,0
False,7,15,0,True,144.444,12128,0,2412,0.02330199999999999,144.444,0
False,7,15,0,True,144.444,12128,0,2412,0.023318000000000005,144.444,0
False,7,15,0,True,144.444,12128,-35,2412,0.025101999999999958,144.444,0
False,7,15,0,True,144.444,12128,0,2412,0.02511399999999997,144.444,0
False,7,15,0,True,144.444,12128,-39,2412,0.02512500000000001,144.444,0
False,7,15,0,True,144.444,12128,-36,2412,0.025283999999999973,144.444,0
False,7,15,0,True,144.444,12128,-36,2412,0.025293999999999983,144.444,0
False,7,15,0,True,144.444,12128,0,2412,0.025303999999999993,144.444,0
False,7,15,0,True,144.444,12128,0,2412,0.025312999999999974,144.444,0
False,7,15,0,True,144.444,12128,-44,2412,0.02532200000000001,144.444,0
False,7,15,0,True,144.444,12128,-39,2412,0.025330999999999992,144.444,0
False,7,15,0,True,144.444,12128,0,2412,0.025473999999999997,144.444,0
False,7,15,0,True,144.444,12128,0,2412,0.025482999999999978,144.444,0
False,7,15,0,True,144.444,12128,0,2412,0.025497999999999965,144.444,0
False,7,15,0,True,144.444,12128,0,2412,0.025507999999999975,144.444,0
False,7,15,0,True,144.444,12128,-37,2412,0.025516999999999956,144.444,0
False,7,15,0,True,144.444,12128,-40,2412,0.025526999999999966,144.444,0
False,7,15,0,True,144.444,12128,0,2412,0.025536000000000003,144.444,0
False,7,15,0,True,144.444,12128,-39,2412,0.02824399999999999,144.444,0
False,7,15,0,True,144.444,12128,-35,2412,0.028260000000000007,144.444,0
False,7,15,0,True,144.444,12128,-39,2412,0.02827099999999999,144.444,0
False,7,15,0,True,144.444,12128,0,2412,0.02942,144.444,0
False,7,15,0,True,144.444,12128,0,2412,0.02943299999999993,144.444,0
False,7,15,0,True,144.444,12128,0,2412,0.029442999999999997,144.444,0
False,7,15,0,True,144.444,12128,-39,2412,0.029452000000000034,144.444,0
False,7,15,0,True,144.444,12128,0,2412,0.029461999999999988,144.444,0
False,7,15,0,True,144.444,12128,-36,2412,0.029474,144.444,0
False,7,15,0,True,144.444,12128,0,2412,0.029486000000000012,144.444,0
False,7,15,0,True,144.444,12128,0,2412,0.029496999999999995,144.444,0
False,7,15,0,True,144.444,12128,0,2412,0.029509000000000007,144.444,0
False,7,15,0,True,144.444,12128,-35,2412,0.029544000000000015,144.444,0
False,7,15,0,True,144.444,12128,0,2412,0.02955399999999997,144.444,0
False,7,15,0,True,144.444,12128,-39,2412,0.029564999999999952,144.444,0
False,7,15,0,True,144.444,12128,-36,2412,0.029676999999999953,144.444,0
False,7,15,0,True,144.444,12128,-36,2412,0.02968700000000002,144.444,0
False,7,15,0,True,144.444,12128,0,2412,0.029696999999999973,144.444,0
False,7,15,0,True,144.444,12128,0,2412,0.02970700000000004,144.444,0
False,7,15,0,True,144.444,12128,-44,2412,0.029716999999999993,144.444,0
False,7,15,0,True,144.444,12128,0,2412,0.02972600000000003,144.444,0
False,7,15,0,True,144.444,12128,0,2412,0.029735999999999985,144.444,0
False,7,15,0,True,144.444,12128,-36,2412,0.02974500000000002,144.444,0
False,7,15,0,True,144.444,12128,-41,2412,0.029754999999999976,144.444,0
False,7,15,0,True,144.444,12128,-39,2412,0.02976499999999993,144.444,0
False,7,15,0,True,144.444,12128,0,2412,0.030023000000000022,144.444,0
False,7,15,0,True,144.444,12128,-39,2412,0.030031999999999948,144.444,0
False,7,15,0,True,144.444,12128,-39,2412,0.03126299999999993,144.444,0
False,7,15,0,True,144.444,12128,-39,2412,0.03127800000000003,144.444,0
False,7,15,0,True,144.444,12128,0,2412,0.03128799999999998,144.444,0
False,7,15,0,True,144.444,12128,0,2412,0.03129799999999994,144.444,0
False,7,15,0,True,144.444,12128,-35,2412,0.031308,144.444,0
False,7,15,0,True,144.444,12128,0,2412,0.03131699999999993,144.444,0
False,7,15,0,True,144.444,12128,-40,2412,0.031325999999999965,144.444,0
False,7,15,0,True,144.444,12128,0,2412,0.031335,144.444,0
False,7,15,0,True,144.444,12128,-37,2412,0.03134400000000004,144.444,0
False,7,15,0,True,144.444,12128,0,2412,0.031352999999999964,144.444,0
False,7,15,0,True,144.444,12128,0,2412,0.03136099999999997,144.444,0
False,7,15,0,True,144.444,12128,0,2412,0.03137400000000001,144.444,0
False,7,15,0,True,144.444,12128,0,2412,0.031384999999999996,144.444,0
False,7,15,0,True,144.444,12128,-35,2412,0.03139599999999998,144.444,0
False,7,15,0,True,144.444,12128,-39,2412,0.032386000000000026,144.444,0
False,7,15,0,True,144.444,12128,-39,2412,0.032399999999999984,144.444,0
False,7,15,0,True,144.444,12128,0,2412,0.03446499999999997,144.444,0
False,7,15,0,True,144.444,12128,0,2412,0.03447599999999995,144.444,0
False,7,15,0,True,144.444,12128,0,2412,0.03448600000000002,144.444,0
False,7,15,0,True,144.444,12128,-37,2412,0.03449599999999997,144.444,0
False,7,15,0,True,144.444,12128,-39,2412,0.034506999999999954,144.444,0
False,7,15,0,True,144.444,12128,0,2412,0.03451499999999996,144.444,0
False,7,15,0,True,144.444,12128,-39,2412,0.034528,144.444,0
False,7,15,0,True,144.444,12128,-39,2412,0.034538999999999986,144.444,0
False,7,15,0,True,144.444,12128,-41,2412,0.03604600000000002,144.444,0
False,7,15,0,True,144.444,12128,-35,2412,0.03605999999999998,144.444,0
False,7,15,0,True,144.444,12128,0,2412,0.036070999999999964,144.444,0
False,7,15,0,True,144.444,12128,0,2412,0.03608,144.444,0
False,7,15,0,True,144.444,12128,-36,2412,0.036090999999999984,144.444,0
False,7,15,0,True,144.444,12128,-37,2412,0.03610199999999997,144.444,0
False,7,15,0,True,144.444,12128,0,2412,0.03611299999999995,144.444,0
False,7,15,0,True,144.444,12128,-40,2412,0.03612499999999996,144.444,0
False,7,15,0,True,144.444,12128,0,2412,0.036135999999999946,144.444,0
False,7,15,0,True,144.444,12128,-40,2412,0.03614600000000001,144.444,0
False,7,15,0,True,144.444,12128,0,2412,0.03687600000000002,144.444,0
False,7,15,0,True,144.444,12128,-36,2412,0.03688999999999998,144.444,0
False,7,15,0,True,144.444,12128,-37,2412,0.036904999999999966,144.444,0
False,7,15,0,True,144.444,12128,0,2412,0.03692299999999993,144.444,0
False,7,15,0,True,144.444,12128,-35,2412,0.03693599999999997,144.444,0
False,7,15,0,True,144.444,12128,-36,2412,0.03695000000000004,144.444,0
False,7,15,0,True,144.444,12128,-37,2412,0.03696299999999997,144.444,0
False,7,15,0,True,144.444,12128,-44,2412,0.03697600000000001,144.444,0
False,7,15,0,True,144.444,12128,-36,2412,0.03699299999999994,144.444,0
False,7,15,0,True,144.444,12128,0,2412,0.03700899999999996,144.444,0
False,7,15,0,True,144.444,12128,0,2412,0.037023999999999946,144.444,0
False,7,15,0,True,144.444,12128,-34,2412,0.03703899999999993,144.444,0
False,7,15,0,True,144.444,12128,-44,2412,0.037806000000000006,144.444,0
False,7,15,0,True,144.444,12128,0,2412,0.03782299999999994,144.444,0
False,7,15,0,True,144.444,12128,0,2412,0.03783800000000004,144.444,0
False,7,15,0,True,144.444,12128,0,2412,0.037852,144.444,0
False,7,15,0,True,144.444,12128,-36,2412,0.037865999999999955,144.444,0
False,7,15,0,True,144.444,12128,0,2412,0.037878999999999996,144.444,0
False,7,15,0,True,144.444,12128,-39,2412,0.037899000000000016,144.444,0
False,7,15,0,True,144.444,12128,-40,2412,0.037912999999999974,144.444,0
False,7,15,0,True,144.444,12128,-37,2412,0.041246000000000005,144.444,0
False,7,15,0,True,144.444,12128,0,2412,0.04125499999999993,144.444,0
False,7,15,0,True,144.444,12128,-36,2412,0.041264999999999996,144.444,0
False,7,15,0,True,144.444,12128,0,2412,0.04127400000000003,144.444,0
False,7,15,0,True,144.444,12128,0,2412,0.041285000000000016,144.444,0
False,7,15,0,True,144.444,12128,-35,2412,0.04129499999999997,144.444,0
False,7,15,0,True,144.444,12128,0,2412,0.041305999999999954,144.444,0
False,7,15,0,True,144.444,12128,0,2412,0.04131600000000002,144.444,0
False,7,15,0,True,144.444,12128,0,2412,0.041325999999999974,144.444,0
False,7,15,0,True,144.444,12128,-36,2412,0.04133699999999996,144.444,0
False,7,15,0,True,144.444,12128,0,2412,0.04134799999999994,144.444,0
False,7,15,0,True,144.444,12128,0,2412,0.04136200000000001,144.444,0
False,7,15,0,True,144.444,12128,0,2412,0.04137299999999999,144.444,0
False,7,15,0,True,144.444,12128,0,2412,0.04242999999999997,144.444,0
False,7,15,0,True,144.444,12128,0,2412,0.04244300000000001,144.444,0
False,7,15,0,True,144.444,12128,0,2412,0.04245299999999996,144.444,0
False,7,15,0,True,144.444,12128,-36,2412,0.04246300000000003,144.444,0
False,7,15,0,True,144.444,12128,0,2412,0.04247400000000001,144.444,0
False,7,15,0,True,144.444,12128,0,2412,0.042486000000000024,144.444,0
False,7,15,0,True,144.444,12128,-40,2412,0.04249599999999998,144.444,0
False,7,15,0,True,144.444,12128,0,2412,0.04255500000000001,144.444,0
False,7,15,0,True,144.444,12128,0,2412,0.04367500000000002,144.444,0
False,7,15,0,True,144.444,12128,0,2412,0.04369000000000001,144.444,0
False,7,15,0,True,144.444,12128,-40,2412,0.04370200000000002,144.444,0
False,7,15,0,True,144.444,12128,0,2412,0.04371199999999997,144.444,0
False,7,15,0,True,144.444,12128,0,2412,0.04372100000000001,144.444,0
False,7,15,0,True,144.444,12128,0,2412,0.04373199999999999,144.444,0
False,7,15,0,True,144.444,12128,0,2412,0.04374199999999995,144.444,0
False,7,15,0,True,144.444,12128,0,2412,0.04375399999999996,144.444,0
False,7,15,0,True,144.444,12128,-36,2412,0.04376499999999994,144.444,0
False,7,15,0,True,144.444,12128,-35,2412,0.04377500000000001,144.444,0
False,7,15,0,True,144.444,12128,0,2412,0.043783999999999934,144.444,0
False,7,15,0,True,144.444,12128,0,2412,0.043795999999999946,144.444,0
False,7,15,0,True,144.444,12128,-39,2412,0.04380699999999993,144.444,0
False,7,15,0,True,144.444,12128,-37,2412,0.043818000000000024,144.444,0
False,7,15,0,True,144.444,12128,-36,2412,0.04383300000000001,144.444,0
False,7,15,0,True,144.444,12128,0,2412,0.045220999999999956,144.444,0
False,7,15,0,True,144.444,12128,-36,2412,0.04523599999999994,144.444,0
False,7,15,0,True,144.444,12128,-35,2412,0.045247999999999955,144.444,0
False,7,15,0,True,144.444,12128,-38,2412,0.04525999999999997,144.444,0
False,7,15,0,True,144.444,12128,0,2412,0.04621799999999998,144.444,0
False,7,15,0,True,144.444,12128,0,2412,0.046227999999999936,144.444,0
False,7,15,0,True,144.444,12128,-36,2412,0.04623900000000003,144.444,0
False,7,15,0,True,144.444,12128,0,2412,0.046247999999999956,144.444,0
False,7,15,0,True,144.444,12128,-35,2412,0.04625699999999999,144.444,0
False,7,15,0,True,144.444,12128,0,2412,0.04626699999999995,144.444,0
False,7,15,0,True,144.444,12128,0,2412,0.04627799999999993,144.444,0
False,7,15,0,True,144.444,12128,0,2412,0.046287999999999996,144.444,0
False,7,15,0,True,144.444,12128,0,2412,0.04630100000000004,144.444,0
False,7,15,0,True,144.444,12128,0,2412,0.04631200000000002,144.444,0
False,7,15,0,True,144.444,12128,0,2412,0.046321999999999974,144.444,0
False,7,15,0,True,144.444,12128,0,2412,0.04655900000000002,144.444,0
False,7,15,0,True,144.444,12128,0,2412,0.04657199999999995,144.444,0
False,7,15,0,True,144.444,12128,0,2412,0.04658200000000001,144.444,0
False,7,15,0,True,144.444,12128,0,2412,0.04659499999999994,144.444,0
False,7,15,0,True,144.444,12128,0,2412,0.047586999999999935,144.444,0
False,7,15,0,True,144.444,12128,0,2412,0.04760299999999995,144.444,0
False,7,15,0,True,144.444,12128,0,2412,0.04761499999999996,144.444,0
False,7,15,0,True,144.444,12128,-40,2412,0.047628000000000004,144.444,0
False,7,15,0,True,144.444,12128,-40,2412,0.047640000000000016,144.444,0
False,7,15,0,True,144.444,12128,-44,2412,0.050126000000000004,144.444,0
False,7,15,0,True,144.444,12128,0,2412,0.05013499999999993,144.444,0
False,7,15,0,True,144.444,12128,-34,2412,0.05014799999999997,144.444,0
False,7,15,0,True,144.444,12128,0,2412,0.050158000000000036,144.444,0
False,7,15,0,True,144.444,12128,0,2412,0.05016699999999996,144.444,0
False,7,15,0,True,144.444,12128,-36,2412,0.05017700000000003,144.444,0
False,7,15,0,True,144.444,12128,-36,2412,0.05018599999999995,144.444,0
False,7,15,0,True,144.444,12128,0,2412,0.05019600000000002,144.444,0
False,7,15,0,True,144.444,12128,-36,2412,0.050204000000000026,144.444,0
False,7,15,0,True,144.444,12128,0,2412,0.05021299999999995,144.444,0
False,7,15,0,True,144.444,12128,0,2412,0.05022300000000002,144.444,0
False,7,15,0,True,144.444,12128,-39,2412,0.05023199999999994,144.444,0
False,7,15,0,True,144.444,12128,-37,2412,0.05024099999999998,144.444,0
False,7,15,0,True,144.444,12128,0,2412,0.05025199999999996,144.444,0
False,7,15,0,True,144.444,12128,0,2412,0.05026299999999995,144.444,0
False,7,15,0,True,144.444,12128,0,2412,0.050270999999999955,144.444,0
False,7,15,0,True,144.444,12128,0,2412,0.05028100000000002,144.444,0
False,7,15,0,True,144.444,12128,-40,2412,0.05029899999999998,144.444,0
False,7,15,0,True,144.444,12128,0,2412,0.05030800000000002,144.444,0
False,7,15,0,True,144.444,12128,-40,2412,0.050316999999999945,144.444,0
False,7,15,0,True,144.444,12128,0,2412,0.05035199999999995,144.444,0
False,7,15,0,True,144.444,12128,0,2412,0.05036200000000002,144.444,0
False,7,15,0,True,144.444,12128,0,2412,0.050370999999999944,144.444,0
False,7,15,0,True,144.444,12128,0,2412,0.05038100000000001,144.444,0
False,7,15,0,True,144.444,12128,-41,2412,0.05039300000000002,144.444,0
False,7,15,0,True,144.444,12128,0,2412,0.050402999999999976,144.444,0
False,7,15,0,True,144.444,12128,0,2412,0.05150100000000002,144.444,0
False,7,15,0,True,144.444,12128,0,2412,0.05152800000000002,144.444,0
False,7,15,0,True,144.444,12128,0,2412,0.05153799999999997,144.444,0
False,7,15,0,True,144.444,12128,-36,2412,0.051551000000000013,144.444,0
False,7,15,0,True,144.444,12128,-35,2412,0.05156099999999997,144.444,0
False,7,15,0,True,144.444,12128,0,2412,0.051571000000000033,144.444,0
False,7,15,0,True,144.444,12128,-36,2412,0.05158200000000002,144.444,0
False,7,15,0,True,144.444,12128,-36,2412,0.05159099999999994,144.444,0
False,7,15,0,True,144.444,12128,-36,2412,0.05159999999999998,144.444,0
False,7,15,0,True,144.444,12128,0,2412,0.05385799999999996,144.444,0
False,7,15,0,True,144.444,12128,0,2412,0.053868999999999945,144.444,0
False,7,15,0,True,144.444,12128,-39,2412,0.05387900000000001,144.444,0
False,7,15,0,True,144.444,12128,-35,2412,0.05391299999999999,144.444,0
False,7,15,0,True,144.444,12128,0,2412,0.05392299999999994,144.444,0
False,7,15,0,True,144.444,12128,0,2412,0.05393300000000001,144.444,0
False,7,15,0,True,144.444,12128,0,2412,0.05394299999999996,144.444,0
False,7,15,0,True,144.444,12128,0,2412,0.053952,144.444,0
False,7,15,0,True,144.444,12128,0,2412,0.05396000000000001,144.444,0
False,7,15,0,True,144.444,12128,0,2412,0.05397099999999999,144.444,0
False,7,15,0,True,144.444,12128,-36,2412,0.053981999999999974,144.444,0
False,7,15,0,True,144.444,12128,0,2412,0.053993999999999986,144.444,0
False,7,15,0,True,144.444,12128,0,2412,0.05400300000000002,144.444,0
False,7,15,0,True,144.444,12128,-37,2412,0.05401,144.444,0
False,7,15,0,True,144.444,12128,-40,2412,0.05401999999999996,144.444,0
False,7,15,0,True,144.444,12128,0,2412,0.05403000000000002,144.444,0
False,7,15,0,True,144.444,12128,0,2412,0.05403999999999998,144.444,0
False,7,15,0,True,144.444,12128,-36,2412,0.05405099999999996,144.444,0
False,7,15,0,True,144.444,12128,0,2412,0.054061000000000026,144.444,0
False,7,15,0,True,144.444,12128,-35,2412,0.05406999999999995,144.444,0
False,7,15,0,True,144.444,12128,-39,2412,0.05407899999999999,144.444,0
False,7,15,0,True,144.444,12128,0,2412,0.054119999999999946,144.444,0
False,7,15,0,True,144.444,12128,-44,2412,0.05413099999999993,144.444,0
False,7,15,0,True,144.444,12128,0,2412,0.054139999999999966,144.444,0
False,7,15,0,True,144.444,12128,0,2412,0.054146999999999945,144.444,0
False,7,15,0,True,144.444,12128,-34,2412,0.05417700000000003,144.444,0
False,7,15,0,True,144.444,12128,0,2412,0.054186999999999985,144.444,0
False,7,15,0,True,144.444,12128,0,2412,0.05419600000000002,144.444,0
False,7,15,0,True,144.444,12128,0,2412,0.05420499999999995,144.444,0
False,7,15,0,True,144.444,12128,-36,2412,0.05421699999999996,144.444,0
False,7,15,0,True,144.444,12128,-36,2412,0.054227000000000025,144.444,0
False,7,15,0,True,144.444,12128,-39,2412,0.055347000000000035,144.444,0
False,7,15,0,True,144.444,12128,0,2412,0.05535800000000002,144.444,0
False,7,15,0,True,144.444,12128,0,2412,0.055366999999999944,144.444,0
False,7,15,0,True,144.444,12128,0,2412,0.055378999999999956,144.444,0
False,7,15,0,True,144.444,12128,-37,2412,0.05538900000000002,144.444,0
False,7,15,0,True,144.444,12128,-39,2412,0.05539799999999995,144.444,0
False,7,15,0,True,144.444,12128,0,2412,0.055406999999999984,144.444,0
False,7,15,0,True,144.444,12128,-39,2412,0.05541399999999996,144.444,0
False,7,15,0,True,144.444,12128,0,2412,0.057022999999999935,144.444,0
False,7,15,0,True,144.444,12128,0,2412,0.057035999999999976,144.444,0
False,7,15,0,True,144.444,12128,0,2412,0.05704599999999993,144.444,0
False,7,15,0,True,144.444,12128,0,2412,0.05706,144.444,0
False,7,15,0,True,144.444,12128,0,2412,0.057069000000000036,144.444,0
False,7,15,0,True,144.444,12128,0,2412,0.05707899999999999,144.444,0
False,7,15,0,True,144.444,12128,-40,2412,0.057089999999999974,144.444,0
False,7,15,0,True,144.444,12128,-41,2412,0.05709999999999993,144.444,0
False,7,15,0,True,144.444,12128,0,2412,0.057109999999999994,144.444,0
False,7,15,0,True,144.444,12128,0,2412,0.05713099999999993,144.444,0
False,7,15,0,True,144.444,12128,0,2412,0.05713999999999997,144.444,0
False,7,15,0,True,144.444,12128,-36,2412,0.05714799999999998,144.444,0
False,7,15,0,True,144.444,12128,0,2412,0.057155999999999985,144.444,0
False,7,15,0,True,144.444,12128,0,2412,0.05716500000000002,144.444,0
False,7,15,0,True,144.444,12128,-35,2412,0.05717399999999995,144.444,0
False,7,15,0,True,144.444,12128,0,2412,0.057182999999999984,144.444,0
False,7,15,0,True,144.444,12128,-39,2412,0.05719099999999999,144.444,0
False,7,15,0,True,144.444,12128,0,2412,0.05838599999999994,144.444,0
False,7,15,0,True,144.444,12128,0,2412,0.05839700000000003,144.444,0
False,7,15,0,True,144.444,12128,0,2412,0.05840599999999996,144.444,0
False,7,15,0,True,144.444,12128,0,2412,0.058413999999999966,144.444,0
False,7,15,0,True,144.444,12128,0,2412,0.058423,144.444,0
False,7,15,0,True,144.444,12128,-35,2412,0.05843100000000001,144.444,0
False,7,15,0,True,144.444,12128,0,2412,0.05843900000000002,144.444,0
False,7,15,0,True,144.444,12128,0,2412,0.05844700000000003,144.444,0
False,7,15,0,True,144.444,12128,0,2412,0.05845599999999995,144.444,0
False,7,15,0,True,144.444,12128,0,2412,0.05846299999999993,144.444,0
False,7,15,0,True,144.444,12128,0,2412,0.05847099999999994,144.444,0
False,7,15,0,True,144.444,12128,0,2412,0.058479999999999976,144.444,0
False,7,15,0,True,144.444,12128,-36,2412,0.058487999999999984,144.444,0
False,7,15,0,True,144.444,12128,0,2412,0.05849599999999999,144.444,0
False,7,15,0,True,144.444,12128,-40,2412,0.05991599999999997,144.444,0
False,7,15,0,True,144.444,12128,-37,2412,0.05992900000000001,144.444,0
False,7,15,0,True,144.444,12128,0,2412,0.059944,144.444,0
False,7,15,0,True,144.444,12128,-39,2412,0.05995399999999995,144.444,0
False,7,15,0,True,144.444,12128,-36,2412,0.060104999999999964,144.444,0
False,7,15,0,True,144.444,12128,-36,2412,0.060114,144.444,0
False,7,15,0,True,144.444,12128,0,2412,0.060123999999999955,144.444,0
False,7,15,0,True,144.444,12128,0,2412,0.06013299999999999,144.444,0
False,7,15,0,True,144.444,12128,0,2412,0.060142999999999947,144.444,0
False,7,15,0,True,144.444,12128,0,2412,0.06015300000000001,144.444,0
False,7,15,0,True,144.444,12128,0,2412,0.06016599999999994,144.444,0
False,7,15,0,True,144.444,12128,-39,2412,0.06017600000000001,144.444,0
False,7,15,0,True,144.444,12128,-35,2412,0.06018499999999993,144.444,0
False,7,15,0,True,144.444,12128,-39,2412,0.06333299999999997,144.444,0
False,7,15,0,True,144.444,12128,-37,2412,0.22915200000000002,144.444,0
False,7,15,0,True,144.444,12128,-36,2412,0.22916199999999998,144.444,0
False,7,15,0,True,144.444,12128,-36,2412,0.229171,144.444,0
False,7,15,0,True,144.444,12128,0,2412,0.22917999999999994,144.444,0
False,7,15,0,True,144.444,12128,-36,2412,0.22919,144.444,0
False,7,15,0,True,144.444,12128,0,2412,0.22919899999999993,144.444,0
False,7,15,0,True,144.444,12128,0,2412,0.22920799999999997,144.444,0
False,7,15,0,True,144.444,12128,0,2412,0.22922299999999995,144.444,0
False,7,15,0,True,144.444,12128,0,2412,0.229232,144.444,0
False,7,15,0,True,144.444,12128,0,2412,0.22924199999999995,144.444,0
False,7,15,0,True,144.444,12128,0,2412,0.229252,144.444,0
False,7,15,0,True,144.444,12128,-35,2412,0.229267,144.444,0
False,7,15,0,True,144.444,12128,0,2412,0.22927699999999995,144.444,0
False,7,15,0,True,144.444,12128,0,2412,0.229286,144.444,0
False,7,15,0,True,144.444,12128,0,2412,0.22929500000000003,144.444,0
False,7,15,0,True,144.444,12128,0,2412,0.22930399999999995,144.444,0
False,7,15,0,True,144.444,12128,0,2412,0.229313,144.444,0
False,7,15,0,True,144.444,12128,0,2412,0.22932299999999994,144.444,0
False,7,15,0,True,144.444,12128,-35,2412,0.22933199999999998,144.444,0
False,7,15,0,True,144.444,12128,-41,2412,0.22989899999999996,144.444,0
False,7,15,0,True,144.444,12128,-36,2412,0.22993600000000003,144.444,0
False,7,15,0,True,144.444,12128,0,2412,0.22994599999999998,144.444,0
False,7,15,0,True,144.444,12128,0,2412,0.22995599999999994,144.444,0
False,7,15,0,True,144.444,12128,0,2412,0.229966,144.444,0
False,7,15,0,True,144.444,12128,-37,2412,0.22997499999999993,144.444,0
False,7,15,0,True,144.444,12128,-40,2412,0.22998399999999997,144.444,0
False,7,15,0,True,144.444,12128,-44,2412,0.22999400000000003,144.444,0
False,7,15,0,True,144.444,12128,-37,2412,0.23002,144.444,0
False,7,15,0,True,144.444,12128,-39,2412,0.23002999999999996,144.444,0
False,7,15,0,True,144.444,12128,-37,2412,0.230039,144.444,0
False,7,15,0,True,144.444,12128,0,2412,0.23004800000000003,144.444,0
False,7,15,0,True,144.444,12128,-34,2412,0.23005799999999998,144.444,0
False,7,15,0,True,144.444,12128,0,2412,0.23006700000000002,144.444,0
False,7,15,0,True,144.444,12128,0,2412,0.23007599999999995,144.444,0
False,7,15,0,True,144.444,12128,-36,2412,0.230086,144.444,0
False,7,15,0,True,144.444,12128,0,2412,0.23009599999999997,144.444,0
False,7,15,0,True,144.444,12128,0,2412,0.23010600000000003,144.444,0
False,7,15,0,True,144.444,12128,0,2412,0.23011499999999996,144.444,0
False,7,15,0,True,144.444,12128,-40,2412,0.230124,144.444,0
False,7,15,0,True,144.444,12128,0,2412,0.230225,144.444,0
False,7,15,0,True,144.444,12128,0,2412,0.23023499999999997,144.444,0
False,7,15,0,True,144.444,12128,0,2412,0.230244,144.444,0
False,7,15,0,True,144.444,12128,-40,2412,0.23025399999999996,144.444,0
False,7,15,0,True,144.444,12128,0,2412,0.230263,144.444,0
False,7,15,0,True,144.444,12128,0,2412,0.23027200000000003,144.444,0
False,7,15,0,True,144.444,12128,0,2412,0.230282,144.444,0
False,7,15,0,True,144.444,12128,0,2412,0.23029,144.444,0
False,7,15,0,True,144.444,12128,0,2412,0.23029900000000003,144.444,0
False,7,15,0,True,144.444,12128,0,2412,0.23030899999999999,144.444,0
False,7,15,0,True,144.444,12128,0,2412,0.23031899999999994,144.444,0
False,7,15,0,True,144.444,12128,0,2412,0.23032799999999998,144.444,0
False,7,15,0,True,144.444,12128,0,2412,0.23033700000000001,144.444,0
False,7,15,0,True,144.444,12128,-44,2412,0.23034999999999994,144.444,0
False,7,15,0,True,144.444,12128,-39,2412,0.23036,144.444,0
False,7,15,0,True,144.444,12128,-37,2412,0.23036899999999993,144.444,0
False,7,15,0,True,144.444,12128,-39,2412,0.230398,144.444,0
False,7,15,0,True,144.444,12128,0,2412,0.23040700000000003,144.444,0
False,7,15,0,True,144.444,12128,0,2412,0.23041699999999998,144.444,0
False,7,15,0,True,144.444,12128,-40,2412,0.23042699999999994,144.444,0
False,7,15,0,True,144.444,12128,-40,2412,0.232584,144.444,0
False,7,15,0,True,144.444,12128,-37,2412,0.232599,144.444,0
False,7,15,0,True,144.444,12128,0,2412,0.23260899999999995,144.444,0
False,7,15,0,True,144.444,12128,0,2412,0.232618,144.444,0
False,7,15,0,True,144.444,12128,0,2412,0.23262700000000003,144.444,0
False,7,15,0,True,144.444,12128,0,2412,0.23263500000000004,144.444,0
False,7,15,0,True,144.444,12128,-36,2412,0.23264399999999996,144.444,0
False,7,15,0,True,144.444,12128,0,2412,0.23265800000000003,144.444,0
False,7,15,0,True,144.444,12128,-36,2412,0.23266699999999996,144.444,0
False,7,15,0,True,144.444,12128,-36,2412,0.23267499999999997,144.444,0
False,7,15,0,True,144.444,12128,-37,2412,0.232684,144.444,0
False,7,15,0,True,144.444,12128,-41,2412,0.232692,144.444,0
False,7,15,0,True,144.444,12128,0,2412,0.23270199999999996,144.444,0
False,7,15,0,True,144.444,12128,-36,2412,0.23271200000000003,144.444,0
False,7,15,0,True,144.444,12128,0,2412,0.23272099999999996,144.444,0
False,7,15,0,True,144.444,12128,-40,2412,0.23385599999999995,144.444,0
False,7,15,0,True,144.444,12128,-36,2412,0.23389799999999994,144.444,0
False,7,15,0,True,144.444,12128,0,2412,0.233908,144.444,0
False,7,15,0,True,144.444,12128,-37,2412,0.233919,144.444,0
False,7,15,0,True,144.444,12128,0,2412,0.23392899999999994,144.444,0
False,7,15,0,True,144.444,12128,-41,2412,0.234954,144.444,0
False,7,15,0,True,144.444,12128,0,2412,0.23631099999999994,144.444,0
False,7,15,0,True,144.444,12128,0,2412,0.23631999999999997,144.444,0
False,7,15,0,True,144.444,12128,0,2412,0.23632999999999993,144.444,0
False,7,15,0,True,144.444,12128,0,2412,0.23633899999999997,144.444,0
False,7,15,0,True,144.444,12128,-37,2412,0.23634900000000003,144.444,0
False,7,15,0,True,144.444,12128,-39,2412,0.23636099999999993,144.444,0
False,7,15,0,True,144.444,12128,-44,2412,0.23759200000000003,144.444,0
False,7,15,0,True,144.444,12128,0,2412,0.237607,144.444,0
False,7,15,0,True,144.444,12128,0,2412,0.23761599999999994,144.444,0
False,7,15,0,True,144.444,12128,0,2412,0.237626,144.444,0
False,7,15,0,True,144.444,12128,0,2412,0.23763800000000002,144.444,0
False,7,15,0,True,144.444,12128,0,2412,0.23764799999999997,144.444,0
False,7,15,0,True,144.444,12128,0,2412,0.23765999999999998,144.444,0
False,7,15,0,True,144.444,12128,-39,2412,0.23767099999999997,144.444,0
False,7,15,0,True,144.444,12128,0,2412,0.23768,144.444,0
False,7,15,0,True,144.444,12128,-39,2412,0.23768999999999996,144.444,0
False,7,15,0,True,144.444,12128,0,2412,0.23770099999999994,144.444,0
False,7,15,0,True,144.444,12128,-36,2412,0.237711,144.444,0
False,7,15,0,True,144.444,12128,0,2412,0.23772099999999996,144.444,0
False,7,15,0,True,144.444,12128,-41,2412,0.23773299999999997,144.444,0
False,7,15,0,True,144.444,12128,-36,2412,0.23914000000000002,144.444,0
False,7,15,0,True,144.444,12128,-35,2412,0.23915399999999998,144.444,0
False,7,15,0,True,144.444,12128,0,2412,0.23916799999999994,144.444,0
False,7,15,0,True,144.444,12128,0,2412,0.23917999999999995,144.444,0
False,7,15,0,True,144.444,12128,0,2412,0.23919099999999993,144.444,0
False,7,15,0,True,144.444,12128,0,2412,0.23920299999999994,144.444,0
False,7,15,0,True,144.444,12128,0,2412,0.239217,144.444,0
False,7,15,0,True,144.444,12128,0,2412,0.23923300000000003,144.444,0
False,7,15,0,True,144.444,12128,0,2412,0.239244,144.444,0
False,7,15,0,True,144.444,12128,0,2412,0.239255,144.444,0
False,7,15,0,True,144.444,12128,-37,2412,0.239267,144.444,0
False,7,15,0,True,144.444,12128,-40,2412,0.239278,144.444,0
False,7,15,0,True,144.444,12128,0,2412,0.23929500000000004,144.444,0
False,7,15,0,True,144.444,12128,0,2412,0.23930699999999994,144.444,0
False,7,15,0,True,144.444,12128,-44,2412,0.23931899999999995,144.444,0
False,7,15,0,True,144.444,12128,0,2412,0.240286,144.444,0
False,7,15,0,True,144.444,12128,0,2412,0.24030299999999993,144.444,0
False,7,15,0,True,144.444,12128,-40,2412,0.24031599999999997,144.444,0
False,7,15,0,True,144.444,12128,0,2412,0.240726,144.444,0
False,7,15,0,True,144.444,12128,-44,2412,0.240738,144.444,0
False,7,15,0,True,144.444,12128,0,2412,0.240761,144.444,0
False,7,15,0,True,144.444,12128,0,2412,0.24077899999999997,144.444,0
False,7,15,0,True,144.444,12128,0,2412,0.24079099999999998,144.444,0
False,7,15,0,True,144.444,12128,-39,2412,0.24080400000000002,144.444,0
False,7,15,0,True,144.444,12128,0,2412,0.24081399999999997,144.444,0
False,7,15,0,True,144.444,12128,-39,2412,0.240823,144.444,0
False,7,15,0,True,144.444,12128,0,2412,0.24153199999999997,144.444,0
False,7,15,0,True,144.444,12128,0,2412,0.24154699999999996,144.444,0
False,7,15,0,True,144.444,12128,0,2412,0.24155700000000002,144.444,0
False,7,15,0,True,144.444,12128,0,2412,0.24156900000000003,144.444,0
False,7,15,0,True,144.444,12128,-39,2412,0.24157799999999996,144.444,0
False,7,15,0,True,144.444,12128,-36,2412,0.24158899999999994,144.444,0
False,7,15,0,True,144.444,12128,-35,2412,0.24160000000000004,144.444,0
False,7,15,0,True,144.444,12128,0,2412,0.24161,144.444,0
False,7,15,0,True,144.444,12128,-36,2412,0.24161999999999995,144.444,0
False,7,15,0,True,144.444,12128,0,2412,0.24275400000000003,144.444,0
False,7,15,0,True,144.444,12128,0,2412,0.24276799999999998,144.444,0
False,7,15,0,True,144.444,12128,-40,2412,0.24278,144.444,0
False,7,15,0,True,144.444,12128,0,2412,0.25050700000000004,144.444,0
False,7,15,0,True,144.444,12128,0,2412,0.250521,144.444,0
False,7,15,0,True,144.444,12128,0,2412,0.25053400000000003,144.444,0
False,7,15,0,True,144.444,12128,-36,2412,0.250544,144.444,0
False,7,15,0,True,144.444,12128,0,2412,0.25055499999999997,144.444,0
False,7,15,0,True,144.444,12128,0,2412,0.25056500000000004,144.444,0
False,7,15,0,True,144.444,12128,0,2412,0.250575,144.444,0
False,7,15,0,True,144.444,12128,0,2412,0.25058499999999995,144.444,0
False,7,15,0,True,144.444,12128,-40,2412,0.250595,144.444,0
False,7,15,0,True,144.444,12128,0,2412,0.25060399999999994,144.444,0
False,7,15,0,True,144.444,12128,0,2412,0.250613,144.444,0
False,7,15,0,True,144.444,12128,-34,2412,0.250622,144.444,0
False,7,15,0,True,144.444,12128,0,2412,0.25063599999999997,144.444,0
False,7,15,0,True,144.444,12128,0,2412,0.250644,144.444,0
False,7,15,0,True,144.444,12128,-36,2412,0.25065899999999997,144.444,0
False,7,15,0,True,144.444,12128,0,2412,0.250668,144.444,0
False,7,15,0,True,144.444,12128,0,2412,0.25067700000000004,144.444,0
False,7,15,0,True,144.444,12128,0,2412,0.25068599999999996,144.444,0
False,7,15,0,True,144.444,12128,0,2412,0.250695,144.444,0
False,7,15,0,True,144.444,12128,-41,2412,0.25070400000000004,144.444,0
False,7,15,0,True,144.444,12128,0,2412,0.250881,144.444,0
False,7,15,0,True,144.444,12128,0,2412,0.25088999999999995,144.444,0
False,7,15,0,True,144.444,12128,-41,2412,0.25089799999999995,144.444,0
False,7,15,0,True,144.444,12128,-41,2412,0.250908,144.444,0
False,7,15,0,True,144.444,12128,-40,2412,0.25091699999999995,144.444,0
False,7,15,0,True,144.444,12128,0,2412,0.250926,144.444,0
False,7,15,0,True,144.444,12128,-36,2412,0.250935,144.444,0
False,7,15,0,True,144.444,12128,0,2412,0.25094399999999994,144.444,0
False,7,15,0,True,144.444,12128,-36,2412,0.250957,144.444,0
False,7,15,0,True,144.444,12128,0,2412,0.250966,144.444,0
False,7,15,0,True,144.444,12128,0,2412,0.25097499999999995,144.444,0
False,7,15,0,True,144.444,12128,0,2412,0.250984,144.444,0
False,7,15,0,True,144.444,12128,0,2412,0.25175899999999996,144.444,0
False,7,15,0,True,144.444,12128,0,2412,0.251772,144.444,0
False,7,15,0,True,144.444,12128,0,2412,0.251783,144.444,0
False,7,15,0,True,144.444,12128,-36,2412,0.25179299999999993,144.444,0
False,7,15,0,True,144.444,12128,0,2412,0.25180400000000003,144.444,0
False,7,15,0,True,144.444,12128,-37,2412,0.25431799999999993,144.444,0
False,7,15,0,True,144.444,12128,0,2412,0.254335,144.444,0
False,7,15,0,True,144.444,12128,-41,2412,0.254348,144.444,0
False,7,15,0,True,144.444,12128,0,2412,0.254402,144.444,0
False,7,15,0,True,144.444,12128,0,2412,0.25441499999999995,144.444,0
False,7,15,0,True,144.444,12128,-37,2412,0.25442599999999993,144.444,0
False,7,15,0,True,144.444,12128,-44,2412,0.25443799999999994,144.444,0
False,7,15,0,True,144.444,12128,0,2412,0.254451,144.444,0
False,7,15,0,True,144.444,12128,0,2412,0.254463,144.444,0
False,7,15,0,True,144.444,12128,-37,2412,0.25447699999999995,144.444,0
False,7,15,0,True,144.444,12128,-39,2412,0.25449,144.444,0
False,7,15,0,True,144.444,12128,-37,2412,0.25450300000000003,144.444,0
False,7,15,0,True,144.444,12128,0,2412,0.254514,144.444,0
False,7,15,0,True,144.444,12128,-36,2412,0.25452600000000003,144.444,0
False,7,15,0,True,144.444,12128,-40,2412,0.25453799999999993,144.444,0
False,7,15,0,True,144.444,12128,0,2412,0.25454999999999994,144.444,0
False,7,15,0,True,144.444,12128,0,2412,0.25456100000000004,144.444,0
False,7,15,0,True,144.444,12128,0,2412,0.254572,144.444,0
False,7,15,0,True,144.444,12128,0,2412,0.254598,144.444,0
False,7,15,0,True,144.444,12128,0,2412,0.25461100000000003,144.444,0
False,7,15,0,True,144.444,12128,-41,2412,0.25462299999999993,144.444,0
False,7,15,0,True,144.444,12128,-36,2412,0.254668,144.444,0
False,7,15,0,True,144.444,12128,0,2412,0.25468099999999994,144.444,0
False,7,15,0,True,144.444,12128,0,2412,0.25469200000000003,144.444,0
False,7,15,0,True,144.444,12128,0,2412,0.254703,144.444,0
False,7,15,0,True,144.444,12128,0,2412,0.254714,144.444,0
False,7,15,0,True,144.444,12128,-36,2412,0.254725,144.444,0
False,7,15,0,True,144.444,12128,0,2412,0.254737,144.444,0
False,7,15,0,True,144.444,12128,-41,2412,0.254752,144.444,0
False,7,15,0,True,144.444,12128,0,2412,0.254764,144.444,0
False,7,15,0,True,144.444,12128,0,2412,0.25477700000000003,144.444,0
False,7,15,0,True,144.444,12128,-36,2412,0.25478899999999993,144.444,0
False,7,15,0,True,144.444,12128,-36,2412,0.255726,144.444,0
False,7,15,0,True,144.444,12128,0,2412,0.25574399999999997,144.444,0
False,7,15,0,True,144.444,12128,0,2412,0.25575799999999993,144.444,0
False,7,15,0,True,144.444,12128,-36,2412,0.25577099999999997,144.444,0
False,7,15,0,True,144.444,12128,0,2412,0.257881,144.444,0
False,7,15,0,True,144.444,12128,0,2412,0.257891,144.444,0
False,7,15,0,True,144.444,12128,-40,2412,0.2579,144.444,0
False,7,15,0,True,144.444,12128,-41,2412,0.25793199999999994,144.444,0
False,7,15,0,True,144.444,12128,-41,2412,0.25793999999999995,144.444,0
False,7,15,0,True,144.444,12128,0,2412,0.257949,144.444,0
False,7,15,0,True,144.444,12128,-41,2412,0.257957,144.444,0
False,7,15,0,True,144.444,12128,0,2412,0.25796600000000003,144.444,0
False,7,15,0,True,144.444,12128,0,2412,0.25797400000000004,144.444,0
False,7,15,0,True,144.444,12128,-40,2412,0.25798299999999996,144.444,0
False,7,15,0,True,144.444,12128,0,2412,0.25799099999999997,144.444,0
False,7,15,0,True,144.444,12128,-36,2412,0.257999,144.444,0
False,7,15,0,True,144.444,12128,-41,2412,0.258008,144.444,0
False,7,15,0,True,144.444,12128,0,2412,0.258016,144.444,0
False,7,15,0,True,144.444,12128,0,2412,0.25802400000000003,144.444,0
False,7,15,0,True,144.444,12128,0,2412,0.25803299999999996,144.444,0
False,7,15,0,True,144.444,12128,0,2412,0.25804099999999996,144.444,0
False,7,15,0,True,144.444,12128,0,2412,0.258049,144.444,0
False,7,15,0,True,144.444,12128,0,2412,0.258058,144.444,0
False,7,15,0,True,144.444,12128,0,2412,0.259687,144.444,0
False,7,15,0,True,144.444,12128,-41,2412,0.25970799999999994,144.444,0
False,7,15,0,True,144.444,12128,-37,2412,0.260973,144.444,0
False,7,15,0,True,144.444,12128,0,2412,0.260989,144.444,0
False,7,15,0,True,144.444,12128,0,2412,0.26100100000000004,144.444,0
False,7,15,0,True,144.444,12128,-40,2412,0.26101299999999994,144.444,0
False,7,15,0,True,144.444,12128,0,2412,0.26102400000000003,144.444,0
False,7,15,0,True,144.444,12128,0,2412,0.261034,144.444,0
False,7,15,0,True,144.444,12128,-36,2412,0.261046,144.444,0
False,7,15,0,True,144.444,12128,0,2412,0.261058,144.444,0
False,7,15,0,True,144.444,12128,0,2412,0.26107,144.444,0
False,7,15,0,True,144.444,12128,0,2412,0.26107899999999995,144.444,0
False,7,15,0,True,144.444,12128,0,2412,0.26108999999999993,144.444,0
False,7,15,0,True,144.444,12128,0,2412,0.2611,144.444,0
False,7,15,0,True,144.444,12128,-34,2412,0.261111,144.444,0
False,7,15,0,True,144.444,12128,0,2412,0.26112499999999994,144.444,0
False,7,15,0,True,144.444,12128,-36,2412,0.261147,144.444,0
False,7,15,0,True,144.444,12128,0,2412,0.261158,144.444,0
False,7,15,0,True,144.444,12128,0,2412,0.262027,144.444,0
False,7,15,0,True,144.444,12128,-41,2412,0.26204399999999994,144.444,0
False,7,15,0,True,144.444,12128,0,2412,0.26413299999999995,144.444,0
False,7,15,0,True,144.444,12128,0,2412,0.264151,144.444,0
False,7,15,0,True,144.444,12128,0,2412,0.26416399999999995,144.444,0
False,7,15,0,True,144.444,12128,-37,2412,0.26531499999999997,144.444,0
False,7,15,0,True,144.444,12128,0,2412,0.265332,144.444,0
False,7,15,0,True,144.444,12128,0,2412,0.26534499999999994,144.444,0
False,7,15,0,True,144.444,12128,-41,2412,0.265363,144.444,0
False,7,15,0,True,144.444,12128,0,2412,0.265375,144.444,0
False,7,15,0,True,144.444,12128,-41,2412,0.265386,144.444,0
False,7,15,0,True,144.444,12128,-41,2412,0.265397,144.444,0
False,7,15,0,True,144.444,12128,0,2412,0.265408,144.444,0
False,7,15,0,True,144.444,12128,-40,2412,0.26541799999999993,144.444,0
False,7,15,0,True,144.444,12128,0,2412,0.265429,144.444,0
False,7,15,0,True,144.444,12128,0,2412,0.26544,144.444,0
False,7,15,0,True,144.444,12128,0,2412,0.265451,144.444,0
False,7,15,0,True,144.444,12128,0,2412,0.265462,144.444,0
False,7,15,0,True,144.444,12128,-41,2412,0.26661099999999993,144.444,0
False,7,15,0,True,144.444,12128,-41,2412,0.26662699999999995,144.444,0
False,7,15,0,True,144.444,12128,-37,2412,0.266675,144.444,0
False,7,15,0,True,144.444,12128,-41,2412,0.26668800000000004,144.444,0
False,7,15,0,True,144.444,12128,-41,2412,0.26670099999999997,144.444,0
False,7,15,0,True,144.444,12128,-36,2412,0.266713,144.444,0
False,7,15,0,True,144.444,12128,0,2412,0.267139,144.444,0
False,7,15,0,True,144.444,12128,0,2412,0.26715199999999995,144.444,0
False,7,15,0,True,144.444,12128,0,2412,0.26716399999999996,144.444,0
False,7,15,0,True,144.444,12128,0,2412,0.26717599999999997,144.444,0
False,7,15,0,True,144.444,12128,-40,2412,0.267188,144.444,0
False,7,15,0,True,144.444,12128,0,2412,0.2672,144.444,0
False,7,15,0,True,144.444,12128,-36,2412,0.267219,144.444,0
False,7,15,0,True,144.444,12128,-37,2412,0.267232,144.444,0
False,7,15,0,True,144.444,12128,0,2412,0.26724400000000004,144.444,0
False,7,15,0,True,144.444,12128,-44,2412,0.267255,144.444,0
False,7,15,0,True,144.444,12128,-39,2412,0.26726700000000003,144.444,0
False,7,15,0,True,144.444,12128,-37,2412,0.26970399999999994,144.444,0
False,7,15,0,True,144.444,12128,0,2412,0.269725,144.444,0
False,7,15,0,True,144.444,12128,-41,2412,0.269737,144.444,0
False,7,15,0,True,144.444,12128,-36,2412,0.26982799999999996,144.444,0
False,7,15,0,True,144.444,12128,0,2412,0.26983999999999997,144.444,0
False,7,15,0,True,144.444,12128,0,2412,0.269852,144.444,0
False,7,15,0,True,144.444,12128,0,2412,0.269864,144.444,0
False,7,15,0,True,144.444,12128,-34,2412,0.269876,144.444,0
False,7,15,0,True,144.444,12128,0,2412,0.26988899999999993,144.444,0
False,7,15,0,True,144.444,12128,-36,2412,0.26990099999999995,144.444,0
False,7,15,0,True,144.444,12128,0,2412,0.26991199999999993,144.444,0
False,7,15,0,True,144.444,12128,0,2412,0.26992499999999997,144.444,0
False,7,15,0,True,144.444,12128,0,2412,0.269937,144.444,0
False,7,15,0,True,144.444,12128,-36,2412,0.26994799999999997,144.444,0
False,7,15,0,True,144.444,12128,0,2412,0.26996,144.444,0
False,7,15,0,True,144.444,12128,0,2412,0.26997099999999996,144.444,0
False,7,15,0,True,144.444,12128,0,2412,0.269983,144.444,0
False,7,15,0,True,144.444,12128,0,2412,0.269995,144.444,0
False,7,15,0,True,144.444,12128,-36,2412,0.270007,144.444,0
False,7,15,0,True,144.444,12128,0,2412,0.270019,144.444,0
False,7,15,0,True,144.444,12128,-41,2412,0.27191999999999994,144.444,0
False,7,15,0,True,144.444,12128,-36,2412,0.27193599999999996,144.444,0
False,7,15,0,True,144.444,12128,-41,2412,0.271949,144.444,0
False,7,15,0,True,144.444,12128,0,2412,0.27199799999999996,144.444,0
False,7,15,0,True,144.444,12128,0,2412,0.272011,144.444,0
False,7,15,0,True,144.444,12128,0,2412,0.27202399999999993,144.444,0
False,7,15,0,True,144.444,12128,-37,2412,0.272042,144.444,0
False,7,15,0,True,144.444,12128,-41,2412,0.272054,144.444,0
False,7,15,0,True,144.444,12128,0,2412,0.27206600000000003,144.444,0
False,7,15,0,True,144.444,12128,-41,2412,0.27207799999999993,144.444,0
False,7,15,0,True,144.444,12128,0,2412,0.272089,144.444,0
False,7,15,0,True,144.444,12128,0,2412,0.27210100000000004,144.444,0
False,7,15,0,True,144.444,12128,-40,2412,0.27211399999999997,144.444,0
False,7,15,0,True,144.444,12128,0,2412,0.272126,144.444,0
False,7,15,0,True,144.444,12128,0,2412,0.272139,144.444,0
False,7,15,0,True,144.444,12128,0,2412,0.27215100000000003,144.444,0
False,7,15,0,True,144.444,12128,0,2412,0.272162,144.444,0
False,7,15,0,True,144.444,12128,-41,2412,0.27217499999999994,144.444,0
False,7,15,0,True,144.444,12128,-41,2412,0.272188,144.444,0
False,7,15,0,True,144.444,12128,0,2412,0.272203,144.444,0
False,7,15,0,True,144.444,12128,-41,2412,0.272215,144.444,0
False,7,15,0,True,144.444,12128,0,2412,0.27231399999999994,144.444,0
False,7,15,0,True,144.444,12128,0,2412,0.272327,144.444,0
False,7,15,0,True,144.444,12128,-36,2412,0.272339,144.444,0
False,7,15,0,True,144.444,12128,-40,2412,0.27235,144.444,0
False,7,15,0,True,144.444,12128,0,2412,0.272362,144.444,0
False,7,15,0,True,144.444,12128,0,2412,0.27312800000000004,144.444,0
False,7,15,0,True,144.444,12128,-39,2412,0.27314499999999997,144.444,0
False,7,15,0,True,144.444,12128,-44,2412,0.27315899999999993,144.444,0
False,7,15,0,True,144.444,12128,0,2412,0.27317400000000003,144.444,0
False,7,15,0,True,144.444,12128,-37,2412,0.273189,144.444,0
False,7,15,0,True,144.444,12128,-37,2412,0.27320199999999994,144.444,0
False,7,15,0,True,144.444,12128,-36,2412,0.27321399999999996,144.444,0
False,7,15,0,True,144.444,12128,0,2412,0.273227,144.444,0
False,7,15,0,True,144.444,12128,-37,2412,0.27324000000000004,144.444,0
False,7,15,0,True,144.444,12128,0,2412,0.274668,144.444,0
False,7,15,0,True,144.444,12128,0,2412,0.27468499999999996,144.444,0
False,7,15,0,True,144.444,12128,0,2412,0.27469999999999994,144.444,0
False,7,15,0,True,144.444,12128,0,2412,0.274714,144.444,0
False,7,15,0,True,144.444,12128,-40,2412,0.27472699999999994,144.444,0
False,7,15,0,True,144.444,12128,-41,2412,0.274741,144.444,0
False,7,15,0,True,144.444,12128,-36,2412,0.27479,144.444,0
False,7,15,0,True,144.444,12128,-36,2412,0.274803,144.444,0
False,7,15,0,True,144.444,12128,0,2412,0.27481500000000003,144.444,0
False,7,15,0,True,144.444,12128,0,2412,0.27482799999999996,144.444,0
False,7,15,0,True,144.444,12128,0,2412,0.27484,144.444,0
False,7,15,0,True,144.444,12128,0,2412,0.274852,144.444,0
False,7,15,0,True,144.444,12128,0,2412,0.274865,144.444,0
False,7,15,0,True,144.444,12128,0,2412,0.27487799999999996,144.444,0
False,7,15,0,True,144.444,12128,-36,2412,0.27489600000000003,144.444,0
False,7,15,0,True,144.444,12128,-34,2412,0.274907,144.444,0
False,7,15,0,True,144.444,12128,0,2412,0.275922,144.444,0
False,7,15,0,True,144.444,12128,-36,2412,0.27593999999999996,144.444,0
False,7,15,0,True,144.444,12128,0,2412,0.275953,144.444,0
False,7,15,0,True,144.444,12128,0,2412,0.27596699999999996,144.444,0
False,7,15,0,True,144.444,12128,-36,2412,0.27598100000000003,144.444,0
False,7,15,0,True,144.444,12128,-41,2412,0.27783899999999995,144.444,0
False,7,15,0,True,144.444,12128,0,2412,0.277856,144.444,0
False,7,15,0,True,144.444,12128,-41,2412,0.27786999999999995,144.444,0
False,7,15,0,True,144.444,12128,-41,2412,0.277995,144.444,0
False,7,15,0,True,144.444,12128,0,2412,0.278007,144.444,0
False,7,15,0,True,144.444,12128,-40,2412,0.27801999999999993,144.444,0
False,7,15,0,True,144.444,12128,0,2412,0.27803199999999995,144.444,0
False,7,15,0,True,144.444,12128,0,2412,0.27804299999999993,144.444,0
False,7,15,0,True,144.444,12128,0,2412,0.27805499999999994,144.444,0
False,7,15,0,True,144.444,12128,-37,2412,0.278068,144.444,0
False,7,15,0,True,144.444,12128,-36,2412,0.27808,144.444,0
False,7,15,0,True,144.444,12128,-37,2412,0.278092,144.444,0
False,7,15,0,True,144.444,12128,0,2412,0.278103,144.444,0
False,7,15,0,True,144.444,12128,-41,2412,0.278115,144.444,0
False,7,15,0,True,144.444,12128,-36,2412,0.27812799999999993,144.444,0
False,7,15,0,True,144.444,12128,0,2412,0.27813999999999994,144.444,0
False,7,15,0,True,144.444,12128,-36,2412,0.278154,144.444,0
False,7,15,0,True,144.444,12128,0,2412,0.278166,144.444,0
False,7,15,0,True,144.444,12128,-41,2412,0.27817800000000004,144.444,0
False,7,15,0,True,144.444,12128,0,2412,0.27818999999999994,144.444,0
False,7,15,0,True,144.444,12128,0,2412,0.278203,144.444,0
False,7,15,0,True,144.444,12128,-41,2412,0.278215,144.444,0
False,7,15,0,True,144.444,12128,-41,2412,0.278227,144.444,0
False,7,15,0,True,144.444,12128,-39,2412,0.27828200000000003,144.444,0
False,7,15,0,True,144.444,12128,0,2412,0.279007,144.444,0
False,7,15,0,True,144.444,12128,0,2412,0.279023,144.444,0
False,7,15,0,True,144.444,12128,-36,2412,0.27903599999999995,144.444,0
False,7,15,0,True,144.444,12128,-37,2412,0.27905099999999994,144.444,0
False,7,15,0,True,144.444,12128,-37,2412,0.27906600000000004,144.444,0
False,7,15,0,True,144.444,12128,0,2412,0.27907899999999997,144.444,0
False,7,15,0,True,144.444,12128,0,2412,0.27909300000000004,144.444,0
False,7,15,0,True,144.444,12128,0,2412,0.279107,144.444,0
False,7,15,0,True,144.444,12128,0,2412,0.27913599999999994,144.444,0
False,7,15,0,True,144.444,12128,0,2412,0.27915,144.444,0
False,7,15,0,True,144.444,12128,-37,2412,0.28024499999999997,144.444,0
False,7,15,0,True,144.444,12128,0,2412,0.28026699999999993,144.444,0
False,7,15,0,True,144.444,12128,0,2412,0.28028299999999995,144.444,0
False,7,15,0,True,144.444,12128,0,2412,0.280296,144.444,0
False,7,15,0,True,144.444,12128,0,2412,0.28223999999999994,144.444,0
False,7,15,0,True,144.444,12128,-40,2412,0.282257,144.444,0
False,7,15,0,True,144.444,12128,-41,2412,0.28227,144.444,0
False,7,15,0,True,144.444,12128,-36,2412,0.28232599999999997,144.444,0
False,7,15,0,True,144.444,12128,0,2412,0.282338,144.444,0
False,7,15,0,True,144.444,12128,0,2412,0.282351,144.444,0
False,7,15,0,True,144.444,12128,-34,2412,0.28236399999999995,144.444,0
False,7,15,0,True,144.444,12128,-36,2412,0.28237599999999996,144.444,0
False,7,15,0,True,144.444,12128,0,2412,0.28239000000000003,144.444,0
False,7,15,0,True,144.444,12128,0,2412,0.282405,144.444,0
False,7,15,0,True,144.444,12128,-36,2412,0.282416,144.444,0
False,7,15,0,True,144.444,12128,0,2412,0.282428,144.444,0
False,7,15,0,True,144.444,12128,0,2412,0.282439,144.444,0
False,7,15,0,True,144.444,12128,-41,2412,0.282451,144.444,0
False,7,15,0,True,144.444,12128,0,2412,0.282462,144.444,0
False,7,15,0,True,144.444,12128,-36,2412,0.282474,144.444,0
False,7,15,0,True,144.444,12128,0,2412,0.282485,144.444,0
False,7,15,0,True,144.444,12128,0,2412,0.282497,144.444,0
False,7,15,0,True,144.444,12128,-41,2412,0.282509,144.444,0
False,7,15,0,True,144.444,12128,-41,2412,0.28254199999999996,144.444,0
False,7,15,0,True,144.444,12128,0,2412,0.28255299999999994,144.444,0
False,7,15,0,True,144.444,12128,0,2412,0.28256400000000004,144.444,0
False,7,15,0,True,144.444,12128,0,2412,0.28257599999999994,144.444,0
False,7,15,0,True,144.444,12128,0,2412,0.282605,144.444,0
False,7,15,0,True,144.444,12128,-41,2412,0.28261800000000004,144.444,0
False,7,15,0,True,144.444,12128,0,2412,0.282633,144.444,0
False,7,15,0,True,144.444,12128,0,2412,0.28264500000000004,144.444,0
False,7,15,0,True,144.444,12128,0,2412,0.282656,144.444,0
False,7,15,0,True,144.444,12128,-37,2412,0.28349099999999994,144.444,0
False,7,15,0,True,144.444,12128,0,2412,0.283509,144.444,0
False,7,15,0,True,144.444,12128,-40,2412,0.283521,144.444,0
False,7,15,0,True,144.444,12128,0,2412,0.28353300000000004,144.444,0
False,7,15,0,True,144.444,12128,-37,2412,0.28354499999999994,144.444,0
False,7,15,0,True,144.444,12128,-36,2412,0.28355699999999995,144.444,0
False,7,15,0,True,144.444,12128,0,2412,0.284636,144.444,0
False,7,15,0,True,144.444,12128,-36,2412,0.284655,144.444,0
False,7,15,0,True,144.444,12128,-41,2412,0.284667,144.444,0
False,7,15,0,True,144.444,12128,-44,2412,0.28476099999999993,144.444,0
False,7,15,0,True,144.444,12128,-36,2412,0.28477399999999997,144.444,0
False,7,15,0,True,144.444,12128,0,2412,0.284786,144.444,0
False,7,15,0,True,144.444,12128,0,2412,0.284798,144.444,0
False,7,15,0,True,144.444,12128,-39,2412,0.284809,144.444,0
False,7,15,0,True,144.444,12128,-37,2412,0.284821,144.444,0
False,7,15,0,True,144.444,12128,-36,2412,0.284833,144.444,0
False,7,15,0,True,144.444,12128,0,2412,0.284845,144.444,0
False,7,15,0,True,144.444,12128,-41,2412,0.286068,144.444,0
False,7,15,0,True,144.444,12128,0,2412,0.28608100000000003,144.444,0
False,7,15,0,True,144.444,12128,0,2412,0.28608999999999996,144.444,0
False,7,15,0,True,144.444,12128,0,2412,0.286099,144.444,0
False,7,15,0,True,144.444,12128,0,2412,0.28610800000000003,144.444,0
False,7,15,0,True,144.444,12128,0,2412,0.286118,144.444,0
False,7,15,0,True,144.444,12128,-37,2412,0.286126,144.444,0
False,7,15,0,True,144.444,12128,0,2412,0.28613900000000003,144.444,0
False,7,15,0,True,144.444,12128,0,2412,0.286149,144.444,0
False,7,15,0,True,144.444,12128,0,2412,0.286158,144.444,0
False,7,15,0,True,144.444,12128,-37,2412,0.286168,144.444,0
False,7,15,0,True,144.444,12128,-41,2412,0.286177,144.444,0
False,7,15,0,True,144.444,12128,-36,2412,0.28619700000000003,144.444,0
False,7,15,0,True,144.444,12128,0,2412,0.286211,144.444,0
False,7,15,0,True,144.444,12128,0,2412,0.28622000000000003,144.444,0
False,7,15,0,True,144.444,12128,-36,2412,0.28751399999999994,144.444,0
False,7,15,0,True,144.444,12128,0,2412,0.28752599999999995,144.444,0
False,7,15,0,True,144.444,12128,0,2412,0.287535,144.444,0
False,7,15,0,True,144.444,12128,0,2412,0.28754499999999994,144.444,0
False,7,15,0,True,144.444,12128,-36,2412,0.287555,144.444,0
False,7,15,0,True,144.444,12128,-36,2412,0.28756399999999993,144.444,0
False,7,15,0,True,144.444,12128,0,2412,0.287574,144.444,0
False,7,15,0,True,144.444,12128,-34,2412,0.28758700000000004,144.444,0
False,7,15,0,True,144.444,12128,0,2412,0.28759599999999996,144.444,0
False,7,15,0,True,144.444,12128,0,2412,0.28760600000000003,144.444,0
False,7,15,0,True,144.444,12128,-41,2412,0.28761499999999995,144.444,0
False,7,15,0,True,144.444,12128,0,2412,0.287624,144.444,0
False,7,15,0,True,144.444,12128,-36,2412,0.29013199999999995,144.444,0
False,7,15,0,True,144.444,12128,0,2412,0.290146,144.444,0
False,7,15,0,True,144.444,12128,-41,2412,0.29015499999999994,144.444,0
False,7,15,0,True,144.444,12128,0,2412,0.29017899999999996,144.444,0
False,7,15,0,True,144.444,12128,0,2412,0.290185,144.444,0
False,7,15,0,True,144.444,12128,0,2412,0.290191,144.444,0
False,7,15,0,True,144.444,12128,-41,2412,0.29020099999999993,144.444,0
False,7,15,0,True,144.444,12128,0,2412,0.290207,144.444,0
False,7,15,0,True,144.444,12128,0,2412,0.29021299999999994,144.444,0
False,7,15,0,True,144.444,12128,0,2412,0.290219,144.444,0
False,7,15,0,True,144.444,12128,0,2412,0.29022499999999996,144.444,0
False,7,15,0,True,144.444,12128,0,2412,0.290231,144.444,0
False,7,15,0,True,144.444,12128,-41,2412,0.290238,144.444,0
False,7,15,0,True,144.444,12128,0,2412,0.29024399999999995,144.444,0
False,7,15,0,True,144.444,12128,-40,2412,0.29025,144.444,0
False,7,15,0,True,144.444,12128,0,2412,0.290257,144.444,0
False,7,15,0,True,144.444,12128,-37,2412,0.29026399999999997,144.444,0
False,7,15,0,True,144.444,12128,0,2412,0.29027099999999995,144.444,0
False,7,15,0,True,144.444,12128,0,2412,0.290459,144.444,0
False,7,15,0,True,144.444,12128,-36,2412,0.290466,144.444,0
False,7,15,0,True,144.444,12128,-41,2412,0.290473,144.444,0
False,7,15,0,True,144.444,12128,0,2412,0.29179,144.444,0
False,7,15,0,True,144.444,12128,0,2412,0.29179599999999994,144.444,0
False,7,15,0,True,144.444,12128,-36,2412,0.291802,144.444,0
False,7,15,0,True,144.444,12128,-44,2412,0.291814,144.444,0
False,7,15,0,True,144.444,12128,-37,2412,0.29181999999999997,144.444,0
False,7,15,0,True,144.444,12128,-39,2412,0.29182699999999995,144.444,0
False,7,15,0,True,144.444,12128,0,2412,0.291833,144.444,0
False,7,15,0,True,144.444,12128,0,2412,0.29183899999999996,144.444,0
False,7,15,0,True,144.444,12128,0,2412,0.29184599999999994,144.444,0
False,7,15,0,True,144.444,12128,-36,2412,0.29185300000000003,144.444,0
False,7,15,0,True,144.444,12128,0,2412,0.291859,144.444,0
False,7,15,0,True,144.444,12128,0,2412,0.29339499999999996,144.444,0
False,7,15,0,True,144.444,12128,0,2412,0.293405,144.444,0
False,7,15,0,True,144.444,12128,-41,2412,0.293412,144.444,0
False,7,15,0,True,144.444,12128,0,2412,0.29341799999999996,144.444,0
False,7,15,0,True,144.444,12128,-37,2412,0.293424,144.444,0
False,7,15,0,True,144.444,12128,0,2412,0.29342999999999997,144.444,0
False,7,15,0,True,144.444,12128,0,2412,0.29343699999999995,144.444,0
False,7,15,0,True,144.444,12128,-40,2412,0.293443,144.444,0
False,7,15,0,True,144.444,12128,-40,2412,0.29344899999999996,144.444,0
False,7,15,0,True,144.444,12128,-41,2412,0.29642099999999993,144.444,0
False,7,15,0,True,144.444,12128,-40,2412,0.296427,144.444,0
False,7,15,0,True,144.444,12128,-36,2412,0.29643299999999995,144.444,0
False,7,15,0,True,144.444,12128,0,2412,0.296439,144.444,0
False,7,15,0,True,144.444,12128,0,2412,0.296446,144.444,0
False,7,15,0,True,144.444,12128,-37,2412,0.29645299999999997,144.444,0
False,7,15,0,True,144.444,12128,-44,2412,0.29645999999999995,144.444,0
False,7,15,0,True,144.444,12128,-36,2412,0.296466,144.444,0
False,7,15,0,True,144.444,12128,0,2412,0.29806599999999994,144.444,0
False,7,15,0,True,144.444,12128,0,2412,0.298076,144.444,0
False,7,15,0,True,144.444,12128,0,2412,0.298083,144.444,0
False,7,15,0,True,144.444,12128,0,2412,0.29808899999999994,144.444,0
False,7,15,0,True,144.444,12128,-36,2412,0.298096,144.444,0
False,7,15,0,True,144.444,12128,0,2412,0.298103,144.444,0
False,7,15,0,True,144.444,12128,0,2412,0.29810899999999996,144.444,0
False,7,15,0,True,144.444,12128,0,2412,0.298115,144.444,0
False,7,15,0,True,144.444,12128,-37,2412,0.29812099999999997,144.444,0
False,7,15,0,True,144.444,12128,-41,2412,0.29812700000000003,144.444,0
False,7,15,0,True,144.444,12128,0,2412,0.29835,144.444,0
False,7,15,0,True,144.444,12128,-36,2412,0.29835599999999995,144.444,0
False,7,15,0,True,144.444,12128,0,2412,0.298366,144.444,0
False,7,15,0,True,144.444,12128,0,2412,0.29837199999999997,144.444,0
False,7,15,0,True,144.444,12128,0,2412,0.29837800000000003,144.444,0
False,7,15,0,True,144.444,12128,-36,2412,0.298385,144.444,0
False,7,15,0,True,144.444,12128,0,2412,0.29920199999999997,144.444,0
False,7,15,0,True,144.444,12128,-41,2412,0.29921,144.444,0
False,7,15,0,True,144.444,12128,0,2412,0.29921600000000004,144.444,0
False,7,15,0,True,144.444,12128,0,2412,0.299222,144.444,0
False,7,15,0,True,144.444,12128,0,2412,0.29922899999999997,144.444,0
False,7,15,0,True,144.444,12128,-41,2412,0.29923500000000003,144.444,0
False,7,15,0,True,144.444,12128,-40,2412,0.299242,144.444,0
False,7,15,0,True,144.444,12128,0,2412,0.299249,144.444,0
False,7,15,0,True,144.444,12128,-36,2412,0.29925499999999994,144.444,0
False,7,15,0,True,144.444,12128,-40,2412,0.299261,144.444,0
False,7,15,0,True,144.444,12128,0,2412,0.30070699999999995,144.444,0
False,7,15,0,True,144.444,12128,-36,2412,0.30071499999999995,144.444,0
False,7,15,0,True,144.444,12128,-44,2412,0.30072199999999993,144.444,0
False,7,15,0,True,144.444,12128,-40,2412,0.300729,144.444,0
False,7,15,0,True,144.444,12128,0,2412,0.300864,144.444,0
False,7,15,0,True,144.444,12128,0,2412,0.300874,144.444,0
False,7,15,0,True,144.444,12128,0,2412,0.300882,144.444,0
False,7,15,0,True,144.444,12128,0,2412,0.300891,144.444,0
False,7,15,0,True,144.444,12128,0,2412,0.300898,144.444,0
False,7,15,0,True,144.444,12128,0,2412,0.30090399999999995,144.444,0
False,7,15,0,True,144.444,12128,0,2412,0.30121599999999993,144.444,0
False,7,15,0,True,144.444,12128,0,2412,0.30122499999999997,144.444,0
False,7,15,0,True,144.444,12128,0,2412,0.301231,144.444,0
False,7,15,0,True,144.444,12128,-41,2412,0.301238,144.444,0
False,7,15,0,True,144.444,12128,0,2412,0.302462,144.444,0
False,7,15,0,True,144.444,12128,-37,2412,0.30247,144.444,0
False,7,15,0,True,144.444,12128,-36,2412,0.30247599999999997,144.444,0
False,7,15,0,True,144.444,12128,0,2412,0.30248200000000003,144.444,0
False,7,15,0,True,144.444,12128,-34,2412,0.302492,144.444,0
False,7,15,0,True,144.444,12128,0,2412,0.30249799999999993,144.444,0
False,7,15,0,True,144.444,12128,0,2412,0.302504,144.444,0
False,7,15,0,True,144.444,12128,-36,2412,0.30250999999999995,144.444,0
False,7,15,0,True,144.444,12128,0,2412,0.302516,144.444,0
False,7,15,0,True,144.444,12128,-40,2412,0.30252199999999996,144.444,0
False,7,15,0,True,144.444,12128,-36,2412,0.302543,144.444,0
False,7,15,0,True,144.444,12128,0,2412,0.30361799999999994,144.444,0
False,7,15,0,True,144.444,12128,-36,2412,0.303627,144.444,0
False,7,15,0,True,144.444,12128,0,2412,0.30363299999999993,144.444,0
False,7,15,0,True,144.444,12128,0,2412,0.30364,144.444,0
False,7,15,0,True,144.444,12128,0,2412,0.30364599999999997,144.444,0
False,7,15,0,True,144.444,12128,-36,2412,0.30365200000000003,144.444,0
False,7,15,0,True,144.444,12128,0,2412,0.303658,144.444,0
False,7,15,0,True,144.444,12128,0,2412,0.303666,144.444,0
False,7,15,0,True,144.444,12128,0,2412,0.30367299999999997,144.444,0
False,7,15,0,True,144.444,12128,-41,2412,0.303678,144.444,0
False,7,15,0,True,144.444,12128,0,2412,0.303685,144.444,0
False,7,15,0,True,144.444,12128,0,2412,0.30369099999999993,144.444,0
False,7,15,0,True,144.444,12128,0,2412,0.303698,144.444,0
False,7,15,0,True,144.444,12128,0,2412,0.30497399999999997,144.444,0
False,7,15,0,True,144.444,12128,-40,2412,0.304987,144.444,0
False,7,15,0,True,144.444,12128,-41,2412,0.304995,144.444,0
False,7,15,0,True,144.444,12128,-41,2412,0.30500700000000003,144.444,0
False,7,15,0,True,144.444,12128,0,2412,0.30504299999999995,144.444,0
False,7,15,0,True,144.444,12128,-37,2412,0.30505099999999996,144.444,0
False,7,15,0,True,144.444,12128,-44,2412,0.30505899999999997,144.444,0
False,7,15,0,True,144.444,12128,-36,2412,0.30506500000000003,144.444,0
False,7,15,0,True,144.444,12128,0,2412,0.305072,144.444,0
False,7,15,0,True,144.444,12128,-35,2412,0.30508,144.444,0
False,7,15,0,True,144.444,12128,0,2412,0.305088,144.444,0
False,7,15,0,True,144.444,12128,0,2412,0.305099,144.444,0
False,7,15,0,True,144.444,12128,0,2412,0.30511,144.444,0
False,7,15,0,True,144.444,12128,0,2412,0.30511699999999997,144.444,0
False,7,15,0,True,144.444,12128,0,2412,0.30654000000000003,144.444,0
False,7,15,0,True,144.444,12128,0,2412,0.30654899999999996,144.444,0
False,7,15,0,True,144.444,12128,-35,2412,0.30655999999999994,144.444,0
False,7,15,0,True,144.444,12128,0,2412,0.30657,144.444,0
False,7,15,0,True,144.444,12128,-36,2412,0.306578,144.444,0
False,7,15,0,True,144.444,12128,-36,2412,0.306586,144.444,0
False,7,15,0,True,144.444,12128,0,2412,0.30659400000000003,144.444,0
False,7,15,0,True,144.444,12128,-40,2412,0.30660199999999993,144.444,0
False,7,15,0,True,144.444,12128,0,2412,0.30662899999999993,144.444,0
False,7,15,0,True,144.444,12128,0,2412,0.306635,144.444,0
False,7,15,0,True,144.444,12128,0,2412,0.30664199999999997,144.444,0
False,7,15,0,True,144.444,12128,0,2412,0.30664800000000003,144.444,0
False,7,15,0,True,144.444,12128,0,2412,0.306655,144.444,0
False,7,15,0,True,144.444,12128,0,2412,0.30666799999999994,144.444,0
False,7,15,0,True,144.444,12128,0,2412,0.30667500000000003,144.444,0
False,7,15,0,True,144.444,12128,0,2412,0.308032,144.444,0
False,7,15,0,True,144.444,12128,0,2412,0.30804200000000004,144.444,0
False,7,15,0,True,144.444,12128,0,2412,0.30804999999999993,144.444,0
False,7,15,0,True,144.444,12128,0,2412,0.308056,144.444,0
False,7,15,0,True,144.444,12128,-41,2412,0.308063,144.444,0
False,7,15,0,True,144.444,12128,0,2412,0.30806999999999995,144.444,0
False,7,15,0,True,144.444,12128,0,2412,0.30807699999999993,144.444,0
False,7,15,0,True,144.444,12128,-34,2412,0.30808499999999994,144.444,0
False,7,15,0,True,144.444,12128,-36,2412,0.30845199999999995,144.444,0
False,7,15,0,True,144.444,12128,-37,2412,0.30845999999999996,144.444,0
False,7,15,0,True,144.444,12128,-40,2412,0.308466,144.444,0
False,7,15,0,True,144.444,12128,0,2412,0.308504,144.444,0
False,7,15,0,True,144.444,12128,-36,2412,0.308511,144.444,0
False,7,15,0,True,144.444,12128,0,2412,0.308519,144.444,0
False,7,15,0,True,144.444,12128,-36,2412,0.30852599999999997,144.444,0
False,7,15,0,True,144.444,12128,0,2412,0.30853299999999995,144.444,0
False,7,15,0,True,144.444,12128,0,2412,0.30968399999999996,144.444,0
False,7,15,0,True,144.444,12128,0,2412,0.30970600000000004,144.444,0
False,7,15,0,True,144.444,12128,0,2412,0.309721,144.444,0
False,7,15,0,True,144.444,12128,0,2412,0.309735,144.444,0
False,7,15,0,True,144.444,12128,-36,2412,0.309748,144.444,0
False,7,15,0,True,144.444,12128,0,2412,0.30976399999999993,144.444,0
False,7,15,0,True,144.444,12128,-36,2412,0.30977699999999997,144.444,0
False,7,15,0,True,144.444,12128,0,2412,0.30979100000000004,144.444,0
False,7,15,0,True,144.444,12128,-41,2412,0.30980399999999997,144.444,0
False,7,15,0,True,144.444,12128,0,2412,0.309816,144.444,0
False,7,15,0,True,144.444,12128,0,2412,0.309829,144.444,0
False,7,15,0,True,144.444,12128,-40,2412,0.30984199999999995,144.444,0
False,7,15,0,True,144.444,12128,0,2412,0.309856,144.444,0
False,7,15,0,True,144.444,12128,0,2412,0.309878,144.444,0
False,7,15,0,True,144.444,12128,-40,2412,0.309893,144.444,0
False,7,15,0,True,144.444,12128,-36,2412,0.31107799999999997,144.444,0
False,7,15,0,True,144.444,12128,-40,2412,0.311091,144.444,0
False,7,15,0,True,144.444,12128,-36,2412,0.31110399999999994,144.444,0
False,7,15,0,True,144.444,12128,-44,2412,0.311118,144.444,0
False,7,15,0,True,144.444,12128,-37,2412,0.31113199999999996,144.444,0
False,7,15,0,True,144.444,12128,0,2412,0.31114600000000003,144.444,0
False,7,15,0,True,144.444,12128,0,2412,0.31115899999999996,144.444,0
False,7,15,0,True,144.444,12128,0,2412,0.31117399999999995,144.444,0
False,7,15,0,True,144.444,12128,0,2412,0.311188,144.444,0
False,7,15,0,True,144.444,12128,0,2412,0.31120400000000004,144.444,0
False,7,15,0,True,144.444,12128,-35,2412,0.311225,144.444,0
False,7,15,0,True,144.444,12128,0,2412,0.31123899999999993,144.444,0
False,7,15,0,True,144.444,12128,0,2412,0.31238599999999994,144.444,0
False,7,15,0,True,144.444,12128,-35,2412,0.312403,144.444,0
False,7,15,0,True,144.444,12128,0,2412,0.31241699999999994,144.444,0
False,7,15,0,True,144.444,12128,0,2412,0.312431,144.444,0
False,7,15,0,True,144.444,12128,-41,2412,0.312446,144.444,0
False,7,15,0,True,144.444,12128,-40,2412,0.31245999999999996,144.444,0
False,7,15,0,True,144.444,12128,0,2412,0.316076,144.444,0
False,7,15,0,True,144.444,12128,-42,2412,0.31608899999999995,144.444,0
False,7,15,0,True,144.444,12128,-42,2412,0.31610399999999994,144.444,0
False,7,15,0,True,144.444,12128,-41,2412,0.316118,144.444,0
False,7,15,0,True,144.444,12128,0,2412,0.31613199999999997,144.444,0
False,7,15,0,True,144.444,12128,-43,2412,0.31614600000000004,144.444,0
False,7,15,0,True,144.444,12128,-44,2412,0.31615899999999997,144.444,0
False,7,15,0,True,144.444,12128,-44,2412,0.316172,144.444,0
False,7,15,0,True,144.444,12128,-44,2412,0.31618499999999994,144.444,0
False,7,15,0,True,144.444,12128,-36,2412,0.316198,144.444,0
False,7,15,0,True,144.444,12128,0,2412,0.31621,144.444,0
False,7,15,0,True,144.444,12128,-40,2412,0.31622399999999995,144.444,0
False,7,15,0,True,144.444,12128,0,2412,0.31623599999999996,144.444,0
False,7,15,0,True,144.444,12128,-41,2412,0.316249,144.444,0
False,7,15,0,True,144.444,12128,-35,2412,0.31626199999999993,144.444,0
False,7,15,0,True,144.444,12128,0,2412,0.31627399999999994,144.444,0
False,7,15,0,True,144.444,12128,-41,2412,0.31628899999999993,144.444,0
False,7,15,0,True,144.444,12128,-40,2412,0.31630099999999994,144.444,0
False,7,15,0,True,144.444,12128,0,2412,0.31631299999999996,144.444,0
False,7,15,0,True,144.444,12128,-40,2412,0.316326,144.444,0
False,7,15,0,True,144.444,12128,0,2412,0.316551,144.444,0
False,7,15,0,True,144.444,12128,-39,2412,0.31656399999999996,144.444,0
False,7,15,0,True,144.444,12128,-41,2412,0.316577,144.444,0
False,7,15,0,True,144.444,12128,0,2412,0.316589,144.444,0
False,7,15,0,True,144.444,12128,-37,2412,0.31660599999999994,144.444,0
False,7,15,0,True,144.444,12128,-36,2412,0.316619,144.444,0
False,7,15,0,True,144.444,12128,0,2412,0.31663299999999994,144.444,0
False,7,15,0,True,144.444,12128,-35,2412,0.316646,144.444,0
False,7,15,0,True,144.444,12128,0,2412,0.31697699999999995,144.444,0
False,7,15,0,True,144.444,12128,0,2412,0.316995,144.444,0
False,7,15,0,True,144.444,12128,0,2412,0.31700700000000004,144.444,0
False,7,15,0,True,144.444,12128,0,2412,0.31701999999999997,144.444,0
False,7,15,0,True,144.444,12128,-35,2412,0.31853599999999993,144.444,0
False,7,15,0,True,144.444,12128,0,2412,0.318554,144.444,0
False,7,15,0,True,144.444,12128,0,2412,0.31856799999999996,144.444,0
False,7,15,0,True,144.444,12128,0,2412,0.31858299999999995,144.444,0
False,7,15,0,True,144.444,12128,0,2412,0.318596,144.444,0
False,7,15,0,True,144.444,12128,-44,2412,0.31860900000000003,144.444,0
False,7,15,0,True,144.444,12128,-37,2412,0.318623,144.444,0
False,7,15,0,True,144.444,12128,-40,2412,0.31863600000000003,144.444,0
False,7,15,0,True,144.444,12128,0,2412,0.318685,144.444,0
False,7,15,0,True,144.444,12128,-44,2412,0.31869800000000004,144.444,0
False,7,15,0,True,144.444,12128,0,2412,0.31870999999999994,144.444,0
False,7,15,0,True,144.444,12128,0,2412,0.31872199999999995,144.444,0
False,7,15,0,True,144.444,12128,0,2412,0.318736,144.444,0
False,7,15,0,True,144.444,12128,0,2412,0.318991,144.444,0
False,7,15,0,True,144.444,12128,0,2412,0.319005,144.444,0
False,7,15,0,True,144.444,12128,0,2412,0.319018,144.444,0
False,7,15,0,True,144.444,12128,0,2412,0.31903000000000004,144.444,0
False,7,15,0,True,144.444,12128,0,2412,0.31904299999999997,144.444,0
False,7,15,0,True,144.444,12128,0,2412,0.31906,144.444,0
False,7,15,0,True,144.444,12128,0,2412,0.31907399999999997,144.444,0
False,7,15,0,True,144.444,12128,-35,2412,0.319087,144.444,0
False,7,15,0,True,144.444,12128,-36,2412,0.319797,144.444,0
False,7,15,0,True,144.444,12128,-39,2412,0.319813,144.444,0
False,7,15,0,True,144.444,12128,0,2412,0.32192599999999993,144.444,0
False,7,15,0,True,144.444,12128,0,2412,0.32194100000000003,144.444,0
False,7,15,0,True,144.444,12128,-40,2412,0.32195399999999996,144.444,0
False,7,15,0,True,144.444,12128,0,2412,0.32208899999999996,144.444,0
False,7,15,0,True,144.444,12128,0,2412,0.32210099999999997,144.444,0
False,7,15,0,True,144.444,12128,-41,2412,0.322113,144.444,0
False,7,15,0,True,144.444,12128,-41,2412,0.322126,144.444,0
False,7,15,0,True,144.444,12128,-44,2412,0.32214,144.444,0
False,7,15,0,True,144.444,12128,-44,2412,0.322152,144.444,0
False,7,15,0,True,144.444,12128,-43,2412,0.32216599999999995,144.444,0
False,7,15,0,True,144.444,12128,0,2412,0.32217799999999996,144.444,0
False,7,15,0,True,144.444,12128,0,2412,0.32219200000000003,144.444,0
False,7,15,0,True,144.444,12128,0,2412,0.322207,144.444,0
False,7,15,0,True,144.444,12128,0,2412,0.32221900000000003,144.444,0
False,7,15,0,True,144.444,12128,0,2412,0.32223,144.444,0
False,7,15,0,True,144.444,12128,0,2412,0.32224200000000003,144.444,0
False,7,15,0,True,144.444,12128,0,2412,0.32225499999999996,144.444,0
False,7,15,0,True,144.444,12128,-36,2412,0.32226699999999997,144.444,0
False,7,15,0,True,144.444,12128,0,2412,0.322279,144.444,0
False,7,15,0,True,144.444,12128,0,2412,0.322291,144.444,0
False,7,15,0,True,144.444,12128,0,2412,0.32406199999999996,144.444,0
False,7,15,0,True,144.444,12128,-41,2412,0.324079,144.444,0
False,7,15,0,True,144.444,12128,-40,2412,0.32409599999999994,144.444,0
False,7,15,0,True,144.444,12128,-36,2412,0.32414299999999996,144.444,0
False,7,15,0,True,144.444,12128,-37,2412,0.32415399999999994,144.444,0
False,7,15,0,True,144.444,12128,0,2412,0.32416599999999995,144.444,0
False,7,15,0,True,144.444,12128,0,2412,0.32417799999999997,144.444,0
False,7,15,0,True,144.444,12128,0,2412,0.32419,144.444,0
False,7,15,0,True,144.444,12128,0,2412,0.324203,144.444,0
False,7,15,0,True,144.444,12128,0,2412,0.32421599999999995,144.444,0
False,7,15,0,True,144.444,12128,0,2412,0.324229,144.444,0
False,7,15,0,True,144.444,12128,0,2412,0.32424200000000003,144.444,0
False,7,15,0,True,144.444,12128,-35,2412,0.324256,144.444,0
False,7,15,0,True,144.444,12128,0,2412,0.32426900000000003,144.444,0
False,7,15,0,True,144.444,12128,-37,2412,0.32428199999999996,144.444,0
False,7,15,0,True,144.444,12128,-44,2412,0.32429399999999997,144.444,0
False,7,15,0,True,144.444,12128,-36,2412,0.324306,144.444,0
False,7,15,0,True,144.444,12128,-40,2412,0.324319,144.444,0
False,7,15,0,True,144.444,12128,-44,2412,0.32433199999999995,144.444,0
False,7,15,0,True,144.444,12128,0,2412,0.324345,144.444,0
False,7,15,0,True,144.444,12128,-40,2412,0.32435800000000004,144.444,0
False,7,15,0,True,144.444,12128,0,2412,0.32441200000000003,144.444,0
False,7,15,0,True,144.444,12128,0,2412,0.32442399999999993,144.444,0
False,7,15,0,True,144.444,12128,0,2412,0.324437,144.444,0
False,7,15,0,True,144.444,12128,0,2412,0.324449,144.444,0
False,7,15,0,True,144.444,12128,0,2412,0.324461,144.444,0
False,7,15,0,True,144.444,12128,-35,2412,0.32447899999999996,144.444,0
False,7,15,0,True,144.444,12128,0,2412,0.32449300000000003,144.444,0
False,7,15,0,True,144.444,12128,0,2412,0.32544699999999993,144.444,0
False,7,15,0,True,144.444,12128,0,2412,0.32546200000000003,144.444,0
False,7,15,0,True,144.444,12128,0,2412,0.325476,144.444,0
False,7,15,0,True,144.444,12128,-36,2412,0.325488,144.444,0
False,7,15,0,True,144.444,12128,-39,2412,0.3255,144.444,0
False,7,15,0,True,144.444,12128,-36,2412,0.325511,144.444,0
False,7,15,0,True,144.444,12128,0,2412,0.325522,144.444,0
False,7,15,0,True,144.444,12128,0,2412,0.325534,144.444,0
False,7,15,0,True,144.444,12128,-40,2412,0.325546,144.444,0
False,7,15,0,True,144.444,12128,0,2412,0.326225,144.444,0
False,7,15,0,True,144.444,12128,-41,2412,0.326241,144.444,0
False,7,15,0,True,144.444,12128,-40,2412,0.32749799999999996,144.444,0
False,7,15,0,True,144.444,12128,-36,2412,0.32750999999999997,144.444,0
False,7,15,0,True,144.444,12128,0,2412,0.327522,144.444,0
False,7,15,0,True,144.444,12128,-36,2412,0.327534,144.444,0
False,7,15,0,True,144.444,12128,0,2412,0.327546,144.444,0
False,7,15,0,True,144.444,12128,0,2412,0.327557,144.444,0
False,7,15,0,True,144.444,12128,0,2412,0.327569,144.444,0
False,7,15,0,True,144.444,12128,0,2412,0.32758,144.444,0
False,7,15,0,True,144.444,12128,0,2412,0.327592,144.444,0
False,7,15,0,True,144.444,12128,0,2412,0.327604,144.444,0
False,7,15,0,True,144.444,12128,0,2412,0.327616,144.444,0
False,7,15,0,True,144.444,12128,0,2412,0.32763299999999995,144.444,0
False,7,15,0,True,144.444,12128,0,2412,0.327646,144.444,0
False,7,15,0,True,144.444,12128,-35,2412,0.327696,144.444,0
False,7,15,0,True,144.444,12128,0,2412,0.327711,144.444,0
False,7,15,0,True,144.444,12128,0,2412,0.32772599999999996,144.444,0
False,7,15,0,True,144.444,12128,0,2412,0.327739,144.444,0
False,7,15,0,True,144.444,12128,-36,2412,0.32962400000000003,144.444,0
False,7,15,0,True,144.444,12128,0,2412,0.32963999999999993,144.444,0
False,7,15,0,True,144.444,12128,-41,2412,0.329654,144.444,0
False,7,15,0,True,144.444,12128,0,2412,0.32990699999999995,144.444,0
False,7,15,0,True,144.444,12128,-40,2412,0.32991799999999993,144.444,0
False,7,15,0,True,144.444,12128,-40,2412,0.32992900000000003,144.444,0
False,7,15,0,True,144.444,12128,-39,2412,0.32994,144.444,0
False,7,15,0,True,144.444,12128,-42,2412,0.329952,144.444,0
False,7,15,0,True,144.444,12128,-39,2412,0.32996400000000004,144.444,0
False,7,15,0,True,144.444,12128,0,2412,0.329975,144.444,0
False,7,15,0,True,144.444,12128,-39,2412,0.32998700000000003,144.444,0
False,7,15,0,True,144.444,12128,0,2412,0.329998,144.444,0
False,7,15,0,True,144.444,12128,0,2412,0.33001,144.444,0
False,7,15,0,True,144.444,12128,0,2412,0.330028,144.444,0
False,7,15,0,True,144.444,12128,-41,2412,0.33004100000000003,144.444,0
False,7,15,0,True,144.444,12128,0,2412,0.330052,144.444,0
False,7,15,0,True,144.444,12128,0,2412,0.33094099999999993,144.444,0
False,7,15,0,True,144.444,12128,-41,2412,0.33095600000000003,144.444,0
False,7,15,0,True,144.444,12128,-39,2412,0.33096899999999996,144.444,0
False,7,15,0,True,144.444,12128,-36,2412,0.33097999999999994,144.444,0
False,7,15,0,True,144.444,12128,0,2412,0.33196099999999995,144.444,0
False,7,15,0,True,144.444,12128,-35,2412,0.33197599999999994,144.444,0
False,7,15,0,True,144.444,12128,-40,2412,0.33198799999999995,144.444,0
False,7,15,0,True,144.444,12128,-36,2412,0.33226999999999995,144.444,0
False,7,15,0,True,144.444,12128,0,2412,0.33228199999999997,144.444,0
False,7,15,0,True,144.444,12128,-36,2412,0.332295,144.444,0
False,7,15,0,True,144.444,12128,-35,2412,0.332307,144.444,0
False,7,15,0,True,144.444,12128,0,2412,0.332318,144.444,0
False,7,15,0,True,144.444,12128,0,2412,0.33233,144.444,0
False,7,15,0,True,144.444,12128,0,2412,0.332341,144.444,0
False,7,15,0,True,144.444,12128,0,2412,0.33235400000000004,144.444,0
False,7,15,0,True,144.444,12128,0,2412,0.33237399999999995,144.444,0
False,7,15,0,True,144.444,12128,-37,2412,0.332387,144.444,0
False,7,15,0,True,144.444,12128,0,2412,0.332399,144.444,0
False,7,15,0,True,144.444,12128,0,2412,0.332411,144.444,0
False,7,15,0,True,144.444,12128,-36,2412,0.332422,144.444,0
False,7,15,0,True,144.444,12128,-42,2412,0.33348999999999995,144.444,0
False,7,15,0,True,144.444,12128,-41,2412,0.33350499999999994,144.444,0
False,7,15,0,True,144.444,12128,0,2412,0.333519,144.444,0
False,7,15,0,True,144.444,12128,-41,2412,0.33353199999999994,144.444,0
False,7,15,0,True,144.444,12128,0,2412,0.33354300000000003,144.444,0
False,7,15,0,True,144.444,12128,0,2412,0.33355499999999993,144.444,0
False,7,15,0,True,144.444,12128,-41,2412,0.333569,144.444,0
False,7,15,0,True,144.444,12128,0,2412,0.33530799999999994,144.444,0
False,7,15,0,True,144.444,12128,0,2412,0.335321,144.444,0
False,7,15,0,True,144.444,12128,0,2412,0.335333,144.444,0
False,7,15,0,True,144.444,12128,-42,2412,0.33535899999999996,144.444,0
False,7,15,0,True,144.444,12128,-35,2412,0.33536999999999995,144.444,0
False,7,15,0,True,144.444,12128,0,2412,0.335383,144.444,0
False,7,15,0,True,144.444,12128,0,2412,0.33539699999999995,144.444,0
False,7,15,0,True,144.444,12128,-41,2412,0.33541,144.444,0
False,7,15,0,True,144.444,12128,0,2412,0.335423,144.444,0
False,7,15,0,True,144.444,12128,-36,2412,0.33543500000000004,144.444,0
False,7,15,0,True,144.444,12128,0,2412,0.335469,144.444,0
False,7,15,0,True,144.444,12128,0,2412,0.33548199999999995,144.444,0
False,7,15,0,True,144.444,12128,0,2412,0.33549399999999996,144.444,0
False,7,15,0,True,144.444,12128,0,2412,0.33550599999999997,144.444,0
False,7,15,0,True,144.444,12128,0,2412,0.335518,144.444,0
False,7,15,0,True,144.444,12128,0,2412,0.335531,144.444,0
False,7,15,0,True,144.444,12128,0,2412,0.33555199999999996,144.444,0
False,7,15,0,True,144.444,12128,0,2412,0.335564,144.444,0
False,7,15,0,True,144.444,12128,-35,2412,0.335576,144.444,0
False,7,15,0,True,144.444,12128,-39,2412,0.335588,144.444,0
False,7,15,0,True,144.444,12128,-41,2412,0.337229,144.444,0
False,7,15,0,True,144.444,12128,0,2412,0.33724299999999996,144.444,0
False,7,15,0,True,144.444,12128,0,2412,0.33725700000000003,144.444,0
False,7,15,0,True,144.444,12128,0,2412,0.337271,144.444,0
False,7,15,0,True,144.444,12128,0,2412,0.33728400000000003,144.444,0
False,7,15,0,True,144.444,12128,0,2412,0.337299,144.444,0
False,7,15,0,True,144.444,12128,0,2412,0.33731199999999995,144.444,0
False,7,15,0,True,144.444,12128,0,2412,0.337326,144.444,0
False,7,15,0,True,144.444,12128,-44,2412,0.337338,144.444,0
False,7,15,0,True,144.444,12128,0,2412,0.33735099999999996,144.444,0
False,7,15,0,True,144.444,12128,-36,2412,0.33736299999999997,144.444,0
False,7,15,0,True,144.444,12128,-42,2412,0.337376,144.444,0
False,7,15,0,True,144.444,12128,0,2412,0.33738999999999997,144.444,0
False,7,15,0,True,144.444,12128,-41,2412,0.33740799999999993,144.444,0
False,7,15,0,True,144.444,12128,0,2412,0.337422,144.444,0
False,7,15,0,True,144.444,12128,0,2412,0.337433,144.444,0
False,7,15,0,True,144.444,12128,0,2412,0.337445,144.444,0
False,7,15,0,True,144.444,12128,-39,2412,0.33868299999999996,144.444,0
False,7,15,0,True,144.444,12128,0,2412,0.338699,144.444,0
False,7,15,0,True,144.444,12128,-40,2412,0.338712,144.444,0
False,7,15,0,True,144.444,12128,-41,2412,0.33924999999999994,144.444,0
False,7,15,0,True,144.444,12128,0,2412,0.33926199999999995,144.444,0
False,7,15,0,True,144.444,12128,0,2412,0.339279,144.444,0
False,7,15,0,True,144.444,12128,0,2412,0.33929299999999996,144.444,0
False,7,15,0,True,144.444,12128,0,2412,0.33930499999999997,144.444,0
False,7,15,0,True,144.444,12128,0,2412,0.34031,144.444,0
False,7,15,0,True,144.444,12128,0,2412,0.34033,144.444,0
False,7,15,0,True,144.444,12128,0,2412,0.340344,144.444,0
False,7,15,0,True,144.444,12128,0,2412,0.34035799999999994,144.444,0
False,7,15,0,True,144.444,12128,0,2412,0.340372,144.444,0
False,7,15,0,True,144.444,12128,-44,2412,0.34038499999999994,144.444,0
False,7,15,0,True,144.444,12128,0,2412,0.340398,144.444,0
False,7,15,0,True,144.444,12128,0,2412,0.340411,144.444,0
False,7,15,0,True,144.444,12128,-42,2412,0.340425,144.444,0
False,7,15,0,True,144.444,12128,-36,2412,0.34043999999999996,144.444,0
False,7,15,0,True,144.444,12128,0,2412,0.34045499999999995,144.444,0
False,7,15,0,True,144.444,12128,0,2412,0.340468,144.444,0
False,7,15,0,True,144.444,12128,0,2412,0.34311899999999995,144.444,0
False,7,15,0,True,144.444,12128,0,2412,0.34314,144.444,0
False,7,15,0,True,144.444,12128,-40,2412,0.34315399999999996,144.444,0
False,7,15,0,True,144.444,12128,-39,2412,0.34320399999999995,144.444,0
False,7,15,0,True,144.444,12128,-39,2412,0.343217,144.444,0
False,7,15,0,True,144.444,12128,0,2412,0.34323099999999995,144.444,0
False,7,15,0,True,144.444,12128,-42,2412,0.343244,144.444,0
False,7,15,0,True,144.444,12128,-41,2412,0.34325799999999995,144.444,0
False,7,15,0,True,144.444,12128,0,2412,0.34327299999999994,144.444,0
False,7,15,0,True,144.444,12128,0,2412,0.343287,144.444,0
False,7,15,0,True,144.444,12128,0,2412,0.34329999999999994,144.444,0
False,7,15,0,True,144.444,12128,-36,2412,0.343314,144.444,0
False,7,15,0,True,144.444,12128,-37,2412,0.34332799999999997,144.444,0
False,7,15,0,True,144.444,12128,0,2412,0.34334200000000004,144.444,0
False,7,15,0,True,144.444,12128,0,2412,0.34335799999999994,144.444,0
False,7,15,0,True,144.444,12128,0,2412,0.343371,144.444,0
False,7,15,0,True,144.444,12128,0,2412,0.343384,144.444,0
False,7,15,0,True,144.444,12128,0,2412,0.343398,144.444,0
False,7,15,0,True,144.444,12128,-35,2412,0.34341199999999994,144.444,0
False,7,15,0,True,144.444,12128,0,2412,0.343426,144.444,0
False,7,15,0,True,144.444,12128,-40,2412,0.343437,144.444,0
False,7,15,0,True,144.444,12128,0,2412,0.34395999999999993,144.444,0
False,7,15,0,True,144.444,12128,0,2412,0.343973,144.444,0
False,7,15,0,True,144.444,12128,0,2412,0.343986,144.444,0
False,7,15,0,True,144.444,12128,-36,2412,0.34399899999999994,144.444,0
False,7,15,0,True,144.444,12128,-42,2412,0.34401099999999996,144.444,0
False,7,15,0,True,144.444,12128,0,2412,0.344024,144.444,0
False,7,15,0,True,144.444,12128,-41,2412,0.34403799999999995,144.444,0
False,7,15,0,True,144.444,12128,-43,2412,0.34404999999999997,144.444,0
False,7,15,0,True,144.444,12128,0,2412,0.34406400000000004,144.444,0
False,7,15,0,True,144.444,12128,0,2412,0.344082,144.444,0
False,7,15,0,True,144.444,12128,-39,2412,0.34409599999999996,144.444,0
False,7,15,0,True,144.444,12128,-39,2412,0.34411,144.444,0
False,7,15,0,True,144.444,12128,-41,2412,0.34472499999999995,144.444,0
False,7,15,0,True,144.444,12128,-42,2412,0.344742,144.444,0
False,7,15,0,True,144.444,12128,0,2412,0.34475599999999995,144.444,0
False,7,15,0,True,144.444,12128,0,2412,0.344769,144.444,0
False,7,15,0,True,144.444,12128,-36,2412,0.34478299999999995,144.444,0
False,7,15,0,True,144.444,12128,0,2412,0.34479499999999996,144.444,0
False,7,15,0,True,144.444,12128,0,2412,0.344811,144.444,0
False,7,15,0,True,144.444,12128,-40,2412,0.344824,144.444,0
False,7,15,0,True,144.444,12128,0,2412,0.348344,144.444,0
False,7,15,0,True,144.444,12128,-35,2412,0.348357,144.444,0
False,7,15,0,True,144.444,12128,0,2412,0.34836899999999993,144.444,0
False,7,15,0,True,144.444,12128,0,2412,0.34838199999999997,144.444,0
False,7,15,0,True,144.444,12128,0,2412,0.34839600000000004,144.444,0
False,7,15,0,True,144.444,12128,-41,2412,0.34841,144.444,0
False,7,15,0,True,144.444,12128,-35,2412,0.34842399999999996,144.444,0
False,7,15,0,True,144.444,12128,-36,2412,0.34843599999999997,144.444,0
False,7,15,0,True,144.444,12128,-39,2412,0.34845000000000004,144.444,0
False,7,15,0,True,144.444,12128,-44,2412,0.34846199999999994,144.444,0
False,7,15,0,True,144.444,12128,0,2412,0.34847399999999995,144.444,0
False,7,15,0,True,144.444,12128,0,2412,0.34849299999999994,144.444,0
False,7,15,0,True,144.444,12128,-41,2412,0.348506,144.444,0
False,7,15,0,True,144.444,12128,0,2412,0.34851699999999997,144.444,0
False,7,15,0,True,144.444,12128,-41,2412,0.348888,144.444,0
False,7,15,0,True,144.444,12128,-40,2412,0.34890299999999996,144.444,0
False,7,15,0,True,144.444,12128,-36,2412,0.34891700000000003,144.444,0
False,7,15,0,True,144.444,12128,-34,2412,0.34892999999999996,144.444,0
False,7,15,0,True,144.444,12128,0,2412,0.34921899999999995,144.444,0
False,7,15,0,True,144.444,12128,-40,2412,0.349233,144.444,0
False,7,15,0,True,144.444,12128,-43,2412,0.35213300000000003,144.444,0
False,7,15,0,True,144.444,12128,-39,2412,0.35214599999999996,144.444,0
False,7,15,0,True,144.444,12128,-39,2412,0.35216000000000003,144.444,0
False,7,15,0,True,144.444,12128,0,2412,0.35217199999999993,144.444,0
False,7,15,0,True,144.444,12128,0,2412,0.35218499999999997,144.444,0
False,7,15,0,True,144.444,12128,-42,2412,0.352198,144.444,0
False,7,15,0,True,144.444,12128,-41,2412,0.35221,144.444,0
False,7,15,0,True,144.444,12128,-36,2412,0.35222200000000004,144.444,0
False,7,15,0,True,144.444,12128,0,2412,0.352237,144.444,0
False,7,15,0,True,144.444,12128,0,2412,0.352251,144.444,0
False,7,15,0,True,144.444,12128,0,2412,0.352264,144.444,0
False,7,15,0,True,144.444,12128,0,2412,0.35227699999999995,144.444,0
False,7,15,0,True,144.444,12128,0,2412,0.352291,144.444,0
False,7,15,0,True,144.444,12128,-37,2412,0.35230399999999995,144.444,0
False,7,15,0,True,144.444,12128,0,2412,0.35231599999999996,144.444,0
False,7,15,0,True,144.444,12128,0,2412,0.35232699999999995,144.444,0
False,7,15,0,True,144.444,12128,-36,2412,0.352341,144.444,0
False,7,15,0,True,144.444,12128,0,2412,0.352353,144.444,0
False,7,15,0,True,144.444,12128,0,2412,0.35236599999999996,144.444,0
False,7,15,0,True,144.444,12128,-40,2412,0.352379,144.444,0
False,7,15,0,True,144.444,12128,0,2412,0.35243,144.444,0
False,7,15,0,True,144.444,12128,-35,2412,0.35244200000000003,144.444,0
False,7,15,0,True,144.444,12128,0,2412,0.35245499999999996,144.444,0
False,7,15,0,True,144.444,12128,0,2412,0.35247300000000004,144.444,0
False,7,15,0,True,144.444,12128,0,2412,0.35248599999999997,144.444,0
False,7,15,0,True,144.444,12128,-40,2412,0.35250000000000004,144.444,0
False,7,15,0,True,144.444,12128,-41,2412,0.352514,144.444,0
False,7,15,0,True,144.444,12128,-39,2412,0.35252700000000003,144.444,0
False,7,15,0,True,144.444,12128,-36,2412,0.35253999999999996,144.444,0
False,7,15,0,True,144.444,12128,0,2412,0.35255499999999995,144.444,0
False,7,15,0,True,144.444,12128,-39,2412,0.352572,144.444,0
False,7,15,0,True,144.444,12128,0,2412,0.35258599999999996,144.444,0
False,7,15,0,True,144.444,12128,-35,2412,0.353436,144.444,0
False,7,15,0,True,144.444,12128,0,2412,0.35345099999999996,144.444,0
False,7,15,0,True,144.444,12128,0,2412,0.35346500000000003,144.444,0
False,7,15,0,True,144.444,12128,-39,2412,0.35347799999999996,144.444,0
False,7,15,0,True,144.444,12128,-36,2412,0.355835,144.444,0
False,7,15,0,True,144.444,12128,-40,2412,0.35585199999999995,144.444,0
False,7,15,0,True,144.444,12128,-40,2412,0.35594899999999996,144.444,0
False,7,15,0,True,144.444,12128,-41,2412,0.355962,144.444,0
False,7,15,0,True,144.444,12128,-34,2412,0.355974,144.444,0
False,7,15,0,True,144.444,12128,0,2412,0.355985,144.444,0
False,7,15,0,True,144.444,12128,0,2412,0.35599800000000004,144.444,0
False,7,15,0,True,144.444,12128,0,2412,0.356012,144.444,0
False,7,15,0,True,144.444,12128,0,2412,0.35602500000000004,144.444,0
False,7,15,0,True,144.444,12128,0,2412,0.356039,144.444,0
False,7,15,0,True,144.444,12128,0,2412,0.35605299999999995,144.444,0
False,7,15,0,True,144.444,12128,-40,2412,0.35606499999999996,144.444,0
False,7,15,0,True,144.444,12128,0,2412,0.356078,144.444,0
False,7,15,0,True,144.444,12128,-36,2412,0.35609,144.444,0
False,7,15,0,True,144.444,12128,-37,2412,0.35610299999999995,144.444,0
False,7,15,0,True,144.444,12128,-44,2412,0.356116,144.444,0
False,7,15,0,True,144.444,12128,0,2412,0.356128,144.444,0
False,7,15,0,True,144.444,12128,0,2412,0.35614199999999996,144.444,0
False,7,15,0,True,144.444,12128,0,2412,0.35615399999999997,144.444,0
False,7,15,0,True,144.444,12128,-41,2412,0.35616799999999993,144.444,0
False,7,15,0,True,144.444,12128,-39,2412,0.356182,144.444,0
False,7,15,0,True,144.444,12128,-40,2412,0.356194,144.444,0
False,7,15,0,True,144.444,12128,-42,2412,0.35626099999999994,144.444,0
False,7,15,0,True,144.444,12128,0,2412,0.356274,144.444,0
False,7,15,0,True,144.444,12128,0,2412,0.356287,144.444,0
False,7,15,0,True,144.444,12128,0,2412,0.35629900000000003,144.444,0
False,7,15,0,True,144.444,12128,0,2412,0.357201,144.444,0
False,7,15,0,True,144.444,12128,0,2412,0.357217,144.444,0
False,7,15,0,True,144.444,12128,-37,2412,0.35723099999999997,144.444,0
False,7,15,0,True,144.444,12128,0,2412,0.35724599999999995,144.444,0
False,7,15,0,True,144.444,12128,-36,2412,0.357259,144.444,0
False,7,15,0,True,144.444,12128,-36,2412,0.357271,144.444,0
False,7,15,0,True,144.444,12128,0,2412,0.35728399999999993,144.444,0
False,7,15,0,True,144.444,12128,0,2412,0.357298,144.444,0
False,7,15,0,True,144.444,12128,-41,2412,0.35731099999999993,144.444,0
False,7,15,0,True,144.444,12128,-40,2412,0.35732299999999995,144.444,0
False,7,15,0,True,144.444,12128,0,2412,0.357336,144.444,0
False,7,15,0,True,144.444,12128,0,2412,0.35734699999999997,144.444,0
False,7,15,0,True,144.444,12128,-41,2412,0.35736499999999993,144.444,0
False,7,15,0,True,144.444,12128,0,2412,0.35737699999999994,144.444,0
False,7,15,0,True,144.444,12128,0,2412,0.35836899999999994,144.444,0
False,7,15,0,True,144.444,12128,-40,2412,0.358387,144.444,0
False,7,15,0,True,144.444,12128,-35,2412,0.36068100000000003,144.444,0
False,7,15,0,True,144.444,12128,0,2412,0.36069299999999993,144.444,0
False,7,15,0,True,144.444,12128,-35,2412,0.36070599999999997,144.444,0
False,7,15,0,True,144.444,12128,-44,2412,0.360718,144.444,0
False,7,15,0,True,144.444,12128,0,2412,0.36073,144.444,0
False,7,15,0,True,144.444,12128,-35,2412,0.36074399999999995,144.444,0
False,7,15,0,True,144.444,12128,-36,2412,0.36075599999999997,144.444,0
False,7,15,0,True,144.444,12128,0,2412,0.360768,144.444,0
False,7,15,0,True,144.444,12128,0,2412,0.360781,144.444,0
False,7,15,0,True,144.444,12128,-44,2412,0.36079399999999995,144.444,0
False,7,15,0,True,144.444,12128,-36,2412,0.36080599999999996,144.444,0
False,7,15,0,True,144.444,12128,0,2412,0.36081799999999997,144.444,0
False,7,15,0,True,144.444,12128,-41,2412,0.36083,144.444,0
False,7,15,0,True,144.444,12128,-40,2412,0.360843,144.444,0
False,7,15,0,True,144.444,12128,-41,2412,0.36085500000000004,144.444,0
False,7,15,0,True,144.444,12128,-41,2412,0.360866,144.444,0
False,7,15,0,True,144.444,12128,-39,2412,0.36087800000000003,144.444,0
False,7,15,0,True,144.444,12128,0,2412,0.36089399999999994,144.444,0
False,7,15,0,True,144.444,12128,0,2412,0.36090599999999995,144.444,0
False,7,15,0,True,144.444,12128,-41,2412,0.36091799999999996,144.444,0
False,7,15,0,True,144.444,12128,0,2412,0.360962,144.444,0
False,7,15,0,True,144.444,12128,-44,2412,0.360974,144.444,0
False,7,15,0,True,144.444,12128,-37,2412,0.360985,144.444,0
False,7,15,0,True,144.444,12128,-40,2412,0.360996,144.444,0
False,7,15,0,True,144.444,12128,0,2412,0.361008,144.444,0
False,7,15,0,True,144.444,12128,-41,2412,0.36102,144.444,0
False,7,15,0,True,144.444,12128,0,2412,0.36104099999999995,144.444,0
False,7,15,0,True,144.444,12128,0,2412,0.361054,144.444,0
False,7,15,0,True,144.444,12128,0,2412,0.361067,144.444,0
False,7,15,0,True,144.444,12128,-42,2412,0.36107999999999996,144.444,0
False,7,15,0,True,144.444,12128,0,2412,0.36109199999999997,144.444,0
False,7,15,0,True,144.444,12128,-39,2412,0.361657,144.444,0
False,7,15,0,True,144.444,12128,0,2412,0.361676,144.444,0
False,7,15,0,True,144.444,12128,-43,2412,0.36168900000000004,144.444,0
False,7,15,0,True,144.444,12128,-39,2412,0.36170099999999994,144.444,0
False,7,15,0,True,144.444,12128,0,2412,0.363494,144.444,0
False,7,15,0,True,144.444,12128,0,2412,0.363513,144.444,0
False,7,15,0,True,144.444,12128,-40,2412,0.363526,144.444,0
False,7,15,0,True,144.444,12128,-41,2412,0.363745,144.444,0
False,7,15,0,True,144.444,12128,0,2412,0.36375899999999994,144.444,0
False,7,15,0,True,144.444,12128,0,2412,0.36377099999999996,144.444,0
False,7,15,0,True,144.444,12128,0,2412,0.363784,144.444,0
False,7,15,0,True,144.444,12128,0,2412,0.36379700000000004,144.444,0
False,7,15,0,True,144.444,12128,0,2412,0.36380999999999997,144.444,0
False,7,15,0,True,144.444,12128,-39,2412,0.363823,144.444,0
False,7,15,0,True,144.444,12128,0,2412,0.363835,144.444,0
False,7,15,0,True,144.444,12128,-39,2412,0.36384799999999995,144.444,0
False,7,15,0,True,144.444,12128,0,2412,0.363861,144.444,0
False,7,15,0,True,144.444,12128,0,2412,0.36387400000000003,144.444,0
False,7,15,0,True,144.444,12128,-35,2412,0.363889,144.444,0
False,7,15,0,True,144.444,12128,0,2412,0.36390100000000003,144.444,0
False,7,15,0,True,144.444,12128,-35,2412,0.363939,144.444,0
False,7,15,0,True,144.444,12128,0,2412,0.36395199999999994,144.444,0
False,7,15,0,True,144.444,12128,-44,2412,0.364687,144.444,0
False,7,15,0,True,144.444,12128,-35,2412,0.364703,144.444,0
False,7,15,0,True,144.444,12128,-44,2412,0.36471599999999993,144.444,0
False,7,15,0,True,144.444,12128,0,2412,0.36472799999999994,144.444,0
False,7,15,0,True,144.444,12128,-40,2412,0.36473999999999995,144.444,0
False,7,15,0,True,144.444,12128,-40,2412,0.36714800000000003,144.444,0
False,7,15,0,True,144.444,12128,-37,2412,0.36716099999999996,144.444,0
False,7,15,0,True,144.444,12128,-41,2412,0.36717299999999997,144.444,0
False,7,15,0,True,144.444,12128,0,2412,0.367186,144.444,0
False,7,15,0,True,144.444,12128,-44,2412,0.36719899999999994,144.444,0
False,7,15,0,True,144.444,12128,0,2412,0.367212,144.444,0
False,7,15,0,True,144.444,12128,0,2412,0.36722599999999994,144.444,0
False,7,15,0,True,144.444,12128,0,2412,0.36724,144.444,0
False,7,15,0,True,144.444,12128,-42,2412,0.36725399999999997,144.444,0
False,7,15,0,True,144.444,12128,0,2412,0.36726800000000004,144.444,0
False,7,15,0,True,144.444,12128,0,2412,0.36728099999999997,144.444,0
False,7,15,0,True,144.444,12128,-39,2412,0.367293,144.444,0
False,7,15,0,True,144.444,12128,-43,2412,0.367306,144.444,0
False,7,15,0,True,144.444,12128,0,2412,0.36732,144.444,0
False,7,15,0,True,144.444,12128,-39,2412,0.367332,144.444,0
False,7,15,0,True,144.444,12128,0,2412,0.36734500000000003,144.444,0
False,7,15,0,True,144.444,12128,-40,2412,0.367356,144.444,0
False,7,15,0,True,144.444,12128,-37,2412,0.36888199999999993,144.444,0
False,7,15,0,True,144.444,12128,0,2412,0.368904,144.444,0
False,7,15,0,True,144.444,12128,-40,2412,0.36891799999999997,144.444,0
False,7,15,0,True,144.444,12128,-36,2412,0.36897,144.444,0
False,7,15,0,True,144.444,12128,-36,2412,0.36898200000000003,144.444,0
False,7,15,0,True,144.444,12128,0,2412,0.368996,144.444,0
False,7,15,0,True,144.444,12128,0,2412,0.36900999999999995,144.444,0
False,7,15,0,True,144.444,12128,0,2412,0.369024,144.444,0
False,7,15,0,True,144.444,12128,0,2412,0.369038,144.444,0
False,7,15,0,True,144.444,12128,0,2412,0.36905199999999994,144.444,0
False,7,15,0,True,144.444,12128,0,2412,0.36906399999999995,144.444,0
False,7,15,0,True,144.444,12128,-41,2412,0.36907599999999996,144.444,0
False,7,15,0,True,144.444,12128,-40,2412,0.36971599999999993,144.444,0
False,7,15,0,True,144.444,12128,0,2412,0.36973100000000003,144.444,0
False,7,15,0,True,144.444,12128,0,2412,0.369745,144.444,0
False,7,15,0,True,144.444,12128,0,2412,0.36975800000000003,144.444,0
False,7,15,0,True,144.444,12128,0,2412,0.36977099999999996,144.444,0
False,7,15,0,True,144.444,12128,0,2412,0.36978500000000003,144.444,0
False,7,15,0,True,144.444,12128,-41,2412,0.369799,144.444,0
False,7,15,0,True,144.444,12128,-41,2412,0.369811,144.444,0
False,7,15,0,True,144.444,12128,-41,2412,0.36982399999999993,144.444,0
False,7,15,0,True,144.444,12128,0,2412,0.371163,144.444,0
False,7,15,0,True,144.444,12128,0,2412,0.371177,144.444,0
False,7,15,0,True,144.444,12128,-36,2412,0.37119099999999994,144.444,0
False,7,15,0,True,144.444,12128,-44,2412,0.371204,144.444,0
False,7,15,0,True,144.444,12128,-40,2412,0.37121899999999997,144.444,0
False,7,15,0,True,144.444,12128,0,2412,0.37123300000000004,144.444,0
False,7,15,0,True,144.444,12128,-39,2412,0.37124499999999994,144.444,0
False,7,15,0,True,144.444,12128,0,2412,0.371259,144.444,0
False,7,15,0,True,144.444,12128,-41,2412,0.37127299999999996,144.444,0
False,7,15,0,True,144.444,12128,-37,2412,0.37128799999999995,144.444,0
False,7,15,0,True,144.444,12128,-44,2412,0.37130399999999997,144.444,0
False,7,15,0,True,144.444,12128,0,2412,0.37131800000000004,144.444,0
False,7,15,0,True,144.444,12128,-42,2412,0.371332,144.444,0
False,7,15,0,True,144.444,12128,-41,2412,0.37134599999999995,144.444,0
False,7,15,0,True,144.444,12128,0,2412,0.375803,144.444,0
False,7,15,0,True,144.444,12128,0,2412,0.375814,144.444,0
False,7,15,0,True,144.444,12128,0,2412,0.375827,144.444,0
False,7,15,0,True,144.444,12128,0,2412,0.37583999999999995,144.444,0
False,7,15,0,True,144.444,12128,0,2412,0.37585199999999996,144.444,0
False,7,15,0,True,144.444,12128,-40,2412,0.375865,144.444,0
False,7,15,0,True,144.444,12128,-41,2412,0.375877,144.444,0
False,7,15,0,True,144.444,12128,-41,2412,0.37588999999999995,144.444,0
False,7,15,0,True,144.444,12128,0,2412,0.375912,144.444,0
False,7,15,0,True,144.444,12128,0,2412,0.375926,144.444,0
False,7,15,0,True,144.444,12128,0,2412,0.375938,144.444,0
False,7,15,0,True,144.444,12128,-40,2412,0.37595,144.444,0
False,7,15,0,True,144.444,12128,-39,2412,0.375962,144.444,0
False,7,15,0,True,144.444,12128,0,2412,0.37597400000000003,144.444,0
False,7,15,0,True,144.444,12128,-41,2412,0.37598599999999993,144.444,0
False,7,15,0,True,144.444,12128,-41,2412,0.37599799999999994,144.444,0
False,7,15,0,True,144.444,12128,-41,2412,0.378304,144.444,0
False,7,15,0,True,144.444,12128,-36,2412,0.37832199999999994,144.444,0
False,7,15,0,True,144.444,12128,0,2412,0.378335,144.444,0
False,7,15,0,True,144.444,12128,-41,2412,0.37834899999999994,144.444,0
False,7,15,0,True,144.444,12128,-36,2412,0.378401,144.444,0
False,7,15,0,True,144.444,12128,-40,2412,0.37841400000000003,144.444,0
False,7,15,0,True,144.444,12128,0,2412,0.378428,144.444,0
False,7,15,0,True,144.444,12128,0,2412,0.378443,144.444,0
False,7,15,0,True,144.444,12128,0,2412,0.378455,144.444,0
False,7,15,0,True,144.444,12128,0,2412,0.378467,144.444,0
False,7,15,0,True,144.444,12128,0,2412,0.378479,144.444,0
False,7,15,0,True,144.444,12128,0,2412,0.37849299999999997,144.444,0
False,7,15,0,True,144.444,12128,0,2412,0.37850700000000004,144.444,0
False,7,15,0,True,144.444,12128,-36,2412,0.378521,144.444,0
False,7,15,0,True,144.444,12128,0,2412,0.37853499999999995,144.444,0
False,7,15,0,True,144.444,12128,0,2412,0.378548,144.444,0
False,7,15,0,True,144.444,12128,0,2412,0.37856199999999995,144.444,0
False,7,15,0,True,144.444,12128,-40,2412,0.37857699999999994,144.444,0
False,7,15,0,True,144.444,12128,-44,2412,0.37858899999999995,144.444,0
False,7,15,0,True,144.444,12128,-36,2412,0.37860099999999997,144.444,0
False,7,15,0,True,144.444,12128,-37,2412,0.37861599999999995,144.444,0
False,7,15,0,True,144.444,12128,-41,2412,0.37863199999999997,144.444,0
False,7,15,0,True,144.444,12128,-36,2412,0.379074,144.444,0
False,7,15,0,True,144.444,12128,0,2412,0.379088,144.444,0
False,7,15,0,True,144.444,12128,0,2412,0.37910299999999997,144.444,0
False,7,15,0,True,144.444,12128,0,2412,0.37911700000000004,144.444,0
False,7,15,0,True,144.444,12128,0,2412,0.379131,144.444,0
False,7,15,0,True,144.444,12128,0,2412,0.37914400000000004,144.444,0
False,7,15,0,True,144.444,12128,0,2412,0.379159,144.444,0
False,7,15,0,True,144.444,12128,0,2412,0.37917100000000004,144.444,0
False,7,15,0,True,144.444,12128,0,2412,0.379185,144.444,0
False,7,15,0,True,144.444,12128,-41,2412,0.379204,144.444,0
False,7,15,0,True,144.444,12128,-41,2412,0.37921799999999994,144.444,0
False,7,15,0,True,144.444,12128,0,2412,0.379232,144.444,0
False,7,15,0,True,144.444,12128,-39,2412,0.37924599999999997,144.444,0
False,7,15,0,True,144.444,12128,-40,2412,0.37926499999999996,144.444,0
False,7,15,0,True,144.444,12128,0,2412,0.37927900000000003,144.444,0
False,7,15,0,True,144.444,12128,0,2412,0.379293,144.444,0
False,7,15,0,True,144.444,12128,-36,2412,0.37930699999999995,144.444,0
False,7,15,0,True,144.444,12128,-36,2412,0.38229599999999997,144.444,0
False,7,15,0,True,144.444,12128,-44,2412,0.38231399999999993,144.444,0
False,7,15,0,True,144.444,12128,-41,2412,0.382327,144.444,0
False,7,15,0,True,144.444,12128,0,2412,0.38238399999999995,144.444,0
False,7,15,0,True,144.444,12128,0,2412,0.382397,144.444,0
False,7,15,0,True,144.444,12128,0,2412,0.382409,144.444,0
False,7,15,0,True,144.444,12128,0,2412,0.38242699999999996,144.444,0
False,7,15,0,True,144.444,12128,0,2412,0.382439,144.444,0
False,7,15,0,True,144.444,12128,-36,2412,0.382452,144.444,0
False,7,15,0,True,144.444,12128,0,2412,0.382464,144.444,0
False,7,15,0,True,144.444,12128,0,2412,0.38247699999999996,144.444,0
False,7,15,0,True,144.444,12128,0,2412,0.38248899999999997,144.444,0
False,7,15,0,True,144.444,12128,-36,2412,0.382501,144.444,0
False,7,15,0,True,144.444,12128,-44,2412,0.382514,144.444,0
False,7,15,0,True,144.444,12128,-40,2412,0.38252699999999995,144.444,0
False,7,15,0,True,144.444,12128,0,2412,0.38254,144.444,0
False,7,15,0,True,144.444,12128,-41,2412,0.38255300000000003,144.444,0
False,7,15,0,True,144.444,12128,-37,2412,0.382567,144.444,0
False,7,15,0,True,144.444,12128,-43,2412,0.382606,144.444,0
False,7,15,0,True,144.444,12128,-34,2412,0.382621,144.444,0
False,7,15,0,True,144.444,12128,-41,2412,0.38263499999999995,144.444,0
False,7,15,0,True,144.444,12128,0,2412,0.38295499999999993,144.444,0
False,7,15,0,True,144.444,12128,-41,2412,0.382968,144.444,0
False,7,15,0,True,144.444,12128,-36,2412,0.382981,144.444,0
False,7,15,0,True,144.444,12128,0,2412,0.38299399999999995,144.444,0
False,7,15,0,True,144.444,12128,0,2412,0.383008,144.444,0
False,7,15,0,True,144.444,12128,0,2412,0.383023,144.444,0
False,7,15,0,True,144.444,12128,0,2412,0.38304099999999996,144.444,0
False,7,15,0,True,144.444,12128,0,2412,0.38305500000000003,144.444,0
False,7,15,0,True,144.444,12128,0,2412,0.38307,144.444,0
False,7,15,0,True,144.444,12128,0,2412,0.383084,144.444,0
False,7,15,0,True,144.444,12128,0,2412,0.38309899999999997,144.444,0
False,7,15,0,True,144.444,12128,0,2412,0.384034,144.444,0
False,7,15,0,True,144.444,12128,0,2412,0.38405100000000003,144.444,0
False,7,15,0,True,144.444,12128,-41,2412,0.38406399999999996,144.444,0
False,7,15,0,True,144.444,12128,-41,2412,0.38407800000000003,144.444,0
False,7,15,0,True,144.444,12128,-40,2412,0.384092,144.444,0
False,7,15,0,True,144.444,12128,-39,2412,0.384104,144.444,0
False,7,15,0,True,144.444,12128,-36,2412,0.38411799999999996,144.444,0
False,7,15,0,True,144.444,12128,0,2412,0.38413200000000003,144.444,0
False,7,15,0,True,144.444,12128,-41,2412,0.38414499999999996,144.444,0
False,7,15,0,True,144.444,12128,0,2412,0.385204,144.444,0
False,7,15,0,True,144.444,12128,-40,2412,0.38522100000000004,144.444,0
False,7,15,0,True,144.444,12128,0,2412,0.38523399999999997,144.444,0
False,7,15,0,True,144.444,12128,0,2412,0.38524899999999995,144.444,0
False,7,15,0,True,144.444,12128,0,2412,0.38526099999999996,144.444,0
False,7,15,0,True,144.444,12128,0,2412,0.385274,144.444,0
False,7,15,0,True,144.444,12128,0,2412,0.38528799999999996,144.444,0
False,7,15,0,True,144.444,12128,0,2412,0.385301,144.444,0
False,7,15,0,True,144.444,12128,0,2412,0.38531499999999996,144.444,0
False,7,15,0,True,144.444,12128,0,2412,0.385328,144.444,0
False,7,15,0,True,144.444,12128,-36,2412,0.38534099999999993,144.444,0
False,7,15,0,True,144.444,12128,0,2412,0.38535600000000003,144.444,0
False,7,15,0,True,144.444,12128,-36,2412,0.38537299999999997,144.444,0
False,7,15,0,True,144.444,12128,0,2412,0.38538700000000004,144.444,0
False,7,15,0,True,144.444,12128,-40,2412,0.386525,144.444,0
False,7,15,0,True,144.444,12128,-44,2412,0.386545,144.444,0
False,7,15,0,True,144.444,12128,0,2412,0.38656,144.444,0
False,7,15,0,True,144.444,12128,-41,2412,0.386574,144.444,0
False,7,15,0,True,144.444,12128,0,2412,0.388131,144.444,0
False,7,15,0,True,144.444,12128,0,2412,0.38814499999999996,144.444,0
False,7,15,0,True,144.444,12128,0,2412,0.388158,144.444,0
False,7,15,0,True,144.444,12128,0,2412,0.388173,144.444,0
False,7,15,0,True,144.444,12128,0,2412,0.388185,144.444,0
False,7,15,0,True,144.444,12128,0,2412,0.38819899999999996,144.444,0
False,7,15,0,True,144.444,12128,-40,2412,0.38821300000000003,144.444,0
False,7,15,0,True,144.444,12128,-41,2412,0.388228,144.444,0
False,7,15,0,True,144.444,12128,0,2412,0.38824099999999995,144.444,0
False,7,15,0,True,144.444,12128,0,2412,0.388255,144.444,0
False,7,15,0,True,144.444,12128,-41,2412,0.38826799999999995,144.444,0
False,7,15,0,True,144.444,12128,-42,2412,0.388282,144.444,0
False,7,15,0,True,144.444,12128,0,2412,0.38829499999999995,144.444,0
False,7,15,0,True,144.444,12128,-36,2412,0.38830699999999996,144.444,0
False,7,15,0,True,144.444,12128,0,2412,0.38832,144.444,0
False,7,15,0,True,144.444,12128,0,2412,0.38833299999999993,144.444,0
False,7,15,0,True,144.444,12128,0,2412,0.388347,144.444,0
False,7,15,0,True,144.444,12128,0,2412,0.388362,144.444,0
False,7,15,0,True,144.444,12128,0,2412,0.38837599999999994,144.444,0
False,7,15,0,True,144.444,12128,-41,2412,0.38839,144.444,0
False,7,15,0,True,144.444,12128,-41,2412,0.38874299999999995,144.444,0
False,7,15,0,True,144.444,12128,-41,2412,0.388756,144.444,0
False,7,15,0,True,144.444,12128,0,2412,0.388771,144.444,0
False,7,15,0,True,144.444,12128,-36,2412,0.38878499999999994,144.444,0
False,7,15,0,True,144.444,12128,-39,2412,0.389031,144.444,0
False,7,15,0,True,144.444,12128,-40,2412,0.38904799999999995,144.444,0
False,7,15,0,True,144.444,12128,0,2412,0.389062,144.444,0
False,7,15,0,True,144.444,12128,-42,2412,0.38907800000000003,144.444,0
False,7,15,0,True,144.444,12128,-36,2412,0.39027899999999993,144.444,0
False,7,15,0,True,144.444,12128,-44,2412,0.39029499999999995,144.444,0
False,7,15,0,True,144.444,12128,0,2412,0.39030699999999996,144.444,0
False,7,15,0,True,144.444,12128,0,2412,0.39032100000000003,144.444,0
False,7,15,0,True,144.444,12128,0,2412,0.39033399999999996,144.444,0
False,7,15,0,True,144.444,12128,0,2412,0.39034599999999997,144.444,0
False,7,15,0,True,144.444,12128,-40,2412,0.39035999999999993,144.444,0
False,7,15,0,True,144.444,12128,0,2412,0.39037299999999997,144.444,0
False,7,15,0,True,144.444,12128,0,2412,0.390385,144.444,0
False,7,15,0,True,144.444,12128,-41,2412,0.390397,144.444,0
False,7,15,0,True,144.444,12128,0,2412,0.39042299999999996,144.444,0
False,7,15,0,True,144.444,12128,0,2412,0.390443,144.444,0
False,7,15,0,True,144.444,12128,-36,2412,0.390456,144.444,0
False,7,15,0,True,144.444,12128,0,2412,0.391524,144.444,0
False,7,15,0,True,144.444,12128,-36,2412,0.39154100000000003,144.444,0
False,7,15,0,True,144.444,12128,0,2412,0.39155699999999993,144.444,0
False,7,15,0,True,144.444,12128,0,2412,0.39157,144.444,0
False,7,15,0,True,144.444,12128,0,2412,0.39158399999999993,144.444,0
False,7,15,0,True,144.444,12128,-35,2412,0.391597,144.444,0
False,7,15,0,True,144.444,12128,0,2412,0.39160799999999996,144.444,0
False,7,15,0,True,144.444,12128,0,2412,0.391621,144.444,0
False,7,15,0,True,144.444,12128,-44,2412,0.39163400000000004,144.444,0
False,7,15,0,True,144.444,12128,-40,2412,0.39164599999999994,144.444,0
False,7,15,0,True,144.444,12128,0,2412,0.39165799999999995,144.444,0
False,7,15,0,True,144.444,12128,0,2412,0.391672,144.444,0
False,7,15,0,True,144.444,12128,-36,2412,0.39169,144.444,0
False,7,15,0,True,144.444,12128,-36,2412,0.39170399999999994,144.444,0
False,7,15,0,True,144.444,12128,-41,2412,0.39171599999999995,144.444,0
False,7,15,0,True,144.444,12128,0,2412,0.39523699999999995,144.444,0
False,7,15,0,True,144.444,12128,0,2412,0.39524899999999996,144.444,0
False,7,15,0,True,144.444,12128,0,2412,0.395261,144.444,0
False,7,15,0,True,144.444,12128,-36,2412,0.39527199999999996,144.444,0
False,7,15,0,True,144.444,12128,0,2412,0.39528399999999997,144.444,0
False,7,15,0,True,144.444,12128,-41,2412,0.395297,144.444,0
False,7,15,0,True,144.444,12128,-41,2412,0.395309,144.444,0
False,7,15,0,True,144.444,12128,-42,2412,0.39532100000000003,144.444,0
False,7,15,0,True,144.444,12128,0,2412,0.39533399999999996,144.444,0
False,7,15,0,True,144.444,12128,-44,2412,0.39534800000000003,144.444,0
False,7,15,0,True,144.444,12128,-36,2412,0.39535999999999993,144.444,0
False,7,15,0,True,144.444,12128,-40,2412,0.39537100000000003,144.444,0
False,7,15,0,True,144.444,12128,0,2412,0.39538399999999996,144.444,0
False,7,15,0,True,144.444,12128,0,2412,0.39539499999999994,144.444,0
False,7,15,0,True,144.444,12128,0,2412,0.39540699999999995,144.444,0
False,7,15,0,True,144.444,12128,-39,2412,0.39543399999999995,144.444,0
False,7,15,0,True,144.444,12128,-44,2412,0.39544599999999996,144.444,0
False,7,15,0,True,144.444,12128,0,2412,0.395459,144.444,0
False,7,15,0,True,144.444,12128,0,2412,0.39547,144.444,0
False,7,15,0,True,144.444,12128,-41,2412,0.395482,144.444,0
False,7,15,0,True,144.444,12128,0,2412,0.395563,144.444,0
False,7,15,0,True,144.444,12128,-40,2412,0.395972,144.444,0
False,7,15,0,True,144.444,12128,0,2412,0.395988,144.444,0
False,7,15,0,True,144.444,12128,0,2412,0.396,144.444,0
False,7,15,0,True,144.444,12128,-36,2412,0.39601299999999995,144.444,0
False,7,15,0,True,144.444,12128,0,2412,0.397023,144.444,0
False,7,15,0,True,144.444,12128,0,2412,0.39704399999999995,144.444,0
False,7,15,0,True,144.444,12128,0,2412,0.397058,144.444,0
False,7,15,0,True,144.444,12128,-35,2412,0.397073,144.444,0
False,7,15,0,True,144.444,12128,0,2412,0.39708699999999997,144.444,0
False,7,15,0,True,144.444,12128,0,2412,0.3971,144.444,0
False,7,15,0,True,144.444,12128,0,2412,0.397119,144.444,0
False,7,15,0,True,144.444,12128,-40,2412,0.39713299999999996,144.444,0
False,7,15,0,True,144.444,12128,-44,2412,0.39714700000000003,144.444,0
False,7,15,0,True,144.444,12128,0,2412,0.39715999999999996,144.444,0
False,7,15,0,True,144.444,12128,0,2412,0.397173,144.444,0
False,7,15,0,True,144.444,12128,-37,2412,0.39718699999999996,144.444,0
False,7,15,0,True,144.444,12128,-40,2412,0.3972,144.444,0
False,7,15,0,True,144.444,12128,0,2412,0.403798,144.444,0
False,7,15,0,True,144.444,12128,-39,2412,0.40381100000000003,144.444,0
False,7,15,0,True,144.444,12128,0,2412,0.40382299999999993,144.444,0
False,7,15,0,True,144.444,12128,-44,2412,0.403836,144.444,0
False,7,15,0,True,144.444,12128,-35,2412,0.403852,144.444,0
False,7,15,0,True,144.444,12128,-41,2412,0.40386500000000003,144.444,0
False,7,15,0,True,144.444,12128,0,2412,0.40388,144.444,0
False,7,15,0,True,144.444,12128,0,2412,0.40389299999999995,144.444,0
False,7,15,0,True,144.444,12128,0,2412,0.40390899999999996,144.444,0
False,7,15,0,True,144.444,12128,0,2412,0.40392300000000003,144.444,0
False,7,15,0,True,144.444,12128,0,2412,0.40393599999999996,144.444,0
False,7,15,0,True,144.444,12128,0,2412,0.403949,144.444,0
False,7,15,0,True,144.444,12128,-41,2412,0.40396199999999993,144.444,0
False,7,15,0,True,144.444,12128,-41,2412,0.40397399999999994,144.444,0
False,7,15,0,True,144.444,12128,0,2412,0.403987,144.444,0
False,7,15,0,True,144.444,12128,0,2412,0.403999,144.444,0
False,7,15,0,True,144.444,12128,-40,2412,0.40401,144.444,0
False,7,15,0,True,144.444,12128,-42,2412,0.40402499999999997,144.444,0
False,7,15,0,True,144.444,12128,0,2412,0.404459,144.444,0
False,7,15,0,True,144.444,12128,0,2412,0.40447299999999997,144.444,0
False,7,15,0,True,144.444,12128,0,2412,0.40448799999999996,144.444,0
False,7,15,0,True,144.444,12128,-35,2412,0.404521,144.444,0
False,7,15,0,True,144.444,12128,0,2412,0.40453700000000004,144.444,0
False,7,15,0,True,144.444,12128,-40,2412,0.404552,144.444,0
False,7,15,0,True,144.444,12128,-44,2412,0.40456499999999995,144.444,0
False,7,15,0,True,144.444,12128,-40,2412,0.40457699999999996,144.444,0
False,7,15,0,True,144.444,12128,0,2412,0.40459199999999995,144.444,0
False,7,15,0,True,144.444,12128,0,2412,0.40460699999999994,144.444,0
False,7,15,0,True,144.444,12128,0,2412,0.40462299999999995,144.444,0
False,7,15,0,True,144.444,12128,-37,2412,0.404637,144.444,0
False,7,15,0,True,144.444,12128,-41,2412,0.404651,144.444,0
False,7,15,0,True,144.444,12128,-41,2412,0.40466599999999997,144.444,0
False,7,15,0,True,144.444,12128,-44,2412,0.40897799999999995,144.444,0
False,7,15,0,True,144.444,12128,0,2412,0.40899299999999994,144.444,0
False,7,15,0,True,144.444,12128,-39,2412,0.409007,144.444,0
False,7,15,0,True,144.444,12128,0,2412,0.409018,144.444,0
False,7,15,0,True,144.444,12128,0,2412,0.40903199999999995,144.444,0
False,7,15,0,True,144.444,12128,0,2412,0.409045,144.444,0
False,7,15,0,True,144.444,12128,-41,2412,0.40905899999999995,144.444,0
False,7,15,0,True,144.444,12128,-35,2412,0.409073,144.444,0
False,7,15,0,True,144.444,12128,0,2412,0.40908999999999995,144.444,0
False,7,15,0,True,144.444,12128,0,2412,0.409104,144.444,0
False,7,15,0,True,144.444,12128,0,2412,0.40911699999999995,144.444,0
False,7,15,0,True,144.444,12128,0,2412,0.409131,144.444,0
False,7,15,0,True,144.444,12128,0,2412,0.409145,144.444,0
False,7,15,0,True,144.444,12128,0,2412,0.409158,144.444,0
False,7,15,0,True,144.444,12128,-41,2412,0.40917099999999995,144.444,0
False,7,15,0,True,144.444,12128,-41,2412,0.409185,144.444,0
False,7,15,0,True,144.444,12128,-36,2412,0.409199,144.444,0
False,7,15,0,True,144.444,12128,0,2412,0.409215,144.444,0
False,7,15,0,True,144.444,12128,-35,2412,0.40922899999999995,144.444,0
False,7,15,0,True,144.444,12128,-42,2412,0.409243,144.444,0
False,7,15,0,True,144.444,12128,0,2412,0.409558,144.444,0
False,7,15,0,True,144.444,12128,0,2412,0.40957299999999996,144.444,0
False,7,15,0,True,144.444,12128,0,2412,0.409586,144.444,0
False,7,15,0,True,144.444,12128,0,2412,0.40959899999999994,144.444,0
False,7,15,0,True,144.444,12128,0,2412,0.409613,144.444,0
False,7,15,0,True,144.444,12128,0,2412,0.409628,144.444,0
False,7,15,0,True,144.444,12128,0,2412,0.40964100000000003,144.444,0
False,7,15,0,True,144.444,12128,0,2412,0.409656,144.444,0
False,7,15,0,True,144.444,12128,0,2412,0.40966899999999995,144.444,0
False,7,15,0,True,144.444,12128,0,2412,0.40968099999999996,144.444,0
False,7,15,0,True,144.444,12128,-36,2412,0.40969500000000003,144.444,0
False,7,15,0,True,144.444,12128,0,2412,0.409709,144.444,0
False,7,15,0,True,144.444,12128,0,2412,0.40972299999999995,144.444,0
False,7,15,0,True,144.444,12128,0,2412,0.40973799999999994,144.444,0
False,7,15,0,True,144.444,12128,-36,2412,0.410319,144.444,0
False,7,15,0,True,144.444,12128,-44,2412,0.41033299999999995,144.444,0
False,7,15,0,True,144.444,12128,-36,2412,0.41037,144.444,0
False,7,15,0,True,144.444,12128,-40,2412,0.41038299999999994,144.444,0
False,7,15,0,True,144.444,12128,0,2412,0.410396,144.444,0
False,7,15,0,True,144.444,12128,-41,2412,0.41040999999999994,144.444,0
True,7,15,0,True,144.444,12128,0,2412,0.411899,144.3613661327231,0
True,7,15,0,True,144.444,12128,0,2412,0.41191199999999994,144.2788267581475,0
True,7,15,0,True,144.444,12128,0,2412,0.411926,144.1963817142857,0
True,7,15,0,True,144.444,12128,0,2412,0.411938,144.11403083952027,0
True,7,15,0,True,144.444,12128,0,2412,0.411952,144.03177397260274,0
True,7,15,0,True,144.444,12128,0,2412,0.41196599999999994,143.9496109526526,0
True,7,15,0,True,144.444,12128,-42,2412,0.41198,143.8675416191562,0
True,7,15,0,True,144.444,12128,-36,2412,0.41199399999999997,143.7855658119658,0
True,7,15,0,True,144.444,12128,0,2412,0.41200799999999993,143.7036833712984,0
True,7,15,0,True,144.444,12128,-42,2412,0.41202300000000003,143.62189413773476,0
True,7,15,0,True,144.444,12128,-41,2412,0.412038,143.54019795221842,0
True,7,15,0,True,144.444,12128,-36,2412,0.41205099999999995,143.45859465605457,0
True,7,15,0,True,144.444,12128,-40,2412,0.41206299999999996,143.37708409090908,0
True,7,15,0,True,144.444,12128,0,2412,0.412076,143.2956660988075,0
True,7,15,0,True,144.444,12128,0,2412,0.41208900000000004,143.21434052213394,0
True,7,15,0,True,144.444,12128,-35,2412,0.412104,143.13310720363017,0
True,7,15,0,True,144.444,12128,0,2412,0.412137,143.05196598639455,0
True,7,15,0,True,144.444,12128,-36,2412,0.41215099999999993,142.970916713881,0
True,7,15,0,True,144.444,12128,-41,2412,0.412165,142.88995922989807,0
True,7,15,0,True,144.444,12128,-41,2412,0.41217899999999996,142.8090933786078,0
False,7,15,0,True,144.444,12128,0,2412,0.41292399999999996,142.8100180995475,0
False,7,15,0,True,144.444,12128,0,2412,0.412937,142.81094177501413,0
False,7,15,0,True,144.444,12128,0,2412,0.41295099999999996,142.81186440677965,0
False,7,15,0,True,144.444,12128,0,2412,0.412965,142.8127859966121,0
False,7,15,0,True,144.444,12128,-43,2412,0.412979,142.81370654627537,0
False,7,15,0,True,144.444,12128,-39,2412,0.41432499999999994,142.81462605752958,0
False,7,15,0,True,144.444,12128,-44,2412,0.41434099999999996,142.81554453213076,0
False,7,15,0,True,144.444,12128,-39,2412,0.414357,142.816461971831,0
False,7,15,0,True,144.444,12128,-43,2412,0.41437,142.81737837837838,0
False,7,15,0,True,144.444,12128,-34,2412,0.41438299999999995,142.81829375351717,0
False,7,15,0,True,144.444,12128,0,2412,0.414397,142.81920809898762,0
False,7,15,0,True,144.444,12128,-41,2412,0.414415,142.82012141652612,0
False,7,15,0,True,144.444,12128,0,2412,0.414428,142.82103370786515,0
False,7,15,0,True,144.444,12128,0,2412,0.41444000000000003,142.82194497473327,0
False,7,15,0,True,144.444,12128,-36,2412,0.414451,142.8228552188552,0
False,7,15,0,True,144.444,12128,0,2412,0.414463,142.82376444195177,0
False,7,15,0,True,144.444,12128,-44,2412,0.41673099999999996,142.8246726457399,0
False,7,15,0,True,144.444,12128,-41,2412,0.41674999999999995,142.82557983193277,0
True,7,15,0,True,144.444,12128,0,2412,0.416882,142.74561030235162,0
True,7,15,0,True,144.444,12128,0,2412,0.41689699999999996,142.66573027420256,0
True,7,15,0,True,144.444,12128,0,2412,0.41691199999999995,142.58593959731542,0
True,7,15,0,True,144.444,12128,0,2412,0.416925,142.50623812185577,0
True,7,15,0,True,144.444,12128,0,2412,0.41693800000000003,142.42662569832402,0
True,7,15,0,True,144.444,12128,-35,2412,0.41695099999999996,142.34710217755443,0
True,7,15,0,True,144.444,12128,0,2412,0.41696500000000003,142.26766741071427,0
True,7,15,0,True,144.444,12128,0,2412,0.41698,142.18832124930282,0
True,7,15,0,True,144.444,12128,0,2412,0.416994,142.1090635451505,0
True,7,15,0,True,144.444,12128,0,2412,0.417007,142.02989415041782,0
True,7,15,0,True,144.444,12128,0,2412,0.41701999999999995,141.95081291759465,0
True,7,15,0,True,144.444,12128,-35,2412,0.417034,141.87181969949916,0
True,7,15,0,True,144.444,12128,0,2412,0.41704699999999995,141.79291434927697,0
True,7,15,0,True,144.444,12128,-36,2412,0.41706,141.7140967204002,0
True,7,15,0,True,144.444,12128,0,2412,0.417073,141.63536666666664,0
True,7,15,0,True,144.444,12128,0,2412,0.41851499999999997,141.55672404219877,0
True,7,15,0,True,144.444,12128,-42,2412,0.41853299999999993,141.47816870144283,0
True,7,15,0,True,144.444,12128,-41,2412,0.41854800000000003,141.39970049916803,0
False,7,15,0,True,144.444,12128,0,2412,0.41861099999999996,141.40138802660752,0
False,7,15,0,True,144.444,12128,0,2412,0.418625,141.4030736842105,0
False,7,15,0,True,144.444,12128,-42,2412,0.418639,141.40475747508304,0
False,7,15,0,True,144.444,12128,0,2412,0.41865299999999994,141.40643940232428,0
False,7,15,0,True,144.444,12128,-36,2412,0.418667,141.40811946902653,0
False,7,15,0,True,144.444,12128,-42,2412,0.418682,141.40979767827528,0
False,7,15,0,True,144.444,12128,0,2412,0.41869599999999996,141.41147403314915,0
False,7,15,0,True,144.444,12128,-40,2412,0.41870799999999997,141.41314853672003,0
False,7,15,0,True,144.444,12128,-35,2412,0.418721,141.41482119205298,0
False,7,15,0,True,144.444,12128,0,2412,0.41873499999999997,141.41649200220627,0
False,7,15,0,True,144.444,12128,-36,2412,0.418748,141.41816097023153,0
False,7,15,0,True,144.444,12128,-41,2412,0.418763,141.41982809917354,0
False,7,15,0,True,144.444,12128,-41,2412,0.41877699999999995,141.4214933920705,0
False,7,15,0,True,144.444,12128,0,2412,0.41879199999999994,141.42315685195376,0
False,7,15,0,True,144.444,12128,-41,2412,0.418806,141.42481848184818,0
False,7,15,0,True,144.444,12128,0,2412,0.41881999999999997,141.42647828477186,0
False,7,15,0,True,144.444,12128,-44,2412,0.418833,141.42813626373623,0
False,7,15,0,True,144.444,12128,-41,2412,0.41884599999999994,141.42979242174627,0
False,7,15,0,True,144.444,12128,0,2412,0.418859,141.4314467618002,0
False,7,15,0,True,144.444,12128,-41,2412,0.41887399999999997,141.43309928688973,0
False,7,15,0,True,144.444,12128,-39,2412,0.41893,141.43474999999998,0
False,7,15,0,True,144.444,12128,-43,2412,0.41894599999999993,141.43639890410958,0
False,7,15,0,True,144.444,12128,-39,2412,0.41896199999999995,141.43804600219056,0
False,7,15,0,True,144.444,12128,-43,2412,0.418976,141.43969129720853,0
False,7,15,0,True,144.444,12128,0,2412,0.419728,141.44133479212252,0
False,7,15,0,True,144.444,12128,-34,2412,0.41974500000000003,141.44297648988518,0
False,7,15,0,True,144.444,12128,0,2412,0.419759,141.4446163934426,0
False,7,15,0,True,144.444,12128,0,2412,0.41977299999999995,141.44625450573454,0
False,7,15,0,True,144.444,12128,-41,2412,0.419787,141.44789082969433,0
False,7,15,0,True,144.444,12128,0,2412,0.419801,141.44952536824877,0
False,7,15,0,True,144.444,12128,0,2412,0.41981599999999997,141.45115812431843,0
False,7,15,0,True,144.444,12128,-35,2412,0.419828,141.45278910081743,0
False,7,15,0,True,144.444,12128,-36,2412,0.42093400000000003,141.45441830065357,0
False,7,15,0,True,144.444,12128,-44,2412,0.420949,141.45604572672835,0
False,7,15,0,True,144.444,12128,0,2412,0.420963,141.45767138193688,0
False,7,15,0,True,144.444,12128,-40,2412,0.422801,141.45929526916802,0
False,7,15,0,True,144.444,12128,0,2412,0.42282,141.46091739130432,0
False,7,15,0,True,144.444,12128,-41,2412,0.42283499999999996,141.46253775122216,0
False,7,15,0,True,144.444,12128,0,2412,0.422895,141.46415635179153,0
False,7,15,0,True,144.444,12128,0,2412,0.42291100000000004,141.46577319587627,0
False,7,15,0,True,144.444,12128,0,2412,0.422925,141.46738828633406,0
False,7,15,0,True,144.444,12128,0,2412,0.422937,141.46900162601625,0
False,7,15,0,True,144.444,12128,0,2412,0.42295099999999997,141.47061321776812,0
False,7,15,0,True,144.444,12128,0,2412,0.422964,141.4722230644288,0
False,7,15,0,True,144.444,12128,-35,2412,0.42297799999999997,141.47383116883117,0
False,7,15,0,True,144.444,12128,0,2412,0.42299200000000003,141.47543753380205,0
False,7,15,0,True,144.444,12128,0,2412,0.42300499999999996,141.47704216216215,0
False,7,15,0,True,144.444,12128,0,2412,0.42301900000000003,141.47864505672607,0
False,7,15,0,True,144.444,12128,-35,2412,0.42303099999999993,141.48024622030238,0
False,7,15,0,True,144.444,12128,0,2412,0.42304699999999995,141.48184565569346,0
False,7,15,0,True,144.444,12128,0,2412,0.42306,141.4834433656958,0
False,7,15,0,True,144.444,12128,-36,2412,0.423072,141.48503935309972,0
False,7,15,0,True,144.444,12128,0,2412,0.42308599999999996,141.48663362068964,0
False,7,15,0,True,144.444,12128,0,2412,0.42310000000000003,141.48822617124392,0
False,7,15,0,True,144.444,12128,0,2412,0.42311299999999996,141.48981700753498,0
False,7,15,0,True,144.444,12128,-42,2412,0.42312799999999995,141.4914061323292,0
False,7,15,0,True,144.444,12128,0,2412,0.423701,141.4929935483871,0
False,7,15,0,True,144.444,12128,-41,2412,0.42371499999999995,141.49457925846318,0
False,7,15,0,True,144.444,12128,-36,2412,0.423729,141.4961632653061,0
False,7,15,0,True,144.444,12128,0,2412,0.423743,141.4977455716586,0
False,7,15,0,True,144.444,12128,0,2412,0.423756,141.4993261802575,0
False,7,15,0,True,144.444,12128,0,2412,0.42376899999999995,141.50090509383378,0
False,7,15,0,True,144.444,12128,0,2412,0.42378099999999996,141.50248231511253,0
False,7,15,0,True,144.444,12128,-40,2412,0.42379599999999995,141.50405784681305,0
False,7,15,0,True,144.444,12128,0,2412,0.423814,141.5056316916488,0
False,7,15,0,True,144.444,12128,0,2412,0.423829,141.50720385232742,0
False,7,15,0,True,144.444,12128,0,2412,0.423844,141.5087743315508,0
False,7,15,0,True,144.444,12128,0,2412,0.424524,141.51034313201495,0
False,7,15,0,True,144.444,12128,0,2412,0.424543,141.51191025641023,0
False,7,15,0,True,144.444,12128,0,2412,0.42455599999999993,141.51347570742124,0
False,7,15,0,True,144.444,12128,-35,2412,0.42456799999999995,141.51503948772677,0
False,7,15,0,True,144.444,12128,-35,2412,0.424581,141.5166016,0
False,7,15,0,True,144.444,12128,0,2412,0.424594,141.51816204690832,0
False,7,15,0,True,144.444,12128,0,2412,0.42460600000000004,141.51972083111346,0
False,7,15,0,True,144.444,12128,0,2412,0.42462500000000003,141.52127795527156,0
False,7,15,0,True,144.444,12128,-41,2412,0.424639,141.522833422033,0
False,7,15,0,True,144.444,12128,0,2412,0.42797699999999994,141.52438723404254,0
False,7,15,0,True,144.444,12128,-44,2412,0.427991,141.52593939393938,0
False,7,15,0,True,144.444,12128,-40,2412,0.42800399999999994,141.52748990435705,0
False,7,15,0,True,144.444,12128,-41,2412,0.428017,141.5290387679235,0
False,7,15,0,True,144.444,12128,-37,2412,0.428029,141.53058598726113,0
False,7,15,0,True,144.444,12128,-41,2412,0.428041,141.5321315649867,0
False,7,15,0,True,144.444,12128,0,2412,0.428056,141.53367550371155,0
False,7,15,0,True,144.444,12128,0,2412,0.42806900000000003,141.53521780604132,0
False,7,15,0,True,144.444,12128,0,2412,0.42808199999999996,141.53675847457626,0
False,7,15,0,True,144.444,12128,-39,2412,0.428095,141.53829751191105,0
False,7,15,0,True,144.444,12128,0,2412,0.42811699999999997,141.53983492063492,0
False,7,15,0,True,144.444,12128,-39,2412,0.42813,141.54137070333155,0
False,7,15,0,True,144.444,12128,-44,2412,0.42814399999999997,141.54290486257926,0
False,7,15,0,True,144.444,12128,0,2412,0.428156,141.54443740095087,0
False,7,15,0,True,144.444,12128,-41,2412,0.428168,141.5459683210137,0
False,7,15,0,True,144.444,12128,0,2412,0.42818,141.5474976253298,0
False,7,15,0,True,144.444,12128,-44,2412,0.428192,141.54902531645567,0
False,7,15,0,True,144.444,12128,-41,2412,0.42852499999999993,141.55055139694252,0
False,7,15,0,True,144.444,12128,0,2412,0.428539,141.55207586933614,0
False,7,15,0,True,144.444,12128,-41,2412,0.42855199999999993,141.55359873617692,0
False,7,15,0,True,144.444,12128,-41,2412,0.4286,141.55512,0
False,7,15,0,True,144.444,12128,-35,2412,0.428613,141.55663966333506,0
False,7,15,0,True,144.444,12128,0,2412,0.428624,141.55815772870662,0
False,7,15,0,True,144.444,12128,-36,2412,0.42863799999999996,141.55967419863373,0
False,7,15,0,True,144.444,12128,0,2412,0.428651,141.56118907563024,0
False,7,15,0,True,144.444,12128,-44,2412,0.42866399999999993,141.5627023622047,0
False,7,15,0,True,144.444,12128,0,2412,0.42867900000000003,141.56421406086042,0
False,7,15,0,True,144.444,12128,-41,2412,0.428693,141.56572417409544,0
False,7,15,0,True,144.444,12128,-35,2412,0.42870699999999995,141.5672327044025,0
False,7,15,0,True,144.444,12128,0,2412,0.428721,141.56873965426922,0
False,7,15,0,True,144.444,12128,0,2412,0.42873399999999995,141.57024502617801,0
False,7,15,0,True,144.444,12128,0,2412,0.42874599999999996,141.57174882260594,0
False,7,15,0,True,144.444,12128,-40,2412,0.42876099999999995,141.5732510460251,0
False,7,15,0,True,144.444,12128,0,2412,0.42877999999999994,141.57475169890225,0
False,7,15,0,True,144.444,12128,0,2412,0.428793,141.57625078369907,0
False,7,15,0,True,144.444,12128,0,2412,0.42944099999999996,141.57774830287204,0
False,7,15,0,True,144.444,12128,0,2412,0.429458,141.57924425887265,0
False,7,15,0,True,144.444,12128,-41,2412,0.42947199999999996,141.5807386541471,0
True,7,15,0,True,144.444,12128,0,2412,0.429524,141.50692179353493,0
True,7,15,0,True,144.444,12128,0,2412,0.42953699999999995,141.43318186555496,0
True,7,15,0,True,144.444,12128,-35,2412,0.43076000000000003,141.35951874999998,0
True,7,15,0,True,144.444,12128,-41,2412,0.430778,141.28593232691304,0
False,7,15,0,True,144.444,12128,0,2412,0.43083099999999996,141.28757544224766,0
False,7,15,0,True,144.444,12128,-34,2412,0.43084500000000003,141.28921684867393,0
False,7,15,0,True,144.444,12128,0,2412,0.43085699999999993,141.29085654885654,0
False,7,15,0,True,144.444,12128,0,2412,0.43087,141.29249454545453,0
False,7,15,0,True,144.444,12128,0,2412,0.43088399999999993,141.29413084112147,0
False,7,15,0,True,144.444,12128,-43,2412,0.43089900000000003,141.29576543850544,0
False,7,15,0,True,144.444,12128,-39,2412,0.430914,141.29739834024895,0
False,7,15,0,True,144.444,12128,-43,2412,0.430928,141.2990295489891,0
False,7,15,0,True,144.444,12128,0,2412,0.43094199999999994,141.3006590673575,0
False,7,15,0,True,144.444,12128,0,2412,0.430956,141.3022868979803,0
False,7,15,0,True,144.444,12128,-40,2412,0.43096899999999994,141.30391304347825,0
False,7,15,0,True,144.444,12128,-44,2412,0.430983,141.30553750646664,0
False,7,15,0,True,144.444,12128,-40,2412,0.43099999999999994,141.3071602895553,0
False,7,15,0,True,144.444,12128,0,2412,0.431014,141.30878139534883,0
False,7,15,0,True,144.444,12128,-39,2412,0.43183099999999996,141.31040082644625,0
False,7,15,0,True,144.444,12128,-37,2412,0.431847,141.3120185854414,0
False,7,15,0,True,144.444,12128,0,2412,0.43186099999999994,141.31363467492258,0
False,7,15,0,True,144.444,12128,0,2412,0.433928,141.31524909747293,0
False,7,15,0,True,144.444,12128,-37,2412,0.43394699999999997,141.31686185567008,0
False,7,15,0,True,144.444,12128,-41,2412,0.433959,141.31847295208655,0
False,7,15,0,True,144.444,12128,0,2412,0.43405099999999996,141.32008238928938,0
False,7,15,0,True,144.444,12128,-41,2412,0.434063,141.32169016984045,0
False,7,15,0,True,144.444,12128,0,2412,0.43407799999999996,141.3232962962963,0
False,7,15,0,True,144.444,12128,-44,2412,0.434091,141.3249007712082,0
False,7,15,0,True,144.444,12128,-44,2412,0.434103,141.3265035971223,0
False,7,15,0,True,144.444,12128,0,2412,0.434117,141.32810477657935,0
False,7,15,0,True,144.444,12128,-41,2412,0.43413099999999993,141.32970431211498,0
False,7,15,0,True,144.444,12128,-39,2412,0.434144,141.3313022062596,0
False,7,15,0,True,144.444,12128,0,2412,0.434157,141.33289846153846,0
False,7,15,0,True,144.444,12128,-41,2412,0.43416999999999994,141.33449308047153,0
False,7,15,0,True,144.444,12128,-36,2412,0.434184,141.33608606557377,0
False,7,15,0,True,144.444,12128,0,2412,0.434196,141.33767741935483,0
False,7,15,0,True,144.444,12128,-41,2412,0.43420899999999996,141.33926714431934,0
False,7,15,0,True,144.444,12128,-40,2412,0.434222,141.34085524296674,0
False,7,15,0,True,144.444,12128,0,2412,0.43423500000000004,141.3424417177914,0
False,7,15,0,True,144.444,12128,0,2412,0.43424699999999994,141.34402657128257,0
False,7,15,0,True,144.444,12128,-36,2412,0.434261,141.3456098059244,0
False,7,15,0,True,144.444,12128,-35,2412,0.43645899999999993,141.347191424196,0
False,7,15,0,True,144.444,12128,-41,2412,0.436477,141.3487714285714,0
False,7,15,0,True,144.444,12128,-41,2412,0.43649099999999996,141.35034982151961,0
False,7,15,0,True,144.444,12128,-40,2412,0.436539,141.35192660550456,0
False,7,15,0,True,144.444,12128,0,2412,0.43655199999999994,141.3535017829852,0
False,7,15,0,True,144.444,12128,-35,2412,0.43656399999999995,141.35507535641548,0
False,7,15,0,True,144.444,12128,-41,2412,0.436578,141.35664732824426,0
False,7,15,0,True,144.444,12128,0,2412,0.43659099999999995,141.35821770091556,0
False,7,15,0,True,144.444,12128,0,2412,0.43660299999999996,141.35978647686832,0
False,7,15,0,True,144.444,12128,0,2412,0.436616,141.36135365853656,0
False,7,15,0,True,144.444,12128,0,2412,0.436628,141.3629192483494,0
False,7,15,0,True,144.444,12128,-36,2412,0.43664099999999995,141.36448324873095,0
False,7,15,0,True,144.444,12128,0,2412,0.43665299999999996,141.36604566210045,0
False,7,15,0,True,144.444,12128,0,2412,0.436666,141.36760649087222,0
False,7,15,0,True,144.444,12128,0,2412,0.43667899999999993,141.36916573745563,0
False,7,15,0,True,144.444,12128,0,2412,0.43669199999999997,141.3707234042553,0
False,7,15,0,True,144.444,12128,-36,2412,0.436705,141.37227949367087,0
False,7,15,0,True,144.444,12128,0,2412,0.436717,141.37383400809716,0
False,7,15,0,True,144.444,12128,0,2412,0.436751,141.37538694992412,0
False,7,15,0,True,144.444,12128,0,2412,0.43676499999999996,141.3769383215369,0
False,7,15,0,True,144.444,12128,-41,2412,0.43677699999999997,141.3784881253158,0
False,7,15,0,True,144.444,12128,-43,2412,0.436825,141.38003636363635,0
False,7,15,0,True,144.444,12128,0,2412,0.43683700000000003,141.38158303886925,0
False,7,15,0,True,144.444,12128,0,2412,0.43684999999999996,141.38312815338043,0
False,7,15,0,True,144.444,12128,0,2412,0.436863,141.384671709531,0
False,7,15,0,True,144.444,12128,0,2412,0.43687599999999993,141.3862137096774,0
False,7,15,0,True,144.444,12128,0,2412,0.43688799999999994,141.38775415617127,0
False,7,15,0,True,144.444,12128,-44,2412,0.436901,141.3892930513595,0
False,7,15,0,True,144.444,12128,-40,2412,0.436914,141.39083039758427,0
False,7,15,0,True,144.444,12128,0,2412,0.43692999999999993,141.3923661971831,0
False,7,15,0,True,144.444,12128,-40,2412,0.43694199999999994,141.39390045248868,0
False,7,15,0,True,144.444,12128,-43,2412,0.436955,141.39543316582913,0
False,7,15,0,True,144.444,12128,0,2412,0.436967,141.39696433952787,0
False,7,15,0,True,144.444,12128,-37,2412,0.43813499999999994,141.3984939759036,0
False,7,15,0,True,144.444,12128,-39,2412,0.43815899999999997,141.40002207727042,0
False,7,15,0,True,144.444,12128,-39,2412,0.43817399999999995,141.4015486459378,0
False,7,15,0,True,144.444,12128,0,2412,0.438187,141.4030736842105,0
False,7,15,0,True,144.444,12128,-44,2412,0.43820000000000003,141.40459719438877,0
False,7,15,0,True,144.444,12128,-41,2412,0.438214,141.40611917876814,0
False,7,15,0,True,144.444,12128,0,2412,0.438253,141.40763963963963,0
False,7,15,0,True,144.444,12128,0,2412,0.43826299999999996,141.40915857928965,0
False,7,15,0,True,144.444,12128,-41,2412,0.438273,141.410676,0
False,7,15,0,True,144.444,12128,-37,2412,0.438284,141.41219190404797,0
False,7,15,0,True,144.444,12128,-44,2412,0.43830099999999994,141.4137062937063,0
False,7,15,0,True,144.444,12128,-44,2412,0.43831200000000003,141.41521917124314,0
False,7,15,0,True,144.444,12128,0,2412,0.439978,141.41673053892214,0
False,7,15,0,True,144.444,12128,-41,2412,0.439995,141.41824039900249,0
False,7,15,0,True,144.444,12128,0,2412,0.440006,141.41974875373876,0
False,7,15,0,True,144.444,12128,-41,2412,0.44001599999999996,141.42125560538116,0
False,7,15,0,True,144.444,12128,-39,2412,0.44002699999999995,141.4227609561753,0
False,7,15,0,True,144.444,12128,-41,2412,0.44003799999999993,141.42426480836235,0
False,7,15,0,True,144.444,12128,0,2412,0.44005399999999995,141.4257671641791,0
False,7,15,0,True,144.444,12128,-41,2412,0.44006499999999993,141.42726802585776,0
False,7,15,0,True,144.444,12128,0,2412,0.440075,141.42876739562624,0
False,7,15,0,True,144.444,12128,-40,2412,0.440087,141.43026527570788,0
False,7,15,0,True,144.444,12128,0,2412,0.440099,141.43176166832174,0
False,7,15,0,True,144.444,12128,-41,2412,0.44011,141.43325657568238,0
False,7,15,0,True,144.444,12128,0,2412,0.44050999999999996,141.43474999999998,0
False,7,15,0,True,144.444,12128,0,2412,0.44052199999999997,141.4362419434804,0
False,7,15,0,True,144.444,12128,-43,2412,0.44053200000000003,141.43773240832508,0
False,7,15,0,True,144.444,12128,-40,2412,0.440543,141.43922139673103,0
False,7,15,0,True,144.444,12128,0,2412,0.44055500000000003,141.44070891089106,0
False,7,15,0,True,144.444,12128,0,2412,0.44057099999999993,141.44219495299356,0
False,7,15,0,True,144.444,12128,-39,2412,0.44058200000000003,141.44367952522254,0
False,7,15,0,True,144.444,12128,-39,2412,0.440593,141.4451626297578,0
False,7,15,0,True,144.444,12128,-37,2412,0.440604,141.4466442687747,0
False,7,15,0,True,144.444,12128,-36,2412,0.441256,141.44812444444443,0
False,7,15,0,True,144.444,12128,-39,2412,0.441269,141.44960315893385,0
False,7,15,0,True,144.444,12128,-40,2412,0.44127799999999995,141.4510804144055,0
False,7,15,0,True,144.444,12128,0,2412,0.44128899999999993,141.45255621301774,0
False,7,15,0,True,144.444,12128,0,2412,0.442561,141.45403055692458,0
False,7,15,0,True,144.444,12128,-37,2412,0.442577,141.45550344827583,0
False,7,15,0,True,144.444,12128,-41,2412,0.44258699999999995,141.45697488921712,0
False,7,15,0,True,144.444,12128,0,2412,0.44259799999999994,141.45844488188976,0
False,7,15,0,True,144.444,12128,0,2412,0.44406099999999993,141.4599134284309,0
False,7,15,0,True,144.444,12128,-41,2412,0.44408000000000003,141.46138053097346,0
False,7,15,0,True,144.444,12128,-41,2412,0.44409299999999996,141.46284619164618,0
False,7,15,0,True,144.444,12128,-41,2412,0.44414200000000004,141.46431041257367,0
False,7,15,0,True,144.444,12128,-41,2412,0.44415499999999997,141.46577319587627,0
False,7,15,0,True,144.444,12128,0,2412,0.44416900000000004,141.46723454367026,0
False,7,15,0,True,144.444,12128,-39,2412,0.44418199999999997,141.46869445806766,0
False,7,15,0,True,144.444,12128,-41,2412,0.44419299999999995,141.47015294117645,0
False,7,15,0,True,144.444,12128,-44,2412,0.444206,141.47160999510044,0
False,7,15,0,True,144.444,12128,0,2412,0.444221,141.47306562193927,0
False,7,15,0,True,144.444,12128,-40,2412,0.44423599999999996,141.47451982378854,0
False,7,15,0,True,144.444,12128,0,2412,0.44425000000000003,141.47597260273972,0
False,7,15,0,True,144.444,12128,0,2412,0.44426299999999996,141.47742396088017,0
False,7,15,0,True,144.444,12128,0,2412,0.444276,141.47887390029325,0
False,7,15,0,True,144.444,12128,0,2412,0.44428899999999993,141.48032242305814,0
False,7,15,0,True,144.444,12128,0,2412,0.444303,141.48176953125,0
False,7,15,0,True,144.444,12128,0,2412,0.44431599999999993,141.48321522693996,0
False,7,15,0,True,144.444,12128,-36,2412,0.44432799999999995,141.4846595121951,0
False,7,15,0,True,144.444,12128,0,2412,0.446365,141.4861023890785,0
False,7,15,0,True,144.444,12128,-36,2412,0.44638199999999995,141.4875438596491,0
False,7,15,0,True,144.444,12128,-41,2412,0.44639399999999996,141.48898392596197,0
False,7,15,0,True,144.444,12128,-42,2412,0.44644399999999995,141.49042259006816,0
False,7,15,0,True,144.444,12128,-42,2412,0.446457,141.4918598540146,0
False,7,15,0,True,144.444,12128,0,2412,0.446468,141.49329571984435,0
False,7,15,0,True,144.444,12128,0,2412,0.44648,141.49473018959648,0
False,7,15,0,True,144.444,12128,0,2412,0.44649300000000003,141.4961632653061,0
False,7,15,0,True,144.444,12128,0,2412,0.44650599999999996,141.49759494900437,0
False,7,15,0,True,144.444,12128,0,2412,0.44652000000000003,141.49902524271843,0
False,7,15,0,True,144.444,12128,-41,2412,0.446534,141.5004541484716,0
False,7,15,0,True,144.444,12128,0,2412,0.446546,141.5018816682832,0
False,7,15,0,True,144.444,12128,-36,2412,0.446558,141.50330780416866,0
False,7,15,0,True,144.444,12128,-35,2412,0.446569,141.50473255813952,0
False,7,15,0,True,144.444,12128,-34,2412,0.44658200000000003,141.50615593220337,0
False,7,15,0,True,144.444,12128,0,2412,0.44659499999999996,141.50757792836396,0
False,7,15,0,True,144.444,12128,-36,2412,0.446607,141.50899854862118,0
False,7,15,0,True,144.444,12128,0,2412,0.44662,141.51041779497098,0
False,7,15,0,True,144.444,12128,-36,2412,0.44663299999999995,141.51183566940549,0
False,7,15,0,True,144.444,12128,0,2412,0.446647,141.51325217391303,0
False,7,15,0,True,144.444,12128,-41,2412,0.44665999999999995,141.51466731047802,0
False,7,15,0,True,144.444,12128,0,2412,0.447766,141.51608108108107,0
False,7,15,0,True,144.444,12128,0,2412,0.44777999999999996,141.51749348769897,0
False,7,15,0,True,144.444,12128,0,2412,0.447794,141.51890453230473,0
False,7,15,0,True,144.444,12128,0,2412,0.44780600000000004,141.52031421686746,0
False,7,15,0,True,144.444,12128,0,2412,0.44782,141.52172254335258,0
False,7,15,0,True,144.444,12128,0,2412,0.44783399999999995,141.5231295137217,0
False,7,15,0,True,144.444,12128,0,2412,0.447848,141.52453512993262,0
False,7,15,0,True,144.444,12128,-36,2412,0.447863,141.52593939393938,0
False,7,15,0,True,144.444,12128,0,2412,0.449549,141.5273423076923,0
False,7,15,0,True,144.444,12128,-36,2412,0.449565,141.5287438731379,0
False,7,15,0,True,144.444,12128,-42,2412,0.44958,141.53014409221902,0
False,7,15,0,True,144.444,12128,0,2412,0.449604,141.5315429668747,0
False,7,15,0,True,144.444,12128,-36,2412,0.44961699999999993,141.5329404990403,0
False,7,15,0,True,144.444,12128,-42,2412,0.44962899999999995,141.53433669064748,0
False,7,15,0,True,144.444,12128,-42,2412,0.44964099999999996,141.53573154362417,0
False,7,15,0,True,144.444,12128,0,2412,0.44965299999999997,141.53712505989458,0
False,7,15,0,True,144.444,12128,0,2412,0.449665,141.5385172413793,0
False,7,15,0,True,144.444,12128,0,2412,0.44967599999999996,141.5399080899952,0
False,7,15,0,True,144.444,12128,0,2412,0.449688,141.5412976076555,0
False,7,15,0,True,144.444,12128,-41,2412,0.4497,141.54268579626972,0
False,7,15,0,True,144.444,12128,0,2412,0.44973399999999997,141.54407265774375,0
False,7,15,0,True,144.444,12128,-36,2412,0.449746,141.54545819397993,0
False,7,15,0,True,144.444,12128,0,2412,0.44975699999999996,141.54684240687678,0
False,7,15,0,True,144.444,12128,-36,2412,0.449769,141.54822529832933,0
False,7,15,0,True,144.444,12128,0,2412,0.44977999999999996,141.54960687022898,0
False,7,15,0,True,144.444,12128,-34,2412,0.44979099999999994,141.5509871244635,0
False,7,15,0,True,144.444,12128,-35,2412,0.44980200000000004,141.55236606291706,0
False,7,15,0,True,144.444,12128,0,2412,0.44981399999999994,141.55374368747022,0
False,7,15,0,True,144.444,12128,0,2412,0.44982599999999995,141.55512,0
False,7,15,0,True,144.444,12128,0,2412,0.44983799999999996,141.55649500237982,0
False,7,15,0,True,144.444,12128,0,2412,0.449855,141.55786869647955,0
False,7,15,0,True,144.444,12128,0,2412,0.449867,141.55924108416548,0
False,7,15,0,True,144.444,12128,0,2412,0.44987999999999995,141.56061216730038,0
False,7,15,0,True,144.444,12128,-43,2412,0.44989199999999996,141.56198194774345,0
False,7,15,0,True,144.444,12128,0,2412,0.45105699999999993,141.56335042735043,0
False,7,15,0,True,144.444,12128,-35,2412,0.451075,141.56471760797342,0
False,7,15,0,True,144.444,12128,-35,2412,0.45108799999999993,141.5660834914611,0
False,7,15,0,True,144.444,12128,0,2412,0.451101,141.5674480796586,0
False,7,15,0,True,144.444,12128,0,2412,0.45111499999999993,141.56881137440757,0
False,7,15,0,True,144.444,12128,-42,2412,0.451128,141.57017337754618,0
False,7,15,0,True,144.444,12128,-40,2412,0.45120399999999994,141.57153409090907,0
False,7,15,0,True,144.444,12128,0,2412,0.45121900000000004,141.5728935163275,0
False,7,15,0,True,144.444,12128,0,2412,0.451233,141.57425165562913,0
False,7,15,0,True,144.444,12128,-35,2412,0.45124699999999995,141.5756085106383,0
False,7,15,0,True,144.444,12128,-41,2412,0.45128499999999994,141.5769640831758,0
False,7,15,0,True,144.444,12128,0,2412,0.451299,141.57831837505904,0
False,7,15,0,True,144.444,12128,0,2412,0.45253299999999996,141.57967138810196,0
False,7,15,0,True,144.444,12128,-44,2412,0.45255,141.58102312411512,0
False,7,15,0,True,144.444,12128,-44,2412,0.45256299999999994,141.58237358490564,0
False,7,15,0,True,144.444,12128,0,2412,0.452577,141.5837227722772,0
False,7,15,0,True,144.444,12128,0,2412,0.45258999999999994,141.58507068803013,0
False,7,15,0,True,144.444,12128,0,2412,0.45260199999999995,141.58641733396135,0
False,7,15,0,True,144.444,12128,-37,2412,0.452615,141.5877627118644,0
False,7,15,0,True,144.444,12128,-41,2412,0.45262800000000003,141.5891068235294,0
False,7,15,0,True,144.444,12128,0,2412,0.452642,141.59044967074317,0
False,7,15,0,True,144.444,12128,-36,2412,0.452657,141.59179125528914,0
False,7,15,0,True,144.444,12128,-39,2412,0.45267,141.59313157894735,0
False,7,15,0,True,144.444,12128,-41,2412,0.454715,141.5944706434946,0
False,7,15,0,True,144.444,12128,-40,2412,0.454731,141.59580845070423,0
False,7,15,0,True,144.444,12128,-41,2412,0.45474400000000004,141.5971450023463,0
False,7,15,0,True,144.444,12128,0,2412,0.45480699999999996,141.59848030018762,0
False,7,15,0,True,144.444,12128,-36,2412,0.45599899999999993,141.59981434599155,0
False,7,15,0,True,144.444,12128,0,2412,0.45601499999999995,141.60114714151825,0
False,7,15,0,True,144.444,12128,0,2412,0.456028,141.60247868852457,0
False,7,15,0,True,144.444,12128,-40,2412,0.45604100000000003,141.60380898876403,0
False,7,15,0,True,144.444,12128,-36,2412,0.45605399999999996,141.6051380439869,0
False,7,15,0,True,144.444,12128,0,2412,0.45606800000000003,141.60646585594012,0
False,7,15,0,True,144.444,12128,-42,2412,0.456082,141.60779242636747,0
False,7,15,0,True,144.444,12128,-36,2412,0.456094,141.60911775700933,0
False,7,15,0,True,144.444,12128,0,2412,0.45610699999999993,141.61044184960298,0
False,7,15,0,True,144.444,12128,-42,2412,0.45611999999999997,141.61176470588234,0
False,7,15,0,True,144.444,12128,0,2412,0.45613399999999993,141.61308632757815,0
False,7,15,0,True,144.444,12128,0,2412,0.45614699999999997,141.6144067164179,0
False,7,15,0,True,144.444,12128,-36,2412,0.45616100000000004,141.61572587412587,0
False,7,15,0,True,144.444,12128,0,2412,0.456175,141.6170438024231,0
False,7,15,0,True,144.444,12128,-41,2412,0.45818000000000003,141.61836050302747,0
False,7,15,0,True,144.444,12128,0,2412,0.45819699999999997,141.61967597765363,0
False,7,15,0,True,144.444,12128,0,2412,0.45821,141.62099022801303,0
False,7,15,0,True,144.444,12128,0,2412,0.458379,141.62230325581393,0
False,7,15,0,True,144.444,12128,0,2412,0.458391,141.62361506276147,0
False,7,15,0,True,144.444,12128,0,2412,0.458403,141.6249256505576,0
False,7,15,0,True,144.444,12128,-35,2412,0.45841599999999993,141.62623502090105,0
False,7,15,0,True,144.444,12128,-35,2412,0.45842700000000003,141.62754317548746,0
False,7,15,0,True,144.444,12128,-41,2412,0.45843999999999996,141.62885011600926,0
False,7,15,0,True,144.444,12128,0,2412,0.45845199999999997,141.63015584415584,0
False,7,15,0,True,144.444,12128,0,2412,0.458464,141.63146036161334,0
False,7,15,0,True,144.444,12128,0,2412,0.458476,141.63276367006486,0
False,7,15,0,True,144.444,12128,-44,2412,0.458488,141.63406577119036,0
False,7,15,0,True,144.444,12128,0,2412,0.4585,141.63536666666664,0
False,7,15,0,True,144.444,12128,-40,2412,0.45851299999999995,141.6366663581675,0
False,7,15,0,True,144.444,12128,0,2412,0.458526,141.63796484736355,0
False,7,15,0,True,144.444,12128,-35,2412,0.458537,141.6392621359223,0
False,7,15,0,True,144.444,12128,0,2412,0.458549,141.6405582255083,0
False,7,15,0,True,144.444,12128,0,2412,0.458561,141.64185311778292,0
False,7,15,0,True,144.444,12128,-41,2412,0.45930499999999996,141.64314681440442,0
False,7,15,0,True,144.444,12128,0,2412,0.459322,141.64443931702814,0
False,7,15,0,True,144.444,12128,0,2412,0.459334,141.64573062730625,0
False,7,15,0,True,144.444,12128,0,2412,0.45934699999999995,141.64702074688796,0
False,7,15,0,True,144.444,12128,-41,2412,0.46103099999999997,141.64830967741935,0
False,7,15,0,True,144.444,12128,0,2412,0.461048,141.64959742054353,0
False,7,15,0,True,144.444,12128,0,2412,0.46106099999999994,141.65088397790055,0
False,7,15,0,True,144.444,12128,0,2412,0.46107200000000004,141.65216935112747,0
False,7,15,0,True,144.444,12128,0,2412,0.46108499999999997,141.6534535418583,0
False,7,15,0,True,144.444,12128,0,2412,0.461097,141.6547365517241,0
False,7,15,0,True,144.444,12128,-40,2412,0.46110799999999996,141.65601838235293,0
False,7,15,0,True,144.444,12128,0,2412,0.461121,141.65729903536976,0
False,7,15,0,True,144.444,12128,-41,2412,0.461133,141.65857851239667,0
False,7,15,0,True,144.444,12128,-40,2412,0.461144,141.65985681505276,0
False,7,15,0,True,144.444,12128,0,2412,0.461156,141.66113394495412,0
False,7,15,0,True,144.444,12128,0,2412,0.461175,141.6624099037139,0
False,7,15,0,True,144.444,12128,-36,2412,0.46118799999999993,141.66368469294224,0
False,7,15,0,True,144.444,12128,-42,2412,0.46120099999999997,141.66495831424643,0
False,7,15,0,True,144.444,12128,0,2412,0.461213,141.66623076923076,0
False,7,15,0,True,144.444,12128,-42,2412,0.46122399999999997,141.66750205949657,0
False,7,15,0,True,144.444,12128,0,2412,0.461236,141.66877218664226,0
False,7,15,0,True,144.444,12128,-36,2412,0.463657,141.67004115226337,0
False,7,15,0,True,144.444,12128,-36,2412,0.463676,141.67130895795245,0
False,7,15,0,True,144.444,12128,0,2412,0.463689,141.67257560529922,0
False,7,15,0,True,144.444,12128,-41,2412,0.463782,141.6738410958904,0
False,7,15,0,True,144.444,12128,-39,2412,0.46379499999999996,141.6751054313099,0
False,7,15,0,True,144.444,12128,-44,2412,0.463809,141.6763686131387,0
False,7,15,0,True,144.444,12128,-41,2412,0.463824,141.67763064295485,0
False,7,15,0,True,144.444,12128,-41,2412,0.463838,141.67889152233363,0
False,7,15,0,True,144.444,12128,0,2412,0.46385199999999993,141.68015125284737,0
False,7,15,0,True,144.444,12128,0,2412,0.46386399999999994,141.68140983606557,0
False,7,15,0,True,144.444,12128,-36,2412,0.463878,141.68266727355484,0
False,7,15,0,True,144.444,12128,-39,2412,0.46389099999999994,141.68392356687897,0
False,7,15,0,True,144.444,12128,-43,2412,0.463904,141.68517871759892,0
False,7,15,0,True,144.444,12128,0,2412,0.463916,141.68643272727272,0
False,7,15,0,True,144.444,12128,-35,2412,0.46392999999999995,141.6876855974557,0
False,7,15,0,True,144.444,12128,0,2412,0.46394499999999994,141.68893732970028,0
False,7,15,0,True,144.444,12128,0,2412,0.463958,141.69018792555605,0
False,7,15,0,True,144.444,12128,-35,2412,0.46397199999999994,141.69143738656985,0
False,7,15,0,True,144.444,12128,-35,2412,0.463986,141.6926857142857,0
False,7,15,0,True,144.444,12128,0,2412,0.46399899999999994,141.69393291024477,0
False,7,15,0,True,144.444,12128,0,2412,0.464012,141.69517897598547,0
False,7,15,0,True,144.444,12128,0,2412,0.46402599999999994,141.69642391304347,0
False,7,15,0,True,144.444,12128,0,2412,0.46404,141.69766772295156,0
False,7,15,0,True,144.444,12128,0,2412,0.467264,141.6989104072398,0
False,7,15,0,True,144.444,12128,-44,2412,0.46727699999999994,141.70015196743554,0
False,7,15,0,True,144.444,12128,0,2412,0.46728899999999995,141.70139240506327,0
False,7,15,0,True,144.444,12128,0,2412,0.467303,141.70263172164482,0
False,7,15,0,True,144.444,12128,-41,2412,0.46731899999999993,141.70386991869918,0
False,7,15,0,True,144.444,12128,0,2412,0.467333,141.70510699774266,0
False,7,15,0,True,144.444,12128,-44,2412,0.46734699999999996,141.7063429602888,0
False,7,15,0,True,144.444,12128,0,2412,0.467361,141.70757780784842,0
False,7,15,0,True,144.444,12128,-41,2412,0.467376,141.70881154192966,0
False,7,15,0,True,144.444,12128,0,2412,0.46739200000000003,141.71004416403784,0
False,7,15,0,True,144.444,12128,0,2412,0.467406,141.71127567567567,0
False,7,15,0,True,144.444,12128,-36,2412,0.467421,141.7125060783431,0
False,7,15,0,True,144.444,12128,0,2412,0.467434,141.71373537353733,0
False,7,15,0,True,144.444,12128,0,2412,0.46745099999999995,141.71496356275304,0
False,7,15,0,True,144.444,12128,0,2412,0.46746599999999994,141.716190647482,0
False,7,15,0,True,144.444,12128,0,2412,0.46748100000000004,141.7174166292135,0
False,7,15,0,True,144.444,12128,-40,2412,0.467495,141.71864150943395,0
False,7,15,0,True,144.444,12128,0,2412,0.46750800000000003,141.71986528962728,0
False,7,15,0,True,144.444,12128,0,2412,0.467523,141.72108797127467,0
False,7,15,0,True,144.444,12128,0,2412,0.467538,141.72230955585462,0
False,7,15,0,True,144.444,12128,-35,2412,0.48472899999999997,141.72353004484305,0
False,7,15,0,True,144.444,12128,-37,2412,0.484742,141.72474943971312,0
False,7,15,0,True,144.444,12128,0,2412,0.484757,141.72596774193548,0
False,7,15,0,True,144.444,12128,-42,2412,0.48477000000000003,141.72718495297804,0
False,7,15,0,True,144.444,12128,-36,2412,0.48478299999999996,141.72840107430616,0
False,7,15,0,True,144.444,12128,0,2412,0.484796,141.72961610738253,0
False,7,15,0,True,144.444,12128,0,2412,0.484808,141.73083005366726,0
False,7,15,0,True,144.444,12128,-44,2412,0.484823,141.73204291461778,0
False,7,15,0,True,144.444,12128,0,2412,0.48483599999999993,141.73325469168898,0
False,7,15,0,True,144.444,12128,-35,2412,0.48485100000000003,141.73446538633317,0
False,7,15,0,True,144.444,12128,0,2412,0.484865,141.735675,0
False,7,15,0,True,144.444,12128,0,2412,0.48488,141.73688353413652,0
False,7,15,0,True,144.444,12128,0,2412,0.48489399999999994,141.73809099018732,0
False,7,15,0,True,144.444,12128,0,2412,0.48529900000000004,141.73929736959428,0
False,7,15,0,True,144.444,12128,-44,2412,0.48531599999999997,141.74050267379678,0
False,7,15,0,True,144.444,12128,-41,2412,0.48532999999999993,141.74170690423162,0
False,7,15,0,True,144.444,12128,0,2412,0.485345,141.74291006233304,0
False,7,15,0,True,144.444,12128,-41,2412,0.48536,141.7441121495327,0
False,7,15,0,True,144.444,12128,0,2412,0.485372,141.74531316725978,0
False,7,15,0,True,144.444,12128,-41,2412,0.485386,141.74651311694083,0
False,7,15,0,True,144.444,12128,0,2412,0.485892,141.74771199999998,0
False,7,15,0,True,144.444,12128,0,2412,0.48709499999999994,141.7489098178587,0
False,7,15,0,True,144.444,12128,0,2412,0.487113,141.75010657193604,0
False,7,15,0,True,144.444,12128,0,2412,0.48712599999999995,141.75130226364845,0
False,7,15,0,True,144.444,12128,-40,2412,0.48714,141.75249689440992,0
False,7,15,0,True,144.444,12128,0,2412,0.48715299999999995,141.7536904656319,0
False,7,15,0,True,144.444,12128,0,2412,0.48716799999999993,141.7548829787234,0
False,7,15,0,True,144.444,12128,-40,2412,0.487182,141.75607443509082,0
False,7,15,0,True,144.444,12128,0,2412,0.487194,141.75726483613818,0
False,7,15,0,True,144.444,12128,-41,2412,0.48720699999999995,141.75845418326693,0
False,7,15,0,True,144.444,12128,0,2412,0.487221,141.7596424778761,0
False,7,15,0,True,144.444,12128,0,2412,0.487235,141.76082972136223,0
False,7,15,0,True,144.444,12128,-34,2412,0.487248,141.76201591511935,0
False,7,15,0,True,144.444,12128,0,2412,0.487262,141.7632010605391,0
False,7,15,0,True,144.444,12128,0,2412,0.48727599999999993,141.76438515901057,0
False,7,15,0,True,144.444,12128,0,2412,0.48729100000000003,141.7655682119205,0
False,7,15,0,True,144.444,12128,0,2412,0.48731,141.7667502206531,0
False,7,15,0,True,144.444,12128,0,2412,0.488502,141.7679311865902,0
False,7,15,0,True,144.444,12128,-36,2412,0.48851999999999995,141.7691111111111,0
False,7,15,0,True,144.444,12128,-40,2412,0.488534,141.77028999559278,0
False,7,15,0,True,144.444,12128,-42,2412,0.48858899999999994,141.77146784140967,0
False,7,15,0,True,144.444,12128,0,2412,0.488602,141.77264464993394,0
False,7,15,0,True,144.444,12128,0,2412,0.48861599999999994,141.7738204225352,0
False,7,15,0,True,144.444,12128,-36,2412,0.48863100000000004,141.77499516058072,0
False,7,15,0,True,144.444,12128,-41,2412,0.488645,141.77616886543535,0
False,7,15,0,True,144.444,12128,-44,2412,0.48865899999999995,141.77734153846154,0
False,7,15,0,True,144.444,12128,-39,2412,0.48867399999999994,141.77851318101932,0
False,7,15,0,True,144.444,12128,-41,2412,0.488688,141.7796837944664,0
False,7,15,0,True,144.444,12128,-36,2412,0.48871,141.78085338015802,0
False,7,15,0,True,144.444,12128,-41,2412,0.488723,141.78202193944713,0
False,7,15,0,True,144.444,12128,-36,2412,0.48967499999999997,141.78318947368422,0
False,7,15,0,True,144.444,12128,0,2412,0.48969299999999993,141.78435598421743,0
False,7,15,0,True,144.444,12128,0,2412,0.489707,141.78552147239262,0
False,7,15,0,True,144.444,12128,0,2412,0.48971999999999993,141.7866859395532,0
False,7,15,0,True,144.444,12128,-35,2412,0.48973199999999995,141.78784938704027,0
False,7,15,0,True,144.444,12128,0,2412,0.48974399999999996,141.78901181619256,0
False,7,15,0,True,144.444,12128,0,2412,0.489758,141.79017322834645,0
False,7,15,0,True,144.444,12128,-40,2412,0.48977099999999996,141.79133362483603,0
False,7,15,0,True,144.444,12128,-43,2412,0.49115999999999993,141.792493006993,0
False,7,15,0,True,144.444,12128,-42,2412,0.49117900000000003,141.79365137614678,0
False,7,15,0,True,144.444,12128,-40,2412,0.491194,141.79480873362445,0
False,7,15,0,True,144.444,12128,-37,2412,0.49429,141.79596508075076,0
False,7,15,0,True,144.444,12128,-40,2412,0.49432,141.79712041884815,0
False,7,15,0,True,144.444,12128,-44,2412,0.49712999999999996,141.7982747492368,0
False,7,15,0,True,144.444,12128,0,2412,0.497146,141.7994280732345,0
False,7,15,0,True,144.444,12128,0,2412,0.497159,141.80058039215683,0
False,7,15,0,True,144.444,12128,-41,2412,0.497173,141.80173170731706,0
False,7,15,0,True,144.444,12128,0,2412,0.497186,141.80288202002612,0
False,7,15,0,True,144.444,12128,-41,2412,0.49719899999999995,141.80403133159268,0
False,7,15,0,True,144.444,12128,-36,2412,0.497213,141.80517964332319,0
False,7,15,0,True,144.444,12128,-44,2412,0.49722500000000003,141.80632695652173,0
False,7,15,0,True,144.444,12128,0,2412,0.497244,141.8074732724902,0
False,7,15,0,True,144.444,12128,0,2412,0.49725699999999995,141.80861859252823,0
False,7,15,0,True,144.444,12128,0,2412,0.49836899999999995,141.8097629179331,0
False,7,15,0,True,144.444,12128,0,2412,0.498387,141.81090625,0
False,7,15,0,True,144.444,12128,-35,2412,0.49839999999999995,141.81204859002167,0
False,7,15,0,True,144.444,12128,-40,2412,0.49841199999999997,141.8131899392888,0
False,7,15,0,True,144.444,12128,0,2412,0.498424,141.8143302990897,0
False,7,15,0,True,144.444,12128,0,2412,0.498437,141.81546967071057,0
False,7,15,0,True,144.444,12128,0,2412,0.498451,141.81660805543524,0
False,7,15,0,True,144.444,12128,0,2412,0.49846499999999994,141.81774545454545,0
False,7,15,0,True,144.444,12128,-41,2412,0.49848099999999995,141.81888186932062,0
False,7,15,0,True,144.444,12128,-40,2412,0.498495,141.82001730103806,0
False,7,15,0,True,144.444,12128,0,2412,0.504468,141.82115175097275,0
False,7,15,0,True,144.444,12128,0,2412,0.504483,141.82228522039756,0
False,7,15,0,True,144.444,12128,0,2412,0.5044959999999999,141.82341771058313,0
False,7,15,0,True,144.444,12128,0,2412,0.50451,141.8245492227979,0
False,7,15,0,True,144.444,12128,0,2412,0.504526,141.82567975830815,0
False,7,15,0,True,144.444,12128,0,2412,0.504541,141.8268093183779,0
False,7,15,0,True,144.444,12128,0,2412,0.504555,141.82793790426908,0
False,7,15,0,True,144.444,12128,0,2412,0.5045689999999999,141.82906551724136,0
False,7,15,0,True,144.444,12128,0,2412,0.504581,141.83019215855234,0
False,7,15,0,True,144.444,12128,-36,2412,0.5045959999999999,141.83131782945736,0
False,7,15,0,True,144.444,12128,0,2412,0.504611,141.83244253120964,0
False,7,15,0,True,144.444,12128,-36,2412,0.504625,141.83356626506023,0
False,7,15,0,True,144.444,12128,0,2412,0.504639,141.83468903225804,0
False,7,15,0,True,144.444,12128,0,2412,0.504653,141.83581083404985,0
False,7,15,0,True,144.444,12128,-42,2412,0.504666,141.83693167168028,0
False,7,15,0,True,144.444,12128,-41,2412,0.504678,141.83805154639174,0
False,7,15,0,True,144.444,12128,-39,2412,0.504692,141.83917045942462,0
False,7,15,0,True,144.444,12128,-40,2412,0.504706,141.84028841201717,0
False,7,15,0,True,144.444,12128,0,2412,0.504759,141.8414054054054,0
False,7,15,0,True,144.444,12128,0,2412,0.504773,141.8425214408233,0
False,7,15,0,True,144.444,12128,0,2412,0.504786,141.84363651950278,0
False,7,15,0,True,144.444,12128,-36,2412,0.504799,141.84475064267352,0
False,7,15,0,True,144.444,12128,-39,2412,0.504811,141.84586381156316,0
False,7,15,0,True,144.444,12128,-35,2412,0.5048239999999999,141.84697602739723,0
False,7,15,0,True,144.444,12128,0,2412,0.504837,141.84808729139922,0
False,7,15,0,True,144.444,12128,-36,2412,0.50485,141.8491976047904,0
False,7,15,0,True,144.444,12128,0,2412,0.505581,141.85030696879008,0
False,7,15,0,True,144.444,12128,-42,2412,0.505598,141.85141538461536,0
False,7,15,0,True,144.444,12128,0,2412,0.505613,141.85252285348142,0
False,7,15,0,True,144.444,12128,-43,2412,0.505626,141.8536293766012,0
False,7,15,0,True,144.444,12128,0,2412,0.50564,141.85473495518565,0
False,7,15,0,True,144.444,12128,0,2412,0.505652,141.85583959044368,0
False,7,15,0,True,144.444,12128,0,2412,0.505665,141.8569432835821,0
False,7,15,0,True,144.444,12128,-44,2412,0.505679,141.85804603580561,0
False,7,15,0,True,144.444,12128,0,2412,0.505691,141.85914784831698,0
False,7,15,0,True,144.444,12128,-38,2412,0.505703,141.86024872231687,0
False,7,15,0,True,144.444,12128,-37,2412,0.505756,141.86134865900382,0
False,7,15,0,True,144.444,12128,0,2412,0.5057699999999999,141.86244765957446,0
False,7,15,0,True,144.444,12128,-41,2412,0.505784,141.8635457252233,0
False,7,15,0,True,144.444,12128,0,2412,0.505798,141.86464285714283,0
False,7,15,0,True,144.444,12128,0,2412,0.5058119999999999,141.86573905652358,0
False,7,15,0,True,144.444,12128,-44,2412,0.505825,141.86683432455393,0
False,7,15,0,True,144.444,12128,-41,2412,0.505838,141.86792866242038,0
False,7,15,0,True,144.444,12128,0,2412,0.505852,141.86902207130728,0
False,7,15,0,True,144.444,12128,0,2412,0.505866,141.8701145523971,0
False,7,15,0,True,144.444,12128,0,2412,0.505881,141.87120610687023,0
False,7,15,0,True,144.444,12128,-44,2412,0.505896,141.87229673590505,0
False,7,15,0,True,144.444,12128,-35,2412,0.505911,141.87338644067796,0
False,7,15,0,True,144.444,12128,0,2412,0.505926,141.8744752223634,0
False,7,15,0,True,144.444,12128,0,2412,0.50594,141.87556308213377,0
False,7,15,0,True,144.444,12128,-36,2412,0.505953,141.87665002115955,0
False,7,15,0,True,144.444,12128,0,2412,0.505966,141.87773604060914,0
False,7,15,0,True,144.444,12128,-40,2412,0.505978,141.87882114164904,0
False,7,15,0,True,144.444,12128,-39,2412,0.505992,141.8799053254438,0
False,7,15,0,True,144.444,12128,0,2412,0.506052,141.88098859315588,0
False,7,15,0,True,144.444,12128,0,2412,0.5060669999999999,141.88207094594594,0
False,7,15,0,True,144.444,12128,0,2412,0.506082,141.88315238497256,0
False,7,15,0,True,144.444,12128,0,2412,0.506096,141.8842329113924,0
False,7,15,0,True,144.444,12128,-42,2412,0.506922,141.88531252636017,0
False,7,15,0,True,144.444,12128,-41,2412,0.50694,141.88639123102865,0
False,7,15,0,True,144.444,12128,-40,2412,0.5069549999999999,141.88746902654864,0
False,7,15,0,True,144.444,12128,0,2412,0.506968,141.88854591406906,0
False,7,15,0,True,144.444,12128,-41,2412,0.506984,141.88962189473685,0
False,7,15,0,True,144.444,12128,-34,2412,0.506998,141.89069696969696,0
False,7,15,0,True,144.444,12128,0,2412,0.507011,141.89177114009254,0
False,7,15,0,True,144.444,12128,0,2412,0.507025,141.89284440706476,0
False,7,15,0,True,144.444,12128,0,2412,0.5070399999999999,141.89391677175283,0
False,7,15,0,True,144.444,12128,-36,2412,0.507054,141.8949882352941,0
False,7,15,0,True,144.444,12128,0,2412,0.5070669999999999,141.89605879882401,0
False,7,15,0,True,144.444,12128,0,2412,0.508127,141.89712846347607,0
False,7,15,0,True,144.444,12128,-40,2412,0.508145,141.89819723038187,0
False,7,15,0,True,144.444,12128,0,2412,0.513339,141.89926510067113,0
False,7,15,0,True,144.444,12128,-41,2412,0.513352,141.90033207547168,0
False,7,15,0,True,144.444,12128,0,2412,0.513365,141.90139815590948,0
False,7,15,0,True,144.444,12128,-37,2412,0.513378,141.9024633431085,0
False,7,15,0,True,144.444,12128,-36,2412,0.5133909999999999,141.90352763819095,0
False,7,15,0,True,144.444,12128,0,2412,0.513411,141.9045910422771,0
False,7,15,0,True,144.444,12128,0,2412,0.5134219999999999,141.90565355648536,0
False,7,15,0,True,144.444,12128,-35,2412,0.513433,141.90671518193224,0
False,7,15,0,True,144.444,12128,0,2412,0.513444,141.90777591973242,0
False,7,15,0,True,144.444,12128,-39,2412,0.513456,141.90883577099873,0
False,7,15,0,True,144.444,12128,-35,2412,0.513468,141.9098947368421,0
False,7,15,0,True,144.444,12128,0,2412,0.5134799999999999,141.9109528183716,0
False,7,15,0,True,144.444,12128,-36,2412,0.513492,141.91201001669447,0
False,7,15,0,True,144.444,12128,0,2412,0.513505,141.91306633291615,0
False,7,15,0,True,144.444,12128,0,2412,0.513517,141.9141217681401,0
False,7,15,0,True,144.444,12128,0,2412,0.5135339999999999,141.9151763234681,0
False,7,15,0,True,144.444,12128,-36,2412,0.513546,141.91622999999998,0
False,7,15,0,True,144.444,12128,-39,2412,0.513559,141.9172827988338,0
False,7,15,0,True,144.444,12128,-41,2412,0.513607,141.91833472106578,0
False,7,15,0,True,144.444,12128,-36,2412,0.5136189999999999,141.91938576779023,0
False,7,15,0,True,144.444,12128,0,2412,0.513631,141.92043594009982,0
False,7,15,0,True,144.444,12128,-44,2412,0.513643,141.92148523908523,0
False,7,15,0,True,144.444,12128,0,2412,0.513655,141.9225336658354,0
False,7,15,0,True,144.444,12128,0,2412,0.513667,141.92358122143747,0
False,7,15,0,True,144.444,12128,0,2412,0.513679,141.92462790697672,0
False,7,15,0,True,144.444,12128,-43,2412,0.513692,141.92567372353673,0
False,7,15,0,True,144.444,12128,0,2412,0.513703,141.92671867219914,0
False,7,15,0,True,144.444,12128,-42,2412,0.513715,141.92776275404395,0
False,7,15,0,True,144.444,12128,0,2412,0.5137269999999999,141.92880597014926,0
False,7,15,0,True,144.444,12128,-44,2412,0.513739,141.92984832159138,0
False,7,15,0,True,144.444,12128,0,2412,0.51377,141.9308898094449,0
False,7,15,0,True,144.444,12128,0,2412,0.513782,141.9319304347826,0
False,7,15,0,True,144.444,12128,-40,2412,0.513794,141.9329701986755,0
False,7,15,0,True,144.444,12128,-41,2412,0.519402,141.9340091021928,0
False,7,15,0,True,144.444,12128,0,2412,0.5194179999999999,141.93504714640196,0
False,7,15,0,True,144.444,12128,0,2412,0.51943,141.93608433236872,0
False,7,15,0,True,144.444,12128,0,2412,0.519443,141.937120661157,0
False,7,15,0,True,144.444,12128,-40,2412,0.519455,141.93815613382898,0
False,7,15,0,True,144.444,12128,0,2412,0.519467,141.93919075144507,0
False,7,15,0,True,144.444,12128,-40,2412,0.5194799999999999,141.94022451506396,0
False,7,15,0,True,144.444,12128,-40,2412,0.519493,141.94125742574255,0
False,7,15,0,True,144.444,12128,0,2412,0.519505,141.94228948453608,0
False,7,15,0,True,144.444,12128,0,2412,0.519516,141.94332069249793,0
False,7,15,0,True,144.444,12128,0,2412,0.519529,141.94435105067984,0
False,7,15,0,True,144.444,12128,-41,2412,0.519541,141.94538056013178,0
False,7,15,0,True,144.444,12128,0,2412,0.5195529999999999,141.946409221902,0
False,7,15,0,True,144.444,12128,0,2412,0.519568,141.94743703703702,0
False,7,15,0,True,144.444,12128,-36,2412,0.519582,141.94846400658164,0
False,7,15,0,True,144.444,12128,0,2412,0.519596,141.94949013157893,0
False,7,15,0,True,144.444,12128,0,2412,0.519609,141.95051541307026,0
False,7,15,0,True,144.444,12128,-42,2412,0.519624,141.95153985209532,0
False,7,15,0,True,144.444,12128,-34,2412,0.519637,141.95256344969198,0
False,7,15,0,True,144.444,12128,-40,2412,0.519652,141.95358620689655,0
False,7,15,0,True,144.444,12128,0,2412,0.519702,141.95460812474352,0
False,7,15,0,True,144.444,12128,0,2412,0.519716,141.95562920426576,0
False,7,15,0,True,144.444,12128,-37,2412,0.519729,141.95664944649445,0
False,7,15,0,True,144.444,12128,-41,2412,0.519741,141.957668852459,0
False,7,15,0,True,144.444,12128,0,2412,0.519753,141.95868742318723,0
False,7,15,0,True,144.444,12128,0,2412,0.519768,141.95970515970515,0
False,7,15,0,True,144.444,12128,-36,2412,0.519779,141.96072206303725,0
False,7,15,0,True,144.444,12128,0,2412,0.519792,141.96173813420623,0
False,7,15,0,True,144.444,12128,-35,2412,0.5198039999999999,141.9627533742331,0
False,7,15,0,True,144.444,12128,-39,2412,0.519818,141.96376778413736,0
False,7,15,0,True,144.444,12128,0,2412,0.519829,141.96478136493664,0
False,7,15,0,True,144.444,12128,-35,2412,0.519842,141.96579411764705,0
False,7,15,0,True,144.444,12128,0,2412,0.519855,141.96680604328296,0
False,7,15,0,True,144.444,12128,0,2412,0.519874,141.96781714285714,0
False,7,15,0,True,144.444,12128,-36,2412,0.519888,141.96882741738065,0
False,7,15,0,True,144.444,12128,0,2412,0.519901,141.96983686786297,0
False,7,15,0,True,144.444,12128,-36,2412,0.520532,141.97084549531183,0
False,7,15,0,True,144.444,12128,-39,2412,0.52055,141.97185330073347,0
False,7,15,0,True,144.444,12128,-35,2412,0.522402,141.97286028513236,0
False,7,15,0,True,144.444,12128,0,2412,0.522415,141.97386644951138,0
False,7,15,0,True,144.444,12128,0,2412,0.522429,141.97487179487177,0
False,7,15,0,True,144.444,12128,-44,2412,0.522443,141.97587632221317,0
False,7,15,0,True,144.444,12128,-44,2412,0.522457,141.97688003253353,0
False,7,15,0,True,144.444,12128,0,2412,0.5224719999999999,141.97788292682927,0
False,7,15,0,True,144.444,12128,-41,2412,0.522486,141.97888500609506,0
False,7,15,0,True,144.444,12128,0,2412,0.5224989999999999,141.97988627132412,0
False,7,15,0,True,144.444,12128,0,2412,0.522511,141.98088672350792,0
False,7,15,0,True,144.444,12128,-40,2412,0.522525,141.98188636363633,0
False,7,15,0,True,144.444,12128,0,2412,0.522539,141.98288519269775,0
False,7,15,0,True,144.444,12128,-40,2412,0.522554,141.98388321167883,0
False,7,15,0,True,144.444,12128,-41,2412,0.522567,141.98488042156464,0
False,7,15,0,True,144.444,12128,-35,2412,0.5225799999999999,141.98587682333874,0
False,7,15,0,True,144.444,12128,-43,2412,0.522594,141.986872417983,0
False,7,15,0,True,144.444,12128,0,2412,0.522608,141.98786720647772,0
False,7,15,0,True,144.444,12128,0,2412,0.522622,141.9888611898017,0
False,7,15,0,True,144.444,12128,0,2412,0.522635,141.98985436893201,0
False,7,15,0,True,144.444,12128,-37,2412,0.524936,141.9908467448443,0
False,7,15,0,True,144.444,12128,-38,2412,0.524952,141.99183831851252,0
False,7,15,0,True,144.444,12128,0,2412,0.525106,141.99282909090908,0
False,7,15,0,True,144.444,12128,0,2412,0.525119,141.99381906300482,0
False,7,15,0,True,144.444,12128,-34,2412,0.525131,141.99480823576906,0
False,7,15,0,True,144.444,12128,0,2412,0.5251439999999999,141.9957966101695,0
False,7,15,0,True,144.444,12128,-39,2412,0.525157,141.99678418717224,0
False,7,15,0,True,144.444,12128,0,2412,0.52517,141.99777096774193,0
False,7,15,0,True,144.444,12128,0,2412,0.525182,141.9987569528416,0
False,7,15,0,True,144.444,12128,-35,2412,0.5251939999999999,141.9997421434327,0
False,7,15,0,True,144.444,12128,-35,2412,0.525205,142.00072654047523,0
False,7,15,0,True,144.444,12128,0,2412,0.525218,142.00171014492753,0
False,7,15,0,True,144.444,12128,-42,2412,0.52523,142.00269295774646,0
False,7,15,0,True,144.444,12128,-36,2412,0.525242,142.00367497988736,0
False,7,15,0,True,144.444,12128,0,2412,0.525254,142.00465621230396,0
False,7,15,0,True,144.444,12128,-41,2412,0.5252669999999999,142.00563665594854,0
False,7,15,0,True,144.444,12128,-39,2412,0.5252789999999999,142.00661631177178,0
False,7,15,0,True,144.444,12128,-41,2412,0.525291,142.0075951807229,0
False,7,15,0,True,144.444,12128,-44,2412,0.525304,142.0085732637495,0
False,7,15,0,True,144.444,12128,-36,2412,0.52716,142.00955056179774,0
False,7,15,0,True,144.444,12128,0,2412,0.527178,142.01052707581226,0
False,7,15,0,True,144.444,12128,-40,2412,0.5271899999999999,142.01150280673616,0
False,7,15,0,True,144.444,12128,-41,2412,0.527241,142.01247775551101,0
False,7,15,0,True,144.444,12128,0,2412,0.527255,142.0134519230769,0
False,7,15,0,True,144.444,12128,0,2412,0.527287,142.01442531037245,0
False,7,15,0,True,144.444,12128,0,2412,0.5273249999999999,142.01539791833466,0
False,7,15,0,True,144.444,12128,-40,2412,0.527339,142.01636974789915,0
False,7,15,0,True,144.444,12128,0,2412,0.527358,142.01734079999997,0
False,7,15,0,True,144.444,12128,0,2412,0.527421,142.01831107556976,0
False,7,15,0,True,144.444,12128,-36,2412,0.5274369999999999,142.01928057553957,0
False,7,15,0,True,144.444,12128,0,2412,0.527451,142.020249300839,0
False,7,15,0,True,144.444,12128,0,2412,0.5274639999999999,142.02121725239616,0
False,7,15,0,True,144.444,12128,0,2412,0.527477,142.0221844311377,0
False,7,15,0,True,144.444,12128,-44,2412,0.527489,142.02315083798882,0
False,7,15,0,True,144.444,12128,0,2412,0.527502,142.02411647387314,0
False,7,15,0,True,144.444,12128,0,2412,0.527516,142.0250813397129,0
False,7,15,0,True,144.444,12128,-35,2412,0.527528,142.02604543642886,0
False,7,15,0,True,144.444,12128,0,2412,0.527541,142.02700876494023,0
False,7,15,0,True,144.444,12128,-41,2412,0.527555,142.02797132616487,0
False,7,15,0,True,144.444,12128,-40,2412,0.527569,142.0289331210191,0
False,7,15,0,True,144.444,12128,-40,2412,0.527619,142.02989415041782,0
False,7,15,0,True,144.444,12128,0,2412,0.527632,142.03085441527446,0
False,7,15,0,True,144.444,12128,-35,2412,0.527646,142.03181391650097,0
False,7,15,0,True,144.444,12128,-41,2412,0.5276609999999999,142.03277265500793,0
False,7,15,0,True,144.444,12128,-40,2412,0.527674,142.0337306317044,0
False,7,15,0,True,144.444,12128,0,2412,0.527698,142.03468784749802,0
False,7,15,0,True,144.444,12128,0,2412,0.5277109999999999,142.03564430329496,0
False,7,15,0,True,144.444,12128,0,2412,0.5277229999999999,142.0366,0
False,7,15,0,True,144.444,12128,0,2412,0.527751,142.03755493851645,0
False,7,15,0,True,144.444,12128,-43,2412,0.5277649999999999,142.0385091197462,0
False,7,15,0,True,144.444,12128,0,2412,0.528431,142.03946254458975,0
False,7,15,0,True,144.444,12128,-39,2412,0.528448,142.04041521394612,0
False,7,15,0,True,144.444,12128,-39,2412,0.5284599999999999,142.04136712871286,0
False,7,15,0,True,144.444,12128,-37,2412,0.5284719999999999,142.0423182897862,0
False,7,15,0,True,144.444,12128,0,2412,0.528485,142.04326869806093,0
False,7,15,0,True,144.444,12128,-43,2412,0.528509,142.04421835443037,0
False,7,15,0,True,144.444,12128,0,2412,0.528521,142.04516725978647,0
False,7,15,0,True,144.444,12128,-40,2412,0.528534,142.04611541501976,0
False,7,15,0,True,144.444,12128,0,2412,0.5296040000000001,142.04706282101935,0
False,7,15,0,True,144.444,12128,0,2412,0.529619,142.04800947867298,0
False,7,15,0,True,144.444,12128,0,2412,0.529632,142.04895538886694,0
False,7,15,0,True,144.444,12128,-34,2412,0.529645,142.04990055248618,0
False,7,15,0,True,144.444,12128,0,2412,0.5296580000000001,142.05084497041418,0
False,7,15,0,True,144.444,12128,0,2412,0.529673,142.05178864353311,0
False,7,15,0,True,144.444,12128,-39,2412,0.529686,142.05273157272367,0
False,7,15,0,True,144.444,12128,0,2412,0.5297,142.05367375886524,0
False,7,15,0,True,144.444,12128,0,2412,0.5297139999999999,142.05461520283575,0
False,7,15,0,True,144.444,12128,0,2412,0.529727,142.0555559055118,0
False,7,15,0,True,144.444,12128,-35,2412,0.52974,142.0564958677686,0
False,7,15,0,True,144.444,12128,-36,2412,0.5297569999999999,142.05743509047994,0
False,7,15,0,True,144.444,12128,-42,2412,0.5297740000000001,142.05837357451827,0
False,7,15,0,True,144.444,12128,-35,2412,0.5310119999999999,142.05931132075472,0
False,7,15,0,True,144.444,12128,-41,2412,0.53103,142.06024833005893,0
False,7,15,0,True,144.444,12128,0,2412,0.531044,142.0611846032993,0
False,7,15,0,True,144.444,12128,-44,2412,0.5310579999999999,142.06212014134275,0
False,7,15,0,True,144.444,12128,-39,2412,0.53107,142.06305494505492,0
False,7,15,0,True,144.444,12128,0,2412,0.5319159999999999,142.0639890153001,0
False,7,15,0,True,144.444,12128,0,2412,0.5319299999999999,142.06492235294115,0
False,7,15,0,True,144.444,12128,0,2412,0.5319429999999999,142.06585495883965,0
False,7,15,0,True,144.444,12128,-37,2412,0.5319569999999999,142.0667868338558,0
False,7,15,0,True,144.444,12128,-39,2412,0.5319710000000001,142.0677179788484,0
False,7,15,0,True,144.444,12128,-39,2412,0.531983,142.068648394675,0
False,7,15,0,True,144.444,12128,0,2412,0.531999,142.06957808219175,0
False,7,15,0,True,144.444,12128,-41,2412,0.532013,142.0705070422535,0
False,7,15,0,True,144.444,12128,-37,2412,0.5320250000000001,142.07143527571372,0
False,7,15,0,True,144.444,12128,-42,2412,0.53204,142.07236278342452,0
False,7,15,0,True,144.444,12128,-36,2412,0.532059,142.0732895662368,0
False,7,15,0,True,144.444,12128,0,2412,0.532074,142.074215625,0
False,7,15,0,True,144.444,12128,-41,2412,0.5320870000000001,142.07514096056227,0
False,7,15,0,True,144.444,12128,0,2412,0.532512,142.07606557377048,0
False,7,15,0,True,144.444,12128,-43,2412,0.5325300000000001,142.07698946547015,0
False,7,15,0,True,144.444,12128,0,2412,0.5325429999999999,142.07791263650546,0
False,7,15,0,True,144.444,12128,-34,2412,0.5325559999999999,142.07883508771928,0
False,7,15,0,True,144.444,12128,0,2412,0.535213,142.07975681995322,0
False,7,15,0,True,144.444,12128,0,2412,0.5352290000000001,142.08067783404752,0
False,7,15,0,True,144.444,12128,-39,2412,0.5352419999999999,142.08159813084112,0
False,7,15,0,True,144.444,12128,-35,2412,0.5352929999999999,142.08251771117165,0
False,7,15,0,True,144.444,12128,0,2412,0.535308,142.08343657587548,0
False,7,15,0,True,144.444,12128,-41,2412,0.535322,142.08435472578762,0
False,7,15,0,True,144.444,12128,-35,2412,0.535335,142.0852721617418,0
False,7,15,0,True,144.444,12128,-42,2412,0.5353519999999999,142.08618888457053,0
False,7,15,0,True,144.444,12128,-36,2412,0.5353640000000001,142.0871048951049,0
False,7,15,0,True,144.444,12128,-39,2412,0.5353769999999999,142.08802019417476,0
False,7,15,0,True,144.444,12128,-41,2412,0.5353899999999999,142.0889347826087,0
False,7,15,0,True,144.444,12128,-44,2412,0.535402,142.089848661234,0
False,7,15,0,True,144.444,12128,0,2412,0.5354150000000001,142.09076183087663,0
False,7,15,0,True,144.444,12128,0,2412,0.5354279999999999,142.09167429236138,0
False,7,15,0,True,144.444,12128,0,2412,0.535441,142.09258604651163,0
False,7,15,0,True,144.444,12128,-36,2412,0.535454,142.09349709414954,0
False,7,15,0,True,144.444,12128,0,2412,0.535467,142.09440743609605,0
False,7,15,0,True,144.444,12128,0,2412,0.5354789999999999,142.09531707317072,0
False,7,15,0,True,144.444,12128,-44,2412,0.5365859999999999,142.09622600619196,0
False,7,15,0,True,144.444,12128,0,2412,0.536603,142.0971342359768,0
False,7,15,0,True,144.444,12128,-40,2412,0.5366179999999999,142.09804176334106,0
False,7,15,0,True,144.444,12128,0,2412,0.5368160000000001,142.09894858909934,0
False,7,15,0,True,144.444,12128,-40,2412,0.5368289999999999,142.0998547140649,0
False,7,15,0,True,144.444,12128,0,2412,0.536844,142.1007601390498,0
False,7,15,0,True,144.444,12128,-40,2412,0.536857,142.10166486486486,0
False,7,15,0,True,144.444,12128,0,2412,0.5368719999999999,142.10256889231957,0
False,7,15,0,True,144.444,12128,-35,2412,0.5368860000000001,142.1034722222222,0
False,7,15,0,True,144.444,12128,-44,2412,0.5369,142.10437485537986,0
False,7,15,0,True,144.444,12128,-44,2412,0.536912,142.1052767925983,0
False,7,15,0,True,144.444,12128,-41,2412,0.536925,142.10617803468207,0
False,7,15,0,True,144.444,12128,0,2412,0.5369400000000001,142.1070785824345,0
False,7,15,0,True,144.444,12128,0,2412,0.536952,142.10797843665767,0
False,7,15,0,True,144.444,12128,0,2412,0.5369659999999999,142.10887759815242,0
False,7,15,0,True,144.444,12128,-37,2412,0.5369799999999999,142.10977606771834,0
False,7,15,0,True,144.444,12128,0,2412,0.5369929999999999,142.11067384615384,0
False,7,15,0,True,144.444,12128,-43,2412,0.5370039999999999,142.11157093425604,0
False,7,15,0,True,144.444,12128,-40,2412,0.537017,142.1124673328209,0
False,7,15,0,True,144.444,12128,-41,2412,0.53703,142.1133630426431,0
False,7,15,0,True,144.444,12128,0,2412,0.5393610000000001,142.11425806451612,0
False,7,15,0,True,144.444,12128,-42,2412,0.5393769999999999,142.11515239923224,0
False,7,15,0,True,144.444,12128,-39,2412,0.539392,142.1160460475825,0
False,7,15,0,True,144.444,12128,-36,2412,0.5394439999999999,142.11693901035673,0
False,7,15,0,True,144.444,12128,-39,2412,0.539456,142.11783128834355,0
False,7,15,0,True,144.444,12128,-34,2412,0.53947,142.1187228823304,0
False,7,15,0,True,144.444,12128,0,2412,0.5394849999999999,142.11961379310344,0
False,7,15,0,True,144.444,12128,-43,2412,0.5394979999999999,142.12050402144772,0
False,7,15,0,True,144.444,12128,0,2412,0.5395119999999999,142.121393568147,0
False,7,15,0,True,144.444,12128,0,2412,0.5395249999999999,142.1222824339839,0
False,7,15,0,True,144.444,12128,0,2412,0.539537,142.12317061973985,0
False,7,15,0,True,144.444,12128,0,2412,0.539551,142.12405812619502,0
False,7,15,0,True,144.444,12128,-39,2412,0.539565,142.12494495412844,0
False,7,15,0,True,144.444,12128,0,2412,0.5395770000000001,142.1258311043179,0
False,7,15,0,True,144.444,12128,0,2412,0.539589,142.1267165775401,0
False,7,15,0,True,144.444,12128,-35,2412,0.539602,142.12760137457045,0
False,7,15,0,True,144.444,12128,-41,2412,0.5396150000000001,142.1284854961832,0
False,7,15,0,True,144.444,12128,0,2412,0.5396279999999999,142.12936894315146,0
False,7,15,0,True,144.444,12128,-35,2412,0.539646,142.13025171624713,0
False,7,15,0,True,144.444,12128,-41,2412,0.539659,142.13113381624092,0
False,7,15,0,True,144.444,12128,-40,2412,0.539672,142.13201524390243,0
False,7,15,0,True,144.444,12128,0,2412,0.5397679999999999,142.132896,0
False,7,15,0,True,144.444,12128,0,2412,0.53978,142.13377608530084,0
False,7,15,0,True,144.444,12128,-36,2412,0.5397919999999999,142.13465550057097,0
False,7,15,0,True,144.444,12128,0,2412,0.539807,142.13553424657533,0
False,7,15,0,True,144.444,12128,0,2412,0.5398189999999999,142.13641232407758,0
False,7,15,0,True,144.444,12128,-44,2412,0.539837,142.1372897338403,0
False,7,15,0,True,144.444,12128,0,2412,0.53985,142.13816647662483,0
False,7,15,0,True,144.444,12128,0,2412,0.540893,142.13904255319147,0
False,7,15,0,True,144.444,12128,0,2412,0.540928,142.13991796429926,0
False,7,15,0,True,144.444,12128,0,2412,0.540941,142.14079271070614,0
False,7,15,0,True,144.444,12128,0,2412,0.5409529999999999,142.14166679316887,0
False,7,15,0,True,144.444,12128,-35,2412,0.540965,142.1425402124431,0
False,7,15,0,True,144.444,12128,0,2412,0.540976,142.14341296928328,0
False,7,15,0,True,144.444,12128,-40,2412,0.540987,142.14428506444276,0
False,7,15,0,True,144.444,12128,-44,2412,0.544628,142.14515649867374,0
False,7,15,0,True,144.444,12128,-35,2412,0.5446380000000001,142.14602727272725,0
False,7,15,0,True,144.444,12128,0,2412,0.5446479999999999,142.14689738735325,0
False,7,15,0,True,144.444,12128,-41,2412,0.5446589999999999,142.14776684330053,0
False,7,15,0,True,144.444,12128,-44,2412,0.544669,142.14863564131667,0
False,7,15,0,True,144.444,12128,0,2412,0.5446799999999999,142.14950378214823,0
False,7,15,0,True,144.444,12128,0,2412,0.5446890000000001,142.15037126654065,0
False,7,15,0,True,144.444,12128,0,2412,0.544698,142.15123809523809,0
False,7,15,0,True,144.444,12128,-40,2412,0.544706,142.15210426898375,0
False,7,15,0,True,144.444,12128,-40,2412,0.544715,142.1529697885196,0
False,7,15,0,True,144.444,12128,-41,2412,0.5447350000000001,142.15383465458663,0
False,7,15,0,True,144.444,12128,-43,2412,0.5447449999999999,142.1546988679245,0
False,7,15,0,True,144.444,12128,0,2412,0.5456739999999999,142.15556242927195,0
False,7,15,0,True,144.444,12128,-37,2412,0.545684,142.1564253393665,0
False,7,15,0,True,144.444,12128,-39,2412,0.545692,142.15728759894458,0
False,7,15,0,True,144.444,12128,-37,2412,0.5457,142.15814920874152,0
False,7,15,0,True,144.444,12128,0,2412,0.545708,142.15901016949152,0
False,7,15,0,True,144.444,12128,-41,2412,0.5475450000000001,142.1598704819277,0
False,7,15,0,True,144.444,12128,-42,2412,0.547557,142.16073014678207,0
False,7,15,0,True,144.444,12128,-39,2412,0.547567,142.16158916478554,0
False,7,15,0,True,144.444,12128,0,2412,0.5476899999999999,142.1624475366679,0
False,7,15,0,True,144.444,12128,0,2412,0.5477,142.16330526315787,0
False,7,15,0,True,144.444,12128,0,2412,0.5477089999999999,142.16416234498308,0
False,7,15,0,True,144.444,12128,-39,2412,0.547718,142.16501878287002,0
False,7,15,0,True,144.444,12128,-41,2412,0.5477279999999999,142.16587457754412,0
False,7,15,0,True,144.444,12128,-35,2412,0.547738,142.16672972972972,0
False,7,15,0,True,144.444,12128,0,2412,0.5477469999999999,142.1675842401501,0
False,7,15,0,True,144.444,12128,-36,2412,0.547756,142.16843810952736,0
False,7,15,0,True,144.444,12128,-42,2412,0.547765,142.16929133858267,0
False,7,15,0,True,144.444,12128,0,2412,0.5477740000000001,142.17014392803597,0
False,7,15,0,True,144.444,12128,0,2412,0.5477819999999999,142.1709958786062,0
False,7,15,0,True,144.444,12128,0,2412,0.547791,142.17184719101124,0
False,7,15,0,True,144.444,12128,0,2412,0.547799,142.1726978659678,0
False,7,15,0,True,144.444,12128,0,2412,0.5478059999999999,142.1735479041916,0
False,7,15,0,True,144.444,12128,-36,2412,0.547815,142.17439730639728,0
False,7,15,0,True,144.444,12128,0,2412,0.5478230000000001,142.1752460732984,0
False,7,15,0,True,144.444,12128,-36,2412,0.5478329999999999,142.17609420560748,0
False,7,15,0,True,144.444,12128,0,2412,0.547842,142.17694170403587,0
False,7,15,0,True,144.444,12128,0,2412,0.549411,142.17778856929397,0
False,7,15,0,True,144.444,12128,-40,2412,0.5494279999999999,142.1786348020911,0
False,7,15,0,True,144.444,12128,0,2412,0.549568,142.17948040313547,0
False,7,15,0,True,144.444,12128,-44,2412,0.5495770000000001,142.1803253731343,0
False,7,15,0,True,144.444,12128,-41,2412,0.5495849999999999,142.18116971279372,0
False,7,15,0,True,144.444,12128,-36,2412,0.549594,142.18201342281878,0
False,7,15,0,True,144.444,12128,-40,2412,0.549602,142.1828565039135,0
False,7,15,0,True,144.444,12128,-40,2412,0.549611,142.18369895678092,0
False,7,15,0,True,144.444,12128,-43,2412,0.549619,142.1845407821229,0
False,7,15,0,True,144.444,12128,-41,2412,0.5496279999999999,142.18538198064033,0
False,7,15,0,True,144.444,12128,0,2412,0.5496359999999999,142.1862225530331,0
False,7,15,0,True,144.444,12128,-39,2412,0.549643,142.1870625,0
False,7,15,0,True,144.444,12128,-37,2412,0.549651,142.18790182223876,0
False,7,15,0,True,144.444,12128,0,2412,0.549659,142.1887405204461,0
False,7,15,0,True,144.444,12128,0,2412,0.5496679999999999,142.1895785953177,0
False,7,15,0,True,144.444,12128,-36,2412,0.5496759999999999,142.1904160475483,0
False,7,15,0,True,144.444,12128,-41,2412,0.5496899999999999,142.1912528778314,0
False,7,15,0,True,144.444,12128,0,2412,0.550555,142.19208908685968,0
False,7,15,0,True,144.444,12128,-40,2412,0.550572,142.19292467532466,0
False,7,15,0,True,144.444,12128,0,2412,0.555616,142.1937596439169,0
False,7,15,0,True,144.444,12128,0,2412,0.555624,142.1945939933259,0
False,7,15,0,True,144.444,12128,-35,2412,0.555659,142.19542772424018,0
False,7,15,0,True,144.444,12128,-36,2412,0.555667,142.19626083734715,0
False,7,15,0,True,144.444,12128,0,2412,0.555676,142.19709333333333,0
False,7,15,0,True,144.444,12128,0,2412,0.555684,142.19792521288412,0
False,7,15,0,True,144.444,12128,0,2412,0.555692,142.1987564766839,0
False,7,15,0,True,144.444,12128,-43,2412,0.5556979999999999,142.1995871254162,0
False,7,15,0,True,144.444,12128,0,2412,0.5557059999999999,142.2004171597633,0
False,7,15,0,True,144.444,12128,-40,2412,0.5557139999999999,142.20124658040663,0
False,7,15,0,True,144.444,12128,-44,2412,0.5557230000000001,142.2020753880266,0
False,7,15,0,True,144.444,12128,-35,2412,0.55573,142.20290358330254,0
False,7,15,0,True,144.444,12128,-44,2412,0.555737,142.20373116691283,0
False,7,15,0,True,144.444,12128,0,2412,0.555746,142.20455813953487,0
False,7,15,0,True,144.444,12128,-41,2412,0.5557549999999999,142.205384501845,0
False,7,15,0,True,144.444,12128,-41,2412,0.5559569999999999,142.20621025451862,0
False,7,15,0,True,144.444,12128,-44,2412,0.555967,142.2070353982301,0
False,7,15,0,True,144.444,12128,-39,2412,0.5572199999999999,142.20785993365277,0
False,7,15,0,True,144.444,12128,-40,2412,0.5584429999999999,142.2086838614591,0
False,7,15,0,True,144.444,12128,0,2412,0.5584509999999999,142.20950718232044,0
False,7,15,0,True,144.444,12128,-40,2412,0.5584570000000001,142.2103298969072,0
False,7,15,0,True,144.444,12128,0,2412,0.5584649999999999,142.21115200588883,0
False,7,15,0,True,144.444,12128,-35,2412,0.558471,142.21197350993376,0
False,7,15,0,True,144.444,12128,0,2412,0.5584779999999999,142.21279440970943,0
False,7,15,0,True,144.444,12128,0,2412,0.558485,142.21361470588235,0
False,7,15,0,True,144.444,12128,0,2412,0.5584919999999999,142.21443439911798,0
False,7,15,0,True,144.444,12128,-41,2412,0.558499,142.2152534900808,0
False,7,15,0,True,144.444,12128,0,2412,0.5585060000000001,142.21607197943442,0
False,7,15,0,True,144.444,12128,0,2412,0.558512,142.2168898678414,0
False,7,15,0,True,144.444,12128,-39,2412,0.55852,142.2177071559633,0
False,7,15,0,True,144.444,12128,-34,2412,0.558526,142.21852384446072,0
False,7,15,0,True,144.444,12128,0,2412,0.558534,142.21933993399338,0
False,7,15,0,True,144.444,12128,-36,2412,0.5585399999999999,142.22015542521993,0
False,7,15,0,True,144.444,12128,-42,2412,0.558547,142.2209703187981,0
False,7,15,0,True,144.444,12128,-41,2412,0.558553,142.22178461538462,0
False,7,15,0,True,144.444,12128,0,2412,0.5585600000000001,142.22259831563528,0
False,7,15,0,True,144.444,12128,-44,2412,0.5585669999999999,142.22341142020497,0
False,7,15,0,True,144.444,12128,-40,2412,0.558574,142.22422392974752,0
False,7,15,0,True,144.444,12128,0,2412,0.5595169999999999,142.22503584491588,0
False,7,15,0,True,144.444,12128,0,2412,0.5595249999999999,142.22584716636197,0
False,7,15,0,True,144.444,12128,-41,2412,0.559532,142.22665789473683,0
False,7,15,0,True,144.444,12128,0,2412,0.5595389999999999,142.22746803069052,0
False,7,15,0,True,144.444,12128,0,2412,0.5595450000000001,142.22827757487215,0
False,7,15,0,True,144.444,12128,0,2412,0.559551,142.2290865279299,0
False,7,15,0,True,144.444,12128,0,2412,0.5595579999999999,142.22989489051093,0
False,7,15,0,True,144.444,12128,-36,2412,0.560949,142.23070266326158,0
False,7,15,0,True,144.444,12128,0,2412,0.560966,142.23150984682712,0
False,7,15,0,True,144.444,12128,0,2412,0.560979,142.232316441852,0
False,7,15,0,True,144.444,12128,0,2412,0.560992,142.2331224489796,0
False,7,15,0,True,144.444,12128,0,2412,0.5610050000000001,142.23392786885245,0
False,7,15,0,True,144.444,12128,0,2412,0.561017,142.23473270211215,0
False,7,15,0,True,144.444,12128,0,2412,0.56103,142.23553694939932,0
False,7,15,0,True,144.444,12128,0,2412,0.5610430000000001,142.2363406113537,0
False,7,15,0,True,144.444,12128,-36,2412,0.56278,142.23714368861403,0
False,7,15,0,True,144.444,12128,-43,2412,0.562804,142.23794618181816,0
False,7,15,0,True,144.444,12128,-41,2412,0.5628190000000001,142.23874809160304,0
False,7,15,0,True,144.444,12128,-35,2412,0.5628730000000001,142.23954941860464,0
False,7,15,0,True,144.444,12128,-44,2412,0.5628859999999999,142.24035016345803,0
False,7,15,0,True,144.444,12128,-41,2412,0.5629000000000001,142.24115032679737,0
False,7,15,0,True,144.444,12128,0,2412,0.5629129999999999,142.24194990925588,0
False,7,15,0,True,144.444,12128,-44,2412,0.562925,142.2427489114659,0
False,7,15,0,True,144.444,12128,-41,2412,0.562938,142.24354733405875,0
False,7,15,0,True,144.444,12128,-44,2412,0.5629529999999999,142.24434517766497,0
False,7,15,0,True,144.444,12128,-40,2412,0.5629669999999999,142.2451424429141,0
False,7,15,0,True,144.444,12128,0,2412,0.5629799999999999,142.24593913043478,0
False,7,15,0,True,144.444,12128,0,2412,0.5629939999999999,142.24673524085475,0
False,7,15,0,True,144.444,12128,-36,2412,0.5630080000000001,142.24753077480085,0
False,7,15,0,True,144.444,12128,0,2412,0.5630209999999999,142.24832573289902,0
False,7,15,0,True,144.444,12128,0,2412,0.5630339999999999,142.24912011577422,0
False,7,15,0,True,144.444,12128,-36,2412,0.5630479999999999,142.24991392405062,0
False,7,15,0,True,144.444,12128,-42,2412,0.5630609999999999,142.25070715835142,0
False,7,15,0,True,144.444,12128,0,2412,0.5648179999999999,142.25149981929886,0
False,7,15,0,True,144.444,12128,0,2412,0.564836,142.25229190751443,0
False,7,15,0,True,144.444,12128,-40,2412,0.5648540000000001,142.25308342361862,0
False,7,15,0,True,144.444,12128,0,2412,0.564904,142.25387436823104,0
False,7,15,0,True,144.444,12128,0,2412,0.564917,142.2546647419704,0
False,7,15,0,True,144.444,12128,-37,2412,0.564933,142.25545454545454,0
False,7,15,0,True,144.444,12128,-40,2412,0.5649479999999999,142.25624377930038,0
False,7,15,0,True,144.444,12128,0,2412,0.5649620000000001,142.257032444124,0
False,7,15,0,True,144.444,12128,0,2412,0.564977,142.25782054054054,0
False,7,15,0,True,144.444,12128,-35,2412,0.564992,142.25860806916427,0
False,7,15,0,True,144.444,12128,0,2412,0.565006,142.25939503060857,0
False,7,15,0,True,144.444,12128,-40,2412,0.565019,142.26018142548594,0
False,7,15,0,True,144.444,12128,0,2412,0.5650320000000001,142.26096725440806,0
False,7,15,0,True,144.444,12128,0,2412,0.5650449999999999,142.2617525179856,0
False,7,15,0,True,144.444,12128,-39,2412,0.565058,142.26253721682846,0
False,7,15,0,True,144.444,12128,0,2412,0.5650719999999999,142.26332135154564,0
False,7,15,0,True,144.444,12128,0,2412,0.5650860000000001,142.26410492274522,0
False,7,15,0,True,144.444,12128,-34,2412,0.5651,142.26488793103448,0
False,7,15,0,True,144.444,12128,0,2412,0.5651149999999999,142.26567037701975,0
False,7,15,0,True,144.444,12128,-39,2412,0.5651289999999999,142.26645226130654,0
False,7,15,0,True,144.444,12128,0,2412,0.566858,142.26723358449945,0
False,7,15,0,True,144.444,12128,0,2412,0.566871,142.2680143472023,0
False,7,15,0,True,144.444,12128,0,2412,0.566885,142.2687945500179,0
False,7,15,0,True,144.444,12128,0,2412,0.5669000000000001,142.26957419354838,0
False,7,15,0,True,144.444,12128,0,2412,0.5669129999999999,142.27035327839482,0
False,7,15,0,True,144.444,12128,0,2412,0.566928,142.27113180515758,0
False,7,15,0,True,144.444,12128,0,2412,0.566941,142.27190977443607,0
False,7,15,0,True,144.444,12128,-36,2412,0.5669540000000001,142.2726871868289,0
False,7,15,0,True,144.444,12128,-37,2412,0.5669669999999999,142.2734640429338,0
False,7,15,0,True,144.444,12128,-43,2412,0.566982,142.27424034334763,0
False,7,15,0,True,144.444,12128,-36,2412,0.5669959999999999,142.2750160886664,0
False,7,15,0,True,144.444,12128,-35,2412,0.5670080000000001,142.27579127948533,0
False,7,15,0,True,144.444,12128,0,2412,0.567022,142.2765659163987,0
False,7,15,0,True,144.444,12128,-39,2412,0.567036,142.27733999999998,0
False,7,15,0,True,144.444,12128,-42,2412,0.569163,142.27811353088182,0
False,7,15,0,True,144.444,12128,-36,2412,0.5691769999999999,142.27888650963595,0
False,7,15,0,True,144.444,12128,0,2412,0.569192,142.27965893685337,0
False,7,15,0,True,144.444,12128,-39,2412,0.569206,142.2804308131241,0
False,7,15,0,True,144.444,12128,-36,2412,0.569222,142.28120213903742,0
False,7,15,0,True,144.444,12128,-41,2412,0.5692369999999999,142.28197291518174,0
False,7,15,0,True,144.444,12128,-40,2412,0.5692510000000001,142.28274314214462,0
False,7,15,0,True,144.444,12128,-37,2412,0.569263,142.2835128205128,0
False,7,15,0,True,144.444,12128,0,2412,0.569276,142.28428195087218,0
False,7,15,0,True,144.444,12128,0,2412,0.56929,142.2850505338078,0
False,7,15,0,True,144.444,12128,0,2412,0.5693039999999999,142.28581856990394,0
False,7,15,0,True,144.444,12128,0,2412,0.569317,142.28658605974394,0
False,7,15,0,True,144.444,12128,0,2412,0.5693309999999999,142.2873530039104,0
False,7,15,0,True,144.444,12128,-40,2412,0.569344,142.28811940298505,0
False,7,15,0,True,144.444,12128,0,2412,0.5693579999999999,142.28888525754883,0
False,7,15,0,True,144.444,12128,-35,2412,0.569371,142.2896505681818,0
False,7,15,0,True,144.444,12128,-39,2412,0.5693860000000001,142.29041533546325,0
False,7,15,0,True,144.444,12128,0,2412,0.5694400000000001,142.2911795599716,0
False,7,15,0,True,144.444,12128,-41,2412,0.56946,142.2919432422845,0
False,7,15,0,True,144.444,12128,-42,2412,0.5694739999999999,142.2927063829787,0
False,7,15,0,True,144.444,12128,-41,2412,0.569487,142.29346898263026,0
False,7,15,0,True,144.444,12128,0,2412,0.569503,142.2942310418143,0
False,7,15,0,True,144.444,12128,0,2412,0.5695169999999999,142.2949925611052,0
False,7,15,0,True,144.444,12128,0,2412,0.570474,142.2957535410765,0
False,7,15,0,True,144.444,12128,0,2412,0.570491,142.29651398230087,0
False,7,15,0,True,144.444,12128,-41,2412,0.570507,142.2972738853503,0
False,7,15,0,True,144.444,12128,0,2412,0.570521,142.29803325079587,0
False,7,15,0,True,144.444,12128,-36,2412,0.5705319999999999,142.2987920792079,0
False,7,15,0,True,144.444,12128,-36,2412,0.570545,142.29955037115587,0
False,7,15,0,True,144.444,12128,-36,2412,0.570558,142.30030812720847,0
False,7,15,0,True,144.444,12128,0,2412,0.5705729999999999,142.3010653479336,0
False,7,15,0,True,144.444,12128,0,2412,0.5705870000000001,142.3018220338983,0
False,7,15,0,True,144.444,12128,-44,2412,0.5705999999999999,142.3025781856689,0
False,7,15,0,True,144.444,12128,-40,2412,0.5706140000000001,142.30333380381086,0
False,7,15,0,True,144.444,12128,-44,2412,0.5731499999999999,142.30408888888888,0
False,7,15,0,True,144.444,12128,-36,2412,0.573165,142.30484344146686,0
False,7,15,0,True,144.444,12128,0,2412,0.573179,142.30559746210787,0
False,7,15,0,True,144.444,12128,0,2412,0.573193,142.3063509513742,0
False,7,15,0,True,144.444,12128,-36,2412,0.5732069999999999,142.3071039098274,0
False,7,15,0,True,144.444,12128,-42,2412,0.57322,142.30785633802816,0
False,7,15,0,True,144.444,12128,0,2412,0.5732339999999999,142.30860823653643,0
False,7,15,0,True,144.444,12128,0,2412,0.5732480000000001,142.3093596059113,0
False,7,15,0,True,144.444,12128,-39,2412,0.573262,142.3101104467112,0
False,7,15,0,True,144.444,12128,0,2412,0.5756659999999999,142.31086075949366,0
False,7,15,0,True,144.444,12128,-41,2412,0.575681,142.31161054481547,0
False,7,15,0,True,144.444,12128,-42,2412,0.575694,142.3123598032326,0
False,7,15,0,True,144.444,12128,0,2412,0.5757089999999999,142.3131085353003,0
False,7,15,0,True,144.444,12128,0,2412,0.5757229999999999,142.313856741573,0
False,7,15,0,True,144.444,12128,-41,2412,0.575737,142.31460442260442,0
False,7,15,0,True,144.444,12128,-41,2412,0.5757519999999999,142.31535157894734,0
False,7,15,0,True,144.444,12128,0,2412,0.575764,142.31609821115399,0
False,7,15,0,True,144.444,12128,0,2412,0.5757770000000001,142.31684431977558,0
False,7,15,0,True,144.444,12128,0,2412,0.575789,142.31758990536275,0
False,7,15,0,True,144.444,12128,-36,2412,0.575803,142.3183349684653,0
False,7,15,0,True,144.444,12128,-36,2412,0.575818,142.31907950963222,0
False,7,15,0,True,144.444,12128,-36,2412,0.5758310000000001,142.31982352941176,0
False,7,15,0,True,144.444,12128,0,2412,0.575845,142.3205670283514,0
False,7,15,0,True,144.444,12128,0,2412,0.5758610000000001,142.3213100069979,0
False,7,15,0,True,144.444,12128,0,2412,0.5758759999999999,142.32205246589714,0
False,7,15,0,True,144.444,12128,-40,2412,0.575891,142.3227944055944,0
False,7,15,0,True,144.444,12128,0,2412,0.5784349999999999,142.32353582663404,0
False,7,15,0,True,144.444,12128,0,2412,0.5784509999999999,142.32427672955973,0
False,7,15,0,True,144.444,12128,-35,2412,0.578464,142.32501711491443,0
False,7,15,0,True,144.444,12128,-44,2412,0.5784779999999999,142.3257569832402,0
False,7,15,0,True,144.444,12128,-44,2412,0.578491,142.32649633507853,0
False,7,15,0,True,144.444,12128,-41,2412,0.578504,142.32723517097,0
False,7,15,0,True,144.444,12128,-41,2412,0.578518,142.32797349145446,0
False,7,15,0,True,144.444,12128,-39,2412,0.5801329999999999,142.32871129707112,0
False,7,15,0,True,144.444,12128,0,2412,0.580631,142.3294485883583,0
False,7,15,0,True,144.444,12128,-34,2412,0.580644,142.33018536585365,0
False,7,15,0,True,144.444,12128,-41,2412,0.580658,142.33092163009402,0
False,7,15,0,True,144.444,12128,-41,2412,0.580671,142.3316573816156,0
False,7,15,0,True,144.444,12128,0,2412,0.580683,142.3323926209537,0
False,7,15,0,True,144.444,12128,0,2412,0.580698,142.333127348643,0
False,7,15,0,True,144.444,12128,0,2412,0.580715,142.33386156521738,0
False,7,15,0,True,144.444,12128,0,2412,0.580728,142.33459527121,0
False,7,15,0,True,144.444,12128,-36,2412,0.5807429999999999,142.3353284671533,0
False,7,15,0,True,144.444,12128,-36,2412,0.5807559999999999,142.33606115357887,0
False,7,15,0,True,144.444,12128,-36,2412,0.581846,142.3367933310177,0
False,7,15,0,True,144.444,12128,0,2412,0.5818629999999999,142.337525,0
False,7,15,0,True,144.444,12128,0,2412,0.581875,142.33825616105517,0
False,7,15,0,True,144.444,12128,0,2412,0.581889,142.338986814712,0
False,7,15,0,True,144.444,12128,-39,2412,0.581902,142.33971696149843,0
False,7,15,0,True,144.444,12128,0,2412,0.582952,142.34044660194175,0
False,7,15,0,True,144.444,12128,0,2412,0.582969,142.34117573656846,0
False,7,15,0,True,144.444,12128,0,2412,0.5829829999999999,142.34190436590436,0
False,7,15,0,True,144.444,12128,-44,2412,0.5829969999999999,142.34263249047453,0
False,7,15,0,True,144.444,12128,0,2412,0.5830110000000001,142.3433601108033,0
False,7,15,0,True,144.444,12128,-41,2412,0.5830239999999999,142.34408722741432,0
False,7,15,0,True,144.444,12128,-41,2412,0.5830369999999999,142.34481384083043,0
False,7,15,0,True,144.444,12128,-44,2412,0.58305,142.34553995157384,0
False,7,15,0,True,144.444,12128,-44,2412,0.5830639999999999,142.34626556016596,0
False,7,15,0,True,144.444,12128,-35,2412,0.583076,142.34699066712756,0
False,7,15,0,True,144.444,12128,-40,2412,0.583092,142.34771527297858,0
False,7,15,0,True,144.444,12128,-37,2412,0.583104,142.34843937823834,0
False,7,15,0,True,144.444,12128,0,2412,0.583122,142.3491629834254,0
False,7,15,0,True,144.444,12128,0,2412,0.5842379999999999,142.34988608905763,0
False,7,15,0,True,144.444,12128,-40,2412,0.5842539999999999,142.35060869565217,0
False,7,15,0,True,144.444,12128,-37,2412,0.584304,142.3513308037254,0
False,7,15,0,True,144.444,12128,0,2412,0.584316,142.35205241379307,0
False,7,15,0,True,144.444,12128,0,2412,0.5843299999999999,142.3527735263702,0
False,7,15,0,True,144.444,12128,0,2412,0.584342,142.35349414197105,0
False,7,15,0,True,144.444,12128,0,2412,0.5843550000000001,142.35421426110918,0
False,7,15,0,True,144.444,12128,-39,2412,0.584369,142.3549338842975,0
False,7,15,0,True,144.444,12128,0,2412,0.5843869999999999,142.35565301204818,0
False,7,15,0,True,144.444,12128,0,2412,0.585365,142.35637164487267,0
False,7,15,0,True,144.444,12128,0,2412,0.585381,142.3570897832817,0
False,7,15,0,True,144.444,12128,-39,2412,0.5853940000000001,142.35780742778542,0
False,7,15,0,True,144.444,12128,0,2412,0.5854069999999999,142.35852457889308,0
False,7,15,0,True,144.444,12128,0,2412,0.5854210000000001,142.3592412371134,0
False,7,15,0,True,144.444,12128,-39,2412,0.585433,142.3599574029543,0
False,7,15,0,True,144.444,12128,0,2412,0.586609,142.36067307692306,0
False,7,15,0,True,144.444,12128,0,2412,0.586626,142.36138825952625,0
False,7,15,0,True,144.444,12128,-40,2412,0.5866379999999999,142.36210295126972,0
False,7,15,0,True,144.444,12128,-36,2412,0.5866520000000001,142.36281715265864,0
False,7,15,0,True,144.444,12128,-39,2412,0.5866649999999999,142.36353086419751,0
False,7,15,0,True,144.444,12128,0,2412,0.586677,142.3642440863901,0
False,7,15,0,True,144.444,12128,-41,2412,0.58669,142.36495681973952,0
False,7,15,0,True,144.444,12128,-42,2412,0.586702,142.36566906474818,0
False,7,15,0,True,144.444,12128,0,2412,0.586715,142.3663808219178,0
False,7,15,0,True,144.444,12128,0,2412,0.586729,142.36709209174938,0
False,7,15,0,True,144.444,12128,0,2412,0.586742,142.36780287474332,0
False,7,15,0,True,144.444,12128,0,2412,0.586761,142.36851317139923,0
False,7,15,0,True,144.444,12128,-41,2412,0.586774,142.36922298221614,0
False,7,15,0,True,144.444,12128,-42,2412,0.587992,142.3699323076923,0
False,7,15,0,True,144.444,12128,0,2412,0.5880089999999999,142.37064114832535,0
False,7,15,0,True,144.444,12128,-41,2412,0.5880230000000001,142.37134950461223,0
False,7,15,0,True,144.444,12128,-34,2412,0.5880359999999999,142.37205737704917,0
False,7,15,0,True,144.444,12128,-39,2412,0.588048,142.37276476613178,0
False,7,15,0,True,144.444,12128,0,2412,0.5885759999999999,142.37347167235495,0
False,7,15,0,True,144.444,12128,0,2412,0.5885889999999999,142.3741780962129,0
False,7,15,0,True,144.444,12128,0,2412,0.588609,142.37488403819916,0
False,7,15,0,True,144.444,12128,0,2412,0.588623,142.37558949880668,0
False,7,15,0,True,144.444,12128,-39,2412,0.588636,142.3762944785276,0
False,7,15,0,True,144.444,12128,0,2412,0.588656,142.37699897785348,0
False,7,15,0,True,144.444,12128,0,2412,0.5886680000000001,142.37770299727518,0
False,7,15,0,True,144.444,12128,-41,2412,0.58868,142.37840653728293,0
False,7,15,0,True,144.444,12128,0,2412,0.589581,142.37910959836623,0
False,7,15,0,True,144.444,12128,0,2412,0.589597,142.37981218101393,0
False,7,15,0,True,144.444,12128,0,2412,0.589611,142.38051428571427,0
False,7,15,0,True,144.444,12128,0,2412,0.5896229999999999,142.38121591295476,0
False,7,15,0,True,144.444,12128,0,2412,0.5896370000000001,142.3819170632223,0
False,7,15,0,True,144.444,12128,0,2412,0.589651,142.38261773700305,0
False,7,15,0,True,144.444,12128,0,2412,0.589662,142.3833179347826,0
False,7,15,0,True,144.444,12128,-39,2412,0.5896750000000001,142.38401765704583,0
False,7,15,0,True,144.444,12128,-36,2412,0.5896879999999999,142.38471690427698,0
False,7,15,0,True,144.444,12128,0,2412,0.5908699999999999,142.3854156769596,0
False,7,15,0,True,144.444,12128,-42,2412,0.590887,142.38611397557665,0
False,7,15,0,True,144.444,12128,-40,2412,0.590901,142.38681180061036,0
False,7,15,0,True,144.444,12128,0,2412,0.590952,142.38750915254235,0
False,7,15,0,True,144.444,12128,-42,2412,0.5909650000000001,142.3882060318536,0
False,7,15,0,True,144.444,12128,-41,2412,0.590979,142.38890243902438,0
False,7,15,0,True,144.444,12128,0,2412,0.590993,142.38959837453436,0
False,7,15,0,True,144.444,12128,-39,2412,0.591006,142.39029383886253,0
False,7,15,0,True,144.444,12128,0,2412,0.5910190000000001,142.3909888324873,0
False,7,15,0,True,144.444,12128,-34,2412,0.591033,142.39168335588633,0
False,7,15,0,True,144.444,12128,-41,2412,0.5910449999999999,142.39237740953666,0
False,7,15,0,True,144.444,12128,0,2412,0.591058,142.3930709939148,0
False,7,15,0,True,144.444,12128,0,2412,0.591071,142.39376410949643,0
False,7,15,0,True,144.444,12128,-40,2412,0.59109,142.39445675675674,0
False,7,15,0,True,144.444,12128,0,2412,0.591103,142.3951489361702,0
False,7,15,0,True,144.444,12128,-40,2412,0.5919199999999999,142.39584064821065,0
False,7,15,0,True,144.444,12128,0,2412,0.59499,142.39653189335132,0
False,7,15,0,True,144.444,12128,0,2412,0.5950019999999999,142.39722267206477,0
False,7,15,0,True,144.444,12128,0,2412,0.595014,142.39791298482294,0
False,7,15,0,True,144.444,12128,0,2412,0.595028,142.39860283209708,0
False,7,15,0,True,144.444,12128,0,2412,0.595039,142.39929221435793,0
False,7,15,0,True,144.444,12128,-41,2412,0.59505,142.39998113207545,0
False,7,15,0,True,144.444,12128,-40,2412,0.5950620000000001,142.40066958571907,0
False,7,15,0,True,144.444,12128,0,2412,0.595077,142.40135757575757,0
False,7,15,0,True,144.444,12128,-43,2412,0.595101,142.40204510265903,0
False,7,15,0,True,144.444,12128,0,2412,0.595114,142.40273216689098,0
False,7,15,0,True,144.444,12128,-42,2412,0.5961120000000001,142.40341876892026,0
False,7,15,0,True,144.444,12128,-39,2412,0.5961279999999999,142.40410490921317,0
False,7,15,0,True,144.444,12128,0,2412,0.5961420000000001,142.40479058823527,0
False,7,15,0,True,144.444,12128,0,2412,0.5961549999999999,142.4054758064516,0
False,7,15,0,True,144.444,12128,0,2412,0.596167,142.40616056432648,0
False,7,15,0,True,144.444,12128,0,2412,0.5985969999999999,142.4068448623237,0
False,7,15,0,True,144.444,12128,0,2412,0.5986140000000001,142.40752870090634,0
False,7,15,0,True,144.444,12128,-39,2412,0.598628,142.4082120805369,0
False,7,15,0,True,144.444,12128,-41,2412,0.5987569999999999,142.40889500167728,0
False,7,15,0,True,144.444,12128,0,2412,0.598771,142.40957746478873,0
False,7,15,0,True,144.444,12128,0,2412,0.598785,142.41025947033185,0
False,7,15,0,True,144.444,12128,0,2412,0.598798,142.41094101876675,0
False,7,15,0,True,144.444,12128,0,2412,0.598812,142.41162211055274,0
False,7,15,0,True,144.444,12128,0,2412,0.5988269999999999,142.4123027461487,0
False,7,15,0,True,144.444,12128,0,2412,0.5988410000000001,142.41298292601272,0
False,7,15,0,True,144.444,12128,0,2412,0.598855,142.41366265060242,0
False,7,15,0,True,144.444,12128,0,2412,0.598869,142.41434192037468,0
False,7,15,0,True,144.444,12128,0,2412,0.5988829999999999,142.41502073578593,0
False,7,15,0,True,144.444,12128,0,2412,0.5988969999999999,142.41569909729188,0
False,7,15,0,True,144.444,12128,0,2412,0.599382,142.41637700534758,0
False,7,15,0,True,144.444,12128,0,2412,0.599395,142.4170544604076,0
False,7,15,0,True,144.444,12128,-40,2412,0.599417,142.41773146292584,0
False,7,15,0,True,144.444,12128,-34,2412,0.599546,142.4184080133556,0
False,7,15,0,True,144.444,12128,0,2412,0.5995590000000001,142.41908411214953,0
False,7,15,0,True,144.444,12128,0,2412,0.599571,142.41975975975976,0
False,7,15,0,True,144.444,12128,0,2412,0.599584,142.42043495663773,0
False,7,15,0,True,144.444,12128,-40,2412,0.5995959999999999,142.4211097032344,0
False,7,15,0,True,144.444,12128,0,2412,0.599608,142.42178399999997,0
False,7,15,0,True,144.444,12128,-35,2412,0.599625,142.42245784738418,0
False,7,15,0,True,144.444,12128,0,2412,0.5996370000000001,142.4231312458361,0
False,7,15,0,True,144.444,12128,-36,2412,0.599649,142.4238041958042,0
False,7,15,0,True,144.444,12128,-44,2412,0.6006790000000001,142.42447669773634,0
False,7,15,0,True,144.444,12128,0,2412,0.600699,142.42514875207985,0
False,7,15,0,True,144.444,12128,-41,2412,0.600712,142.42582035928143,0
False,7,15,0,True,144.444,12128,-40,2412,0.6007250000000001,142.42649151978716,0
False,7,15,0,True,144.444,12128,-39,2412,0.6055879999999999,142.42716223404253,0
False,7,15,0,True,144.444,12128,-37,2412,0.6056020000000001,142.42783250249252,0
False,7,15,0,True,144.444,12128,-36,2412,0.605616,142.42850232558138,0
False,7,15,0,True,144.444,12128,0,2412,0.60563,142.4291717037529,0
False,7,15,0,True,144.444,12128,0,2412,0.605644,142.42984063745018,0
False,7,15,0,True,144.444,12128,-36,2412,0.60566,142.4305091271158,0
False,7,15,0,True,144.444,12128,-43,2412,0.6056750000000001,142.43117717319174,0
False,7,15,0,True,144.444,12128,0,2412,0.60569,142.4318447761194,0
False,7,15,0,True,144.444,12128,0,2412,0.6057020000000001,142.43251193633952,0
False,7,15,0,True,144.444,12128,-39,2412,0.6057180000000001,142.43317865429233,0
False,7,15,0,True,144.444,12128,-36,2412,0.605732,142.43384493041748,0
False,7,15,0,True,144.444,12128,0,2412,0.605746,142.43451076515402,0
False,7,15,0,True,144.444,12128,0,2412,0.60576,142.43517615894038,0
False,7,15,0,True,144.444,12128,-39,2412,0.6057750000000001,142.4358411122145,0
False,7,15,0,True,144.444,12128,-35,2412,0.6070509999999999,142.43650562541362,0
False,7,15,0,True,144.444,12128,-42,2412,0.607063,142.43716969897451,0
False,7,15,0,True,144.444,12128,-41,2412,0.607077,142.43783333333332,0
False,7,15,0,True,144.444,12128,-41,2412,0.60709,142.4384965289256,0
False,7,15,0,True,144.444,12128,-34,2412,0.6071049999999999,142.43915928618637,0
False,7,15,0,True,144.444,12128,0,2412,0.6071190000000001,142.43982160555004,0
False,7,15,0,True,144.444,12128,0,2412,0.607133,142.44048348745045,0
False,7,15,0,True,144.444,12128,0,2412,0.6071460000000001,142.4411449323209,0
False,7,15,0,True,144.444,12128,0,2412,0.60716,142.44180594059404,0
False,7,15,0,True,144.444,12128,-40,2412,0.607174,142.44246651270205,0
False,7,15,0,True,144.444,12128,0,2412,0.607188,142.4431266490765,0
False,7,15,0,True,144.444,12128,-36,2412,0.6072080000000001,142.44378635014837,0
False,7,15,0,True,144.444,12128,0,2412,0.607223,142.44444561634805,0
False,7,15,0,True,144.444,12128,-35,2412,0.608038,142.4451044481054,0
False,7,15,0,True,144.444,12128,-41,2412,0.6080549999999999,142.4457628458498,0
False,7,15,0,True,144.444,12128,0,2412,0.60807,142.44642081000987,0
False,7,15,0,True,144.444,12128,-44,2412,0.608083,142.4470783410138,0
False,7,15,0,True,144.444,12128,-35,2412,0.6080990000000001,142.44773543928923,0
False,7,15,0,True,144.444,12128,-35,2412,0.61004,142.44839210526314,0
False,7,15,0,True,144.444,12128,-40,2412,0.610056,142.44904833936204,0
False,7,15,0,True,144.444,12128,-39,2412,0.611655,142.44970414201183,0
False,7,15,0,True,144.444,12128,-43,2412,0.6116719999999999,142.45035951363786,0
False,7,15,0,True,144.444,12128,0,2412,0.6116879999999999,142.45101445466491,0
False,7,15,0,True,144.444,12128,-40,2412,0.6117009999999999,142.45166896551723,0
False,7,15,0,True,144.444,12128,0,2412,0.611716,142.45232304661852,0
False,7,15,0,True,144.444,12128,-36,2412,0.6117290000000001,142.45297669839184,0
False,7,15,0,True,144.444,12128,-41,2412,0.611743,142.45362992125985,0
False,7,15,0,True,144.444,12128,0,2412,0.6117549999999999,142.45428271564447,0
False,7,15,0,True,144.444,12128,-37,2412,0.611768,142.4549350819672,0
False,7,15,0,True,144.444,12128,-39,2412,0.611781,142.45558702064895,0
False,7,15,0,True,144.444,12128,0,2412,0.6117940000000001,142.45623853211006,0
False,7,15,0,True,144.444,12128,0,2412,0.611808,142.45688961677038,0
False,7,15,0,True,144.444,12128,-43,2412,0.6118210000000001,142.4575402750491,0
False,7,15,0,True,144.444,12128,-36,2412,0.611835,142.45819050736498,0
False,7,15,0,True,144.444,12128,-36,2412,0.6118480000000001,142.45884031413613,0
False,7,15,0,True,144.444,12128,0,2412,0.611862,142.45948969578018,0
False,7,15,0,True,144.444,12128,0,2412,0.6118819999999999,142.46013865271416,0
False,7,15,0,True,144.444,12128,0,2412,0.614205,142.4607871853547,0
False,7,15,0,True,144.444,12128,0,2412,0.6142219999999999,142.46143529411765,0
False,7,15,0,True,144.444,12128,-40,2412,0.6142359999999999,142.46208297941848,0
False,7,15,0,True,144.444,12128,-44,2412,0.6144280000000001,142.4627302416721,0
False,7,15,0,True,144.444,12128,-39,2412,0.6144409999999999,142.46337708129283,0
False,7,15,0,True,144.444,12128,0,2412,0.614453,142.4640234986945,0
False,7,15,0,True,144.444,12128,-41,2412,0.6144649999999999,142.46466949429038,0
False,7,15,0,True,144.444,12128,-42,2412,0.6144759999999999,142.46531506849314,0
False,7,15,0,True,144.444,12128,-35,2412,0.614489,142.46596022171502,0
False,7,15,0,True,144.444,12128,0,2412,0.614502,142.46660495436765,0
False,7,15,0,True,144.444,12128,0,2412,0.6145170000000001,142.46724926686215,0
False,7,15,0,True,144.444,12128,0,2412,0.6145299999999999,142.4678931596091,0
False,7,15,0,True,144.444,12128,0,2412,0.6145440000000001,142.46853663301854,0
False,7,15,0,True,144.444,12128,-34,2412,0.614558,142.4691796875,0
False,7,15,0,True,144.444,12128,0,2412,0.6145710000000001,142.4698223234624,0
False,7,15,0,True,144.444,12128,-40,2412,0.614585,142.47046454131424,0
False,7,15,0,True,144.444,12128,0,2412,0.6145999999999999,142.4711063414634,0
False,7,15,0,True,144.444,12128,-36,2412,0.614612,142.47174772431728,0
False,7,15,0,True,144.444,12128,0,2412,0.614623,142.4723886902827,0
False,7,15,0,True,144.444,12128,0,2412,0.6146360000000001,142.47302923976608,0
False,7,15,0,True,144.444,12128,-41,2412,0.6146550000000001,142.4736693731731,0
False,7,15,0,True,144.444,12128,-35,2412,0.614669,142.4743090909091,0
False,7,15,0,True,144.444,12128,-38,2412,0.6146839999999999,142.47494839337875,0
False,7,15,0,True,144.444,12128,-40,2412,0.615271,142.47558728098636,0
False,7,15,0,True,144.444,12128,0,2412,0.61529,142.47622575413558,0
False,7,15,0,True,144.444,12128,-41,2412,0.6153049999999999,142.47686381322956,0
False,7,15,0,True,144.444,12128,-42,2412,0.615317,142.477501458671,0
False,7,15,0,True,144.444,12128,-40,2412,0.6153319999999999,142.47813869086195,0
False,7,15,0,True,144.444,12128,0,2412,0.6153460000000001,142.47877551020406,0
False,7,15,0,True,144.444,12128,-42,2412,0.6153589999999999,142.47941191709842,0
False,7,15,0,True,144.444,12128,-40,2412,0.616507,142.4800479119456,0
False,7,15,0,True,144.444,12128,0,2412,0.616524,142.48068349514563,0
False,7,15,0,True,144.444,12128,-43,2412,0.6165390000000001,142.481318667098,0
False,7,15,0,True,144.444,12128,-39,2412,0.616553,142.48195342820182,0
False,7,15,0,True,144.444,12128,0,2412,0.619106,142.48258777885547,0
False,7,15,0,True,144.444,12128,-41,2412,0.619123,142.48322171945702,0
False,7,15,0,True,144.444,12128,-39,2412,0.6191369999999999,142.48385525040388,0
False,7,15,0,True,144.444,12128,0,2412,0.619244,142.484488372093,0
False,7,15,0,True,144.444,12128,-37,2412,0.6192570000000001,142.48512108492088,0
False,7,15,0,True,144.444,12128,-44,2412,0.6192699999999999,142.4857533892834,0
False,7,15,0,True,144.444,12128,-39,2412,0.6192840000000001,142.48638528557598,0
False,7,15,0,True,144.444,12128,-36,2412,0.619298,142.48701677419353,0
False,7,15,0,True,144.444,12128,0,2412,0.6193110000000001,142.48764785553047,0
False,7,15,0,True,144.444,12128,0,2412,0.619325,142.48827852998065,0
False,7,15,0,True,144.444,12128,0,2412,0.619338,142.48890879793746,0
False,7,15,0,True,144.444,12128,0,2412,0.6193509999999999,142.48953865979382,0
False,7,15,0,True,144.444,12128,0,2412,0.619365,142.49016811594203,0
False,7,15,0,True,144.444,12128,0,2412,0.619379,142.49079716677397,0
False,7,15,0,True,144.444,12128,0,2412,0.619392,142.49142581268103,0
False,7,15,0,True,144.444,12128,0,2412,0.6194050000000001,142.49205405405405,0
False,7,15,0,True,144.444,12128,-35,2412,0.6194179999999999,142.49268189128335,0
False,7,15,0,True,144.444,12128,0,2412,0.619431,142.49330932475883,0
False,7,15,0,True,144.444,12128,0,2412,0.619446,142.49393635486982,0
False,7,15,0,True,144.444,12128,0,2412,0.6194609999999999,142.49456298200514,0
False,7,15,0,True,144.444,12128,-37,2412,0.6216849999999999,142.49518920655314,0
False,7,15,0,True,144.444,12128,-39,2412,0.621703,142.49581502890172,0
False,7,15,0,True,144.444,12128,-39,2412,0.621717,142.49644044943818,0
False,7,15,0,True,144.444,12128,0,2412,0.621771,142.4970654685494,0
False,7,15,0,True,144.444,12128,0,2412,0.6217849999999999,142.49769008662176,0
False,7,15,0,True,144.444,12128,0,2412,0.621797,142.49831430404103,0
False,7,15,0,True,144.444,12128,-35,2412,0.6218100000000001,142.49893812119268,0
False,7,15,0,True,144.444,12128,-34,2412,0.6218229999999999,142.49956153846153,0
False,7,15,0,True,144.444,12128,0,2412,0.621835,142.50018455623197,0
False,7,15,0,True,144.444,12128,0,2412,0.6218480000000001,142.50080717488788,0
False,7,15,0,True,144.444,12128,-42,2412,0.621862,142.50142939481267,0
False,7,15,0,True,144.444,12128,-36,2412,0.6218739999999999,142.50205121638922,0
False,7,15,0,True,144.444,12128,0,2412,0.621887,142.50267264,0
False,7,15,0,True,144.444,12128,-40,2412,0.6219,142.50329366602685,0
False,7,15,0,True,144.444,12128,0,2412,0.621914,142.50391429485128,0
False,7,15,0,True,144.444,12128,0,2412,0.6219279999999999,142.5045345268542,0
False,7,15,0,True,144.444,12128,-41,2412,0.62194,142.5051543624161,0
False,7,15,0,True,144.444,12128,0,2412,0.6219530000000001,142.50577380191692,0
False,7,15,0,True,144.444,12128,0,2412,0.6219659999999999,142.50639284573617,0
False,7,15,0,True,144.444,12128,-41,2412,0.621979,142.50701149425285,0
False,7,15,0,True,144.444,12128,0,2412,0.621992,142.5076297478455,0
False,7,15,0,True,144.444,12128,0,2412,0.622006,142.50824760689216,0
False,7,15,0,True,144.444,12128,-40,2412,0.6220199999999999,142.50886507177032,0
False,7,15,0,True,144.444,12128,-41,2412,0.62207,142.50948214285714,0
False,7,15,0,True,144.444,12128,-42,2412,0.6220819999999999,142.51009882052915,0
False,7,15,0,True,144.444,12128,-41,2412,0.622094,142.51071510516252,0
False,7,15,0,True,144.444,12128,0,2412,0.6221059999999999,142.51133099713283,0
False,7,15,0,True,144.444,12128,-42,2412,0.6221260000000001,142.51194649681528,0
False,7,15,0,True,144.444,12128,-40,2412,0.6221409999999999,142.5125616045845,0
False,7,15,0,True,144.444,12128,0,2412,0.622154,142.51317632081475,0
False,7,15,0,True,144.444,12128,-43,2412,0.6221659999999999,142.51379064587974,0
False,7,15,0,True,144.444,12128,-39,2412,0.6221789999999999,142.51440458015264,0
False,7,15,0,True,144.444,12128,0,2412,0.623053,142.51501812400636,0
False,7,15,0,True,144.444,12128,-40,2412,0.6230699999999999,142.51563127781307,0
False,7,15,0,True,144.444,12128,-40,2412,0.6230829999999999,142.5162440419447,0
False,7,15,0,True,144.444,12128,0,2412,0.623098,142.51685641677255,0
False,7,15,0,True,144.444,12128,-36,2412,0.6231099999999999,142.5174684026675,0
False,7,15,0,True,144.444,12128,-39,2412,0.6231239999999999,142.51808,0
False,7,15,0,True,144.444,12128,0,2412,0.623136,142.51869120913994,0
False,7,15,0,True,144.444,12128,-41,2412,0.6231490000000001,142.51930203045683,0
False,7,15,0,True,144.444,12128,-39,2412,0.6231619999999999,142.51991246431967,0
False,7,15,0,True,144.444,12128,-36,2412,0.6241279999999999,142.520522511097,0
False,7,15,0,True,144.444,12128,-39,2412,0.6241389999999999,142.5211321711569,0
False,7,15,0,True,144.444,12128,-44,2412,0.6241519999999999,142.5217414448669,0
False,7,15,0,True,144.444,12128,-37,2412,0.624164,142.52235033259421,0
False,7,15,0,True,144.444,12128,0,2412,0.624178,142.5229588347055,0
False,7,15,0,True,144.444,12128,0,2412,0.6241899999999999,142.52356695156695,0
False,7,15,0,True,144.444,12128,0,2412,0.624202,142.5241746835443,0
False,7,15,0,True,144.444,12128,0,2412,0.6242150000000001,142.52478203100284,0
False,7,15,0,True,144.444,12128,0,2412,0.6242279999999999,142.52538899430738,0
False,7,15,0,True,144.444,12128,0,2412,0.624248,142.5259955738223,0
False,7,15,0,True,144.444,12128,0,2412,0.6242610000000001,142.52660176991148,0
False,7,15,0,True,144.444,12128,-36,2412,0.625816,142.52720758293836,0
False,7,15,0,True,144.444,12128,0,2412,0.625832,142.52781301326593,0
False,7,15,0,True,144.444,12128,-35,2412,0.6258469999999999,142.5284180612567,0
False,7,15,0,True,144.444,12128,0,2412,0.6258609999999999,142.52902272727272,0
False,7,15,0,True,144.444,12128,0,2412,0.6258750000000001,142.5296270116756,0
False,7,15,0,True,144.444,12128,-35,2412,0.6258879999999999,142.5302309148265,0
False,7,15,0,True,144.444,12128,-39,2412,0.6259009999999999,142.5308344370861,0
False,7,15,0,True,144.444,12128,-41,2412,0.625914,142.5314375788146,0
False,7,15,0,True,144.444,12128,-39,2412,0.6259260000000001,142.53204034037188,0
False,7,15,0,True,144.444,12128,-37,2412,0.625973,142.5326427221172,0
False,7,15,0,True,144.444,12128,-35,2412,0.625987,142.53324472440943,0
False,7,15,0,True,144.444,12128,0,2412,0.6260009999999999,142.53384634760704,0
False,7,15,0,True,144.444,12128,0,2412,0.626014,142.53444759206798,0
False,7,15,0,True,144.444,12128,0,2412,0.626027,142.53504845814976,0
False,7,15,0,True,144.444,12128,-42,2412,0.62604,142.53564894620948,0
False,7,15,0,True,144.444,12128,0,2412,0.6263469999999999,142.53624905660376,0
False,7,15,0,True,144.444,12128,0,2412,0.6263629999999999,142.53684878968878,0
False,7,15,0,True,144.444,12128,-34,2412,0.6263759999999999,142.53744814582024,0
False,7,15,0,True,144.444,12128,0,2412,0.6263880000000001,142.53804712535342,0
False,7,15,0,True,144.444,12128,-40,2412,0.6264,142.53864572864322,0
False,7,15,0,True,144.444,12128,0,2412,0.6269159999999999,142.53924395604395,0
False,7,15,0,True,144.444,12128,-36,2412,0.6269330000000001,142.5398418079096,0
False,7,15,0,True,144.444,12128,0,2412,0.626945,142.54043928459365,0
False,7,15,0,True,144.444,12128,0,2412,0.6269569999999999,142.54103638644918,0
False,7,15,0,True,144.444,12128,0,2412,0.629409,142.5416331138288,0
False,7,15,0,True,144.444,12128,-41,2412,0.629425,142.5422294670846,0
False,7,15,0,True,144.444,12128,-39,2412,0.629439,142.54282544656846,0
False,7,15,0,True,144.444,12128,0,2412,0.6294909999999999,142.54342105263157,0
False,7,15,0,True,144.444,12128,0,2412,0.629503,142.5440162856248,0
False,7,15,0,True,144.444,12128,0,2412,0.629517,142.54461114589856,0
False,7,15,0,True,144.444,12128,0,2412,0.629531,142.54520563380282,0
False,7,15,0,True,144.444,12128,-41,2412,0.629544,142.5457997496871,0
False,7,15,0,True,144.444,12128,-40,2412,0.6295590000000001,142.54639349390052,0
False,7,15,0,True,144.444,12128,-42,2412,0.6295719999999999,142.54698686679174,0
False,7,15,0,True,144.444,12128,-42,2412,0.629585,142.54757986870897,0
False,7,15,0,True,144.444,12128,-39,2412,0.6295970000000001,142.5481725,0
False,7,15,0,True,144.444,12128,-43,2412,0.629611,142.54876476101217,0
False,7,15,0,True,144.444,12128,0,2412,0.6296240000000001,142.54935665209243,0
False,7,15,0,True,144.444,12128,-41,2412,0.6296369999999999,142.54994817358724,0
False,7,15,0,True,144.444,12128,0,2412,0.6296499999999999,142.5505393258427,0
False,7,15,0,True,144.444,12128,-40,2412,0.629663,142.55113010920437,0
False,7,15,0,True,144.444,12128,-40,2412,0.6296769999999999,142.55172052401744,0
False,7,15,0,True,144.444,12128,0,2412,0.6296970000000001,142.55231057062676,0
False,7,15,0,True,144.444,12128,-39,2412,0.629711,142.55290024937653,0
False,7,15,0,True,144.444,12128,-40,2412,0.629725,142.55348956061076,0
False,7,15,0,True,144.444,12128,0,2412,0.629779,142.55407850467287,0
False,7,15,0,True,144.444,12128,-41,2412,0.6297929999999999,142.55466708190593,0
False,7,15,0,True,144.444,12128,-39,2412,0.629808,142.55525529265253,0
False,7,15,0,True,144.444,12128,-36,2412,0.6298210000000001,142.5558431372549,0
False,7,15,0,True,144.444,12128,0,2412,0.629836,142.55643061605477,0
False,7,15,0,True,144.444,12128,-37,2412,0.6298499999999999,142.55701772939344,0
False,7,15,0,True,144.444,12128,-44,2412,0.629863,142.55760447761193,0
False,7,15,0,True,144.444,12128,0,2412,0.6298750000000001,142.55819086105066,0
False,7,15,0,True,144.444,12128,0,2412,0.6311189999999999,142.55877688004972,0
False,7,15,0,True,144.444,12128,0,2412,0.631136,142.55936253494872,0
False,7,15,0,True,144.444,12128,0,2412,0.6311490000000001,142.55994782608693,0
False,7,15,0,True,144.444,12128,0,2412,0.631163,142.56053275380316,0
False,7,15,0,True,144.444,12128,0,2412,0.6311749999999999,142.56111731843575,0
False,7,15,0,True,144.444,12128,0,2412,0.631188,142.56170152032266,0
False,7,15,0,True,144.444,12128,0,2412,0.6312019999999999,142.56228535980148,0
False,7,15,0,True,144.444,12128,-35,2412,0.6312159999999999,142.5628688372093,0
False,7,15,0,True,144.444,12128,-35,2412,0.6312289999999999,142.56345195288282,0
False,7,15,0,True,144.444,12128,-39,2412,0.631244,142.56403470715833,0
False,7,15,0,True,144.444,12128,0,2412,0.631293,142.56461710037175,0
False,7,15,0,True,144.444,12128,-39,2412,0.631307,142.56519913285845,0
False,7,15,0,True,144.444,12128,-44,2412,0.6324150000000001,142.56578080495356,0
False,7,15,0,True,144.444,12128,0,2412,0.6324310000000001,142.56636211699163,0
False,7,15,0,True,144.444,12128,0,2412,0.6324439999999999,142.56694306930692,0
False,7,15,0,True,144.444,12128,0,2412,0.6324569999999999,142.5675236622332,0
False,7,15,0,True,144.444,12128,0,2412,0.63247,142.56810389610388,0
False,7,15,0,True,144.444,12128,-42,2412,0.632483,142.56868377125193,0
False,7,15,0,True,144.444,12128,0,2412,0.6324949999999999,142.5692632880099,0
False,7,15,0,True,144.444,12128,-35,2412,0.632508,142.5698424467099,0
False,7,15,0,True,144.444,12128,0,2412,0.6325200000000001,142.57042124768375,0
False,7,15,0,True,144.444,12128,0,2412,0.6325329999999999,142.57099969126273,0
False,7,15,0,True,144.444,12128,-40,2412,0.6325459999999999,142.57157777777778,0
False,7,15,0,True,144.444,12128,0,2412,0.6325569999999999,142.5721555075594,0
False,7,15,0,True,144.444,12128,-34,2412,0.63257,142.57273288093768,0
False,7,15,0,True,144.444,12128,-37,2412,0.6325820000000001,142.57330989824237,0
False,7,15,0,True,144.444,12128,0,2412,0.632602,142.5738865598027,0
False,7,15,0,True,144.444,12128,-41,2412,0.632615,142.5744628659476,0
False,7,15,0,True,144.444,12128,0,2412,0.6336780000000001,142.57503881700552,0
False,7,15,0,True,144.444,12128,-35,2412,0.633692,142.57561441330458,0
False,7,15,0,True,144.444,12128,0,2412,0.633706,142.57618965517239,0
False,7,15,0,True,144.444,12128,-44,2412,0.633719,142.57676454293627,0
False,7,15,0,True,144.444,12128,-41,2412,0.6337339999999999,142.57733907692307,0
False,7,15,0,True,144.444,12128,0,2412,0.633746,142.57791325745922,0
False,7,15,0,True,144.444,12128,-41,2412,0.6337590000000001,142.57848708487083,0
False,7,15,0,True,144.444,12128,0,2412,0.6337719999999999,142.57906055948354,0
False,7,15,0,True,144.444,12128,0,2412,0.633787,142.5796336816226,0
False,7,15,0,True,144.444,12128,0,2412,0.6338,142.5802064516129,0
False,7,15,0,True,144.444,12128,-39,2412,0.6338179999999999,142.58077886977887,0
False,7,15,0,True,144.444,12128,-42,2412,0.633833,142.58135093644458,0
False,7,15,0,True,144.444,12128,0,2412,0.6352159999999999,142.5819226519337,0
False,7,15,0,True,144.444,12128,-43,2412,0.635236,142.58249401656948,0
False,7,15,0,True,144.444,12128,-42,2412,0.635255,142.58306503067482,0
False,7,15,0,True,144.444,12128,-40,2412,0.635268,142.5836356945722,0
False,7,15,0,True,144.444,12128,-40,2412,0.635282,142.58420600858366,0
False,7,15,0,True,144.444,12128,-39,2412,0.635296,142.58477597303096,0
False,7,15,0,True,144.444,12128,0,2412,0.6353479999999999,142.5853455882353,0
False,7,15,0,True,144.444,12128,-43,2412,0.635361,142.5859148545176,0
False,7,15,0,True,144.444,12128,0,2412,0.6353730000000001,142.5864837721984,0
False,7,15,0,True,144.444,12128,-36,2412,0.635387,142.5870523415978,0
False,7,15,0,True,144.444,12128,-36,2412,0.635403,142.5876205630355,0
False,7,15,0,True,144.444,12128,-36,2412,0.6354160000000001,142.58818843683082,0
False,7,15,0,True,144.444,12128,-39,2412,0.6354350000000001,142.58875596330273,0
False,7,15,0,True,144.444,12128,-41,2412,0.63545,142.58932314276979,0
False,7,15,0,True,144.444,12128,0,2412,0.635463,142.5898899755501,0
False,7,15,0,True,144.444,12128,0,2412,0.63631,142.59045646196148,0
False,7,15,0,True,144.444,12128,-44,2412,0.6363279999999999,142.5910226023213,0
False,7,15,0,True,144.444,12128,-37,2412,0.636343,142.59158839694655,0
False,7,15,0,True,144.444,12128,0,2412,0.6363549999999999,142.59215384615385,0
False,7,15,0,True,144.444,12128,0,2412,0.6363690000000001,142.59271895025938,0
False,7,15,0,True,144.444,12128,0,2412,0.636383,142.593283709579,0
False,7,15,0,True,144.444,12128,0,2412,0.63864,142.59384812442815,0
False,7,15,0,True,144.444,12128,0,2412,0.6386580000000001,142.59441219512195,0
False,7,15,0,True,144.444,12128,-39,2412,0.638672,142.594975921975,0
False,7,15,0,True,144.444,12128,-35,2412,0.638724,142.59553930530163,0
False,7,15,0,True,144.444,12128,-39,2412,0.638737,142.59610234541577,0
False,7,15,0,True,144.444,12128,-36,2412,0.6387489999999999,142.59666504263092,0
False,7,15,0,True,144.444,12128,0,2412,0.6387619999999999,142.59722739726027,0
False,7,15,0,True,144.444,12128,0,2412,0.6387759999999999,142.59778940961652,0
False,7,15,0,True,144.444,12128,-39,2412,0.6387889999999999,142.59835108001215,0
False,7,15,0,True,144.444,12128,0,2412,0.638802,142.5989124087591,0
False,7,15,0,True,144.444,12128,0,2412,0.6388159999999999,142.59947339616903,0
False,7,15,0,True,144.444,12128,0,2412,0.6388299999999999,142.60003404255318,0
False,7,15,0,True,144.444,12128,0,2412,0.638845,142.60059434822242,0
False,7,15,0,True,144.444,12128,-42,2412,0.638859,142.60115431348723,0
False,7,15,0,True,144.444,12128,0,2412,0.6388729999999999,142.60171393865775,0
False,7,15,0,True,144.444,12128,0,2412,0.6388839999999999,142.6022732240437,0
False,7,15,0,True,144.444,12128,-35,2412,0.638896,142.60283216995447,0
False,7,15,0,True,144.444,12128,0,2412,0.63891,142.60339077669903,0
False,7,15,0,True,144.444,12128,0,2412,0.638923,142.603949044586,0
False,7,15,0,True,144.444,12128,-40,2412,0.638937,142.60450697392358,0
False,7,15,0,True,144.444,12128,-39,2412,0.63895,142.6050645650197,0
False,7,15,0,True,144.444,12128,0,2412,0.6389999999999999,142.60562181818182,0
False,7,15,0,True,144.444,12128,-41,2412,0.6390109999999999,142.60617873371703,0
False,7,15,0,True,144.444,12128,0,2412,0.6390239999999999,142.60673531193214,0
False,7,15,0,True,144.444,12128,-36,2412,0.639036,142.6072915531335,0
False,7,15,0,True,144.444,12128,-37,2412,0.6390509999999999,142.60784745762712,0
False,7,15,0,True,144.444,12128,0,2412,0.6390870000000001,142.6084030257186,0
False,7,15,0,True,144.444,12128,-35,2412,0.6391109999999999,142.60895825771325,0
False,7,15,0,True,144.444,12128,-44,2412,0.6391239999999999,142.60951315391594,0
False,7,15,0,True,144.444,12128,0,2412,0.639136,142.61006771463119,0
False,7,15,0,True,144.444,12128,0,2412,0.639925,142.61062194016318,0
False,7,15,0,True,144.444,12128,-41,2412,0.6399419999999999,142.6111758308157,0
False,7,15,0,True,144.444,12128,0,2412,0.639957,142.61172938689216,0
False,7,15,0,True,144.444,12128,0,2412,0.63997,142.61228260869564,0
False,7,15,0,True,144.444,12128,0,2412,0.6399830000000001,142.61283549652882,0
False,7,15,0,True,144.444,12128,-41,2412,0.6399959999999999,142.61338805069403,0
False,7,15,0,True,144.444,12128,0,2412,0.6400100000000001,142.61394027149322,0
False,7,15,0,True,144.444,12128,-42,2412,0.6400210000000001,142.61449215922798,0
False,7,15,0,True,144.444,12128,-41,2412,0.640033,142.61504371419957,0
False,7,15,0,True,144.444,12128,-40,2412,0.6411049999999999,142.61559493670885,0
False,7,15,0,True,144.444,12128,-39,2412,0.641117,142.61614582705633,0
False,7,15,0,True,144.444,12128,-41,2412,0.6411300000000001,142.61669638554216,0
False,7,15,0,True,144.444,12128,-40,2412,0.641142,142.61724661246612,0
False,7,15,0,True,144.444,12128,0,2412,0.641155,142.6177965081276,0
False,7,15,0,True,144.444,12128,-43,2412,0.6411669999999999,142.61834607282574,0
False,7,15,0,True,144.444,12128,0,2412,0.64118,142.6188953068592,0
False,7,15,0,True,144.444,12128,-36,2412,0.641193,142.6194442105263,0
False,7,15,0,True,144.444,12128,-36,2412,0.641206,142.61999278412506,0
False,7,15,0,True,144.444,12128,-36,2412,0.641218,142.6205410279531,0
False,7,15,0,True,144.444,12128,-39,2412,0.6412319999999999,142.6210889423077,0
False,7,15,0,True,144.444,12128,-34,2412,0.6423009999999999,142.62163652748572,0
False,7,15,0,True,144.444,12128,-44,2412,0.6423180000000001,142.62218378378378,0
False,7,15,0,True,144.444,12128,0,2412,0.642332,142.62273071149804,0
False,7,15,0,True,144.444,12128,0,2412,0.642345,142.62327731092435,0
False,7,15,0,True,144.444,12128,-37,2412,0.6423599999999999,142.62382358235823,0
False,7,15,0,True,144.444,12128,0,2412,0.6423739999999999,142.62436952609477,0
False,7,15,0,True,144.444,12128,-39,2412,0.642386,142.62491514242876,0
False,7,15,0,True,144.444,12128,-35,2412,0.644821,142.62546043165466,0
False,7,15,0,True,144.444,12128,0,2412,0.6448379999999999,142.6260053940665,0
False,7,15,0,True,144.444,12128,0,2412,0.644851,142.62655002995805,0
False,7,15,0,True,144.444,12128,0,2412,0.644866,142.62709433962263,0
False,7,15,0,True,144.444,12128,-39,2412,0.6448790000000001,142.6276383233533,0
False,7,15,0,True,144.444,12128,-35,2412,0.6448919999999999,142.62818198144268,0
False,7,15,0,True,144.444,12128,0,2412,0.644907,142.6287253141831,0
False,7,15,0,True,144.444,12128,-36,2412,0.6449219999999999,142.6292683218666,0
False,7,15,0,True,144.444,12128,-40,2412,0.6449409999999999,142.62981100478467,0
False,7,15,0,True,144.444,12128,0,2412,0.6463929999999999,142.6303533632287,0
False,7,15,0,True,144.444,12128,-41,2412,0.6464059999999999,142.63089539748952,0
False,7,15,0,True,144.444,12128,0,2412,0.646435,142.63143710785778,0
False,7,15,0,True,144.444,12128,0,2412,0.6464489999999999,142.63197849462364,0
False,7,15,0,True,144.444,12128,-40,2412,0.647585,142.63251955807704,0
False,7,15,0,True,144.444,12128,-41,2412,0.6476080000000001,142.63306029850744,0
False,7,15,0,True,144.444,12128,0,2412,0.64762,142.6336007162041,0
False,7,15,0,True,144.444,12128,0,2412,0.6476319999999999,142.63414081145584,0
False,7,15,0,True,144.444,12128,0,2412,0.6476449999999999,142.63468058455115,0
False,7,15,0,True,144.444,12128,-44,2412,0.6476559999999999,142.63522003577816,0
False,7,15,0,True,144.444,12128,0,2412,0.647668,142.63575916542473,0
False,7,15,0,True,144.444,12128,0,2412,0.6476799999999999,142.63629797377828,0
False,7,15,0,True,144.444,12128,-35,2412,0.647693,142.636836461126,0
False,7,15,0,True,144.444,12128,0,2412,0.6477069999999999,142.6373746277546,0
False,7,15,0,True,144.444,12128,0,2412,0.6477179999999999,142.63791247395056,0
False,7,15,0,True,144.444,12128,-42,2412,0.647731,142.63845,0
False,7,15,0,True,144.444,12128,0,2412,0.647749,142.63898720618863,0
False,7,15,0,True,144.444,12128,-40,2412,0.6477620000000001,142.6395240928019,0
False,7,15,0,True,144.444,12128,-44,2412,0.6488889999999999,142.64006066012487,0
False,7,15,0,True,144.444,12128,0,2412,0.648902,142.64059690844232,0
False,7,15,0,True,144.444,12128,-42,2412,0.6489159999999999,142.64113283803863,0
False,7,15,0,True,144.444,12128,-43,2412,0.6489280000000001,142.64166844919785,0
False,7,15,0,True,144.444,12128,-40,2412,0.6489409999999999,142.64220374220372,0
False,7,15,0,True,144.444,12128,0,2412,0.6489539999999999,142.64273871733965,0
False,7,15,0,True,144.444,12128,-40,2412,0.6489679999999999,142.64327337488868,0
False,7,15,0,True,144.444,12128,-42,2412,0.648983,142.6438077151335,0
False,7,15,0,True,144.444,12128,0,2412,0.6489980000000001,142.64434173835656,0
False,7,15,0,True,144.444,12128,-41,2412,0.649018,142.64487544483984,0
False,7,15,0,True,144.444,12128,0,2412,0.649031,142.6454088348651,0
False,7,15,0,True,144.444,12128,0,2412,0.6490520000000001,142.6459419087137,0
False,7,15,0,True,144.444,12128,0,2412,0.6498339999999999,142.64647466666665,0
False,7,15,0,True,144.444,12128,-41,2412,0.649854,142.64700710900473,0
False,7,15,0,True,144.444,12128,0,2412,0.6498659999999999,142.64753923600827,0
False,7,15,0,True,144.444,12128,-35,2412,0.6498769999999999,142.64807104795736,0
False,7,15,0,True,144.444,12128,-44,2412,0.649889,142.6486025451317,0
False,7,15,0,True,144.444,12128,-40,2412,0.6498989999999999,142.64913372781064,0
False,7,15,0,True,144.444,12128,-37,2412,0.649946,142.64966459627328,0
False,7,15,0,True,144.444,12128,-36,2412,0.6499560000000001,142.65019515079834,0
False,7,15,0,True,144.444,12128,0,2412,0.6513639999999999,142.6507253916642,0
False,7,15,0,True,144.444,12128,-40,2412,0.651379,142.65125531914893,0
False,7,15,0,True,144.444,12128,0,2412,0.6513920000000001,142.65178493353025,0
False,7,15,0,True,144.444,12128,0,2412,0.651404,142.65231423508564,0
False,7,15,0,True,144.444,12128,0,2412,0.651415,142.6528432240921,0
False,7,15,0,True,144.444,12128,0,2412,0.651426,142.65337190082644,0
False,7,15,0,True,144.444,12128,0,2412,0.6514369999999999,142.65390026556506,0
False,7,15,0,True,144.444,12128,0,2412,0.6514479999999999,142.65442831858405,0
False,7,15,0,True,144.444,12128,-36,2412,0.651458,142.65495606015924,0
False,7,15,0,True,144.444,12128,-36,2412,0.6514669999999999,142.655483490566,0
False,7,15,0,True,144.444,12128,0,2412,0.651477,142.65601061007956,0
False,7,15,0,True,144.444,12128,0,2412,0.6514889999999999,142.65653741897466,0
False,7,15,0,True,144.444,12128,0,2412,0.651501,142.65706391752576,0
False,7,15,0,True,144.444,12128,-37,2412,0.6515110000000001,142.65759010600706,0
False,7,15,0,True,144.444,12128,0,2412,0.651522,142.65811598469236,0
False,7,15,0,True,144.444,12128,-40,2412,0.6515350000000001,142.6586415538552,0
False,7,15,0,True,144.444,12128,0,2412,0.6547109999999999,142.65916681376876,0
False,7,15,0,True,144.444,12128,-41,2412,0.6547249999999999,142.65969176470588,0
False,7,15,0,True,144.444,12128,0,2412,0.6547390000000001,142.66021640693913,0
False,7,15,0,True,144.444,12128,-41,2412,0.654753,142.66074074074072,0
False,7,15,0,True,144.444,12128,-40,2412,0.6547679999999999,142.6612647663826,0
False,7,15,0,True,144.444,12128,0,2412,0.6547820000000001,142.6617884841363,0
False,7,15,0,True,144.444,12128,0,2412,0.654797,142.6623118942731,0
False,7,15,0,True,144.444,12128,0,2412,0.6548109999999999,142.66283499706398,0
False,7,15,0,True,144.444,12128,0,2412,0.654824,142.66335779277958,0
False,7,15,0,True,144.444,12128,0,2412,0.6548379999999999,142.66388028169013,0
False,7,15,0,True,144.444,12128,0,2412,0.654858,142.66440246406572,0
False,7,15,0,True,144.444,12128,-44,2412,0.6548740000000001,142.66492434017593,0
False,7,15,0,True,144.444,12128,0,2412,0.656097,142.66544591029023,0
False,7,15,0,True,144.444,12128,-42,2412,0.6561149999999999,142.6659671746776,0
False,7,15,0,True,144.444,12128,0,2412,0.656127,142.66648813360678,0
False,7,15,0,True,144.444,12128,0,2412,0.6561400000000001,142.66700878734622,0
False,7,15,0,True,144.444,12128,-39,2412,0.6561549999999999,142.66752913616398,0
False,7,15,0,True,144.444,12128,0,2412,0.6561689999999999,142.66804918032787,0
False,7,15,0,True,144.444,12128,0,2412,0.6561819999999999,142.66856892010534,0
False,7,15,0,True,144.444,12128,-40,2412,0.6561959999999999,142.6690883557636,0
False,7,15,0,True,144.444,12128,-41,2412,0.6584789999999999,142.66960748756946,0
False,7,15,0,True,144.444,12128,-40,2412,0.658491,142.67012631578945,0
False,7,15,0,True,144.444,12128,0,2412,0.6585040000000001,142.67064484068985,0
False,7,15,0,True,144.444,12128,0,2412,0.658516,142.67116306253652,0
False,7,15,0,True,144.444,12128,-35,2412,0.658529,142.67168098159507,0
False,7,15,0,True,144.444,12128,0,2412,0.6585409999999999,142.67219859813082,0
False,7,15,0,True,144.444,12128,-41,2412,0.658553,142.67271591240873,0
False,7,15,0,True,144.444,12128,-43,2412,0.658565,142.6732329246935,0
False,7,15,0,True,144.444,12128,0,2412,0.658578,142.67374963524946,0
False,7,15,0,True,144.444,12128,-36,2412,0.658591,142.67426604434073,0
False,7,15,0,True,144.444,12128,-41,2412,0.6586040000000001,142.67478215223096,0
False,7,15,0,True,144.444,12128,0,2412,0.6586150000000001,142.67529795918367,0
False,7,15,0,True,144.444,12128,-44,2412,0.658629,142.67581346546194,0
False,7,15,0,True,144.444,12128,-40,2412,0.6586420000000001,142.67632867132866,0
False,7,15,0,True,144.444,12128,0,2412,0.6586549999999999,142.6768435770463,0
False,7,15,0,True,144.444,12128,0,2412,0.6586690000000001,142.6773581828771,0
False,7,15,0,True,144.444,12128,0,2412,0.6586819999999999,142.67787248908297,0
False,7,15,0,True,144.444,12128,-36,2412,0.658694,142.67838649592548,0
False,7,15,0,True,144.444,12128,-37,2412,0.6587059999999999,142.678900203666,0
False,7,15,0,True,144.444,12128,-40,2412,0.6587189999999999,142.67941361256544,0
False,7,15,0,True,144.444,12128,-36,2412,0.6587679999999999,142.67992672288455,0
False,7,15,0,True,144.444,12128,-36,2412,0.65878,142.6804395348837,0
False,7,15,0,True,144.444,12128,0,2412,0.6587930000000001,142.680952048823,0
False,7,15,0,True,144.444,12128,0,2412,0.658805,142.68146426496222,0
False,7,15,0,True,144.444,12128,-37,2412,0.658823,142.68197618356083,0
False,7,15,0,True,144.444,12128,0,2412,0.6588360000000001,142.68248780487804,0
False,7,15,0,True,144.444,12128,0,2412,0.658848,142.6829991291727,0
False,7,15,0,True,144.444,12128,0,2412,0.658861,142.68351015670342,0
False,7,15,0,True,144.444,12128,-41,2412,0.6595969999999999,142.68402088772845,0
False,7,15,0,True,144.444,12128,0,2412,0.659614,142.6845313225058,0
False,7,15,0,True,144.444,12128,0,2412,0.659628,142.6850414612931,0
False,7,15,0,True,144.444,12128,0,2412,0.659642,142.68555130434783,0
False,7,15,0,True,144.444,12128,-44,2412,0.659655,142.68606085192698,0
False,7,15,0,True,144.444,12128,0,2412,0.659668,142.68657010428734,0
False,7,15,0,True,144.444,12128,0,2412,0.6596799999999999,142.6870790616855,0
False,7,15,0,True,144.444,12128,-41,2412,0.659693,142.68758772437752,0
False,7,15,0,True,144.444,12128,0,2412,0.6597069999999999,142.6880960926194,0
False,7,15,0,True,144.444,12128,-40,2412,0.659719,142.68860416666666,0
False,7,15,0,True,144.444,12128,0,2412,0.6606850000000001,142.68911194677466,0
False,7,15,0,True,144.444,12128,0,2412,0.6607010000000001,142.68961943319837,0
False,7,15,0,True,144.444,12128,0,2412,0.660715,142.69012662619252,0
False,7,15,0,True,144.444,12128,-40,2412,0.660727,142.69063352601154,0
False,7,15,0,True,144.444,12128,0,2412,0.6607390000000001,142.69114013290954,0
False,7,15,0,True,144.444,12128,-44,2412,0.6607519999999999,142.69164644714036,0
False,7,15,0,True,144.444,12128,0,2412,0.6607649999999999,142.69215246895754,0
False,7,15,0,True,144.444,12128,0,2412,0.660778,142.6926581986143,0
False,7,15,0,True,144.444,12128,-42,2412,0.660791,142.69316363636364,0
False,7,15,0,True,144.444,12128,0,2412,0.660808,142.69366878245816,0
False,7,15,0,True,144.444,12128,0,2412,0.6608219999999999,142.69417363715027,0
False,7,15,0,True,144.444,12128,0,2412,0.662071,142.69467820069204,0
False,7,15,0,True,144.444,12128,0,2412,0.662087,142.69518247333525,0
False,7,15,0,True,144.444,12128,0,2412,0.6621,142.6956864553314,0
False,7,15,0,True,144.444,12128,-42,2412,0.6621119999999999,142.6961901469317,0
False,7,15,0,True,144.444,12128,0,2412,0.662125,142.6966935483871,0
False,7,15,0,True,144.444,12128,0,2412,0.6621370000000001,142.69719665994816,0
False,7,15,0,True,144.444,12128,-40,2412,0.662149,142.69769948186527,0
False,7,15,0,True,144.444,12128,0,2412,0.662217,142.69820201438847,0
False,7,15,0,True,144.444,12128,0,2412,0.6622309999999999,142.69870425776753,0
False,7,15,0,True,144.444,12128,-40,2412,0.6622450000000001,142.6992062122519,0
False,7,15,0,True,144.444,12128,-41,2412,0.6622579999999999,142.69970787809086,0
False,7,15,0,True,144.444,12128,0,2412,0.663558,142.7002092555332,0
False,7,15,0,True,144.444,12128,-41,2412,0.663576,142.70071034482757,0
False,7,15,0,True,144.444,12128,0,2412,0.66359,142.70121114622233,0
False,7,15,0,True,144.444,12128,-43,2412,0.663604,142.70171165996553,0
False,7,15,0,True,144.444,12128,-35,2412,0.663617,142.7022118863049,0
False,7,15,0,True,144.444,12128,-41,2412,0.6636289999999999,142.70271182548794,0
False,7,15,0,True,144.444,12128,-36,2412,0.663642,142.7032114777618,0
False,7,15,0,True,144.444,12128,0,2412,0.6636559999999999,142.70371084337347,0
False,7,15,0,True,144.444,12128,-40,2412,0.663668,142.70420992256953,0
False,7,15,0,True,144.444,12128,-44,2412,0.6636799999999999,142.70470871559633,0
False,7,15,0,True,144.444,12128,0,2412,0.6636939999999999,142.7052072226999,0
False,7,15,0,True,144.444,12128,0,2412,0.6637069999999999,142.70570544412607,0
False,7,15,0,True,144.444,12128,-36,2412,0.6637209999999999,142.7062033801203,0
False,7,15,0,True,144.444,12128,0,2412,0.6637339999999999,142.70670103092783,0
False,7,15,0,True,144.444,12128,0,2412,0.664907,142.7071983967936,0
False,7,15,0,True,144.444,12128,-39,2412,0.664924,142.7076954779622,0
False,7,15,0,True,144.444,12128,0,2412,0.666848,142.7081922746781,0
False,7,15,0,True,144.444,12128,0,2412,0.666861,142.70868878718534,0
False,7,15,0,True,144.444,12128,-40,2412,0.6668740000000001,142.70918501572774,0
False,7,15,0,True,144.444,12128,0,2412,0.666888,142.70968096054887,0
False,7,15,0,True,144.444,12128,-41,2412,0.666902,142.71017662189195,0
False,7,15,0,True,144.444,12128,0,2412,0.6669170000000001,142.710672,0
False,7,15,0,True,144.444,12128,0,2412,0.666932,142.71116709511568,0
False,7,15,0,True,144.444,12128,0,2412,0.6669459999999999,142.7116619074814,0
False,7,15,0,True,144.444,12128,0,2412,0.666959,142.71215643733942,0
False,7,15,0,True,144.444,12128,0,2412,0.6669740000000001,142.7126506849315,0
False,7,15,0,True,144.444,12128,0,2412,0.6669889999999999,142.7131446504993,0
False,7,15,0,True,144.444,12128,-40,2412,0.6670029999999999,142.71363833428407,0
False,7,15,0,True,144.444,12128,0,2412,0.667015,142.71413173652692,0
False,7,15,0,True,144.444,12128,-41,2412,0.6670269999999999,142.71462485746864,0
False,7,15,0,True,144.444,12128,-42,2412,0.66704,142.71511769734965,0
False,7,15,0,True,144.444,12128,0,2412,0.667053,142.71561025641026,0
False,7,15,0,True,144.444,12128,0,2412,0.667066,142.71610253489033,0
False,7,15,0,True,144.444,12128,0,2412,0.667461,142.71659453302962,0
False,7,15,0,True,144.444,12128,0,2412,0.6674760000000001,142.71708625106746,0
False,7,15,0,True,144.444,12128,-40,2412,0.66749,142.71757768924303,0
False,7,15,0,True,144.444,12128,0,2412,0.667547,142.71806884779517,0
False,7,15,0,True,144.444,12128,-35,2412,0.667561,142.71855972696244,0
False,7,15,0,True,144.444,12128,-44,2412,0.667574,142.71905032698322,0
False,7,15,0,True,144.444,12128,-39,2412,0.667587,142.7195406480955,0
False,7,15,0,True,144.444,12128,-42,2412,0.6676019999999999,142.72003069053707,0
False,7,15,0,True,144.444,12128,0,2412,0.667617,142.72052045454544,0
False,7,15,0,True,144.444,12128,0,2412,0.6676300000000001,142.72100994035785,0
False,7,15,0,True,144.444,12128,0,2412,0.667644,142.72149914821122,0
False,7,15,0,True,144.444,12128,-41,2412,0.6676559999999999,142.72198807834232,0
False,7,15,0,True,144.444,12128,-40,2412,0.667671,142.7224767309875,0
False,7,15,0,True,144.444,12128,0,2412,0.667685,142.72296510638296,0
False,7,15,0,True,144.444,12128,0,2412,0.6677000000000001,142.72345320476458,0
False,7,15,0,True,144.444,12128,-41,2412,0.667712,142.723941026368,0
False,7,15,0,True,144.444,12128,-35,2412,0.667731,142.72442857142858,0
False,7,15,0,True,144.444,12128,-43,2412,0.6677460000000001,142.72491584018135,0
False,7,15,0,True,144.444,12128,0,2412,0.66776,142.72540283286116,0
False,7,15,0,True,144.444,12128,0,2412,0.6684169999999999,142.72588954970263,0
False,7,15,0,True,144.444,12128,-40,2412,0.6684329999999999,142.72637599093997,0
False,7,15,0,True,144.444,12128,0,2412,0.668486,142.72686215680724,0
False,7,15,0,True,144.444,12128,-44,2412,0.6697350000000001,142.7273480475382,0
False,7,15,0,True,144.444,12128,-40,2412,0.6697559999999999,142.7278336633663,0
False,7,15,0,True,144.444,12128,0,2412,0.6697700000000001,142.72831900452488,0
False,7,15,0,True,144.444,12128,0,2412,0.6697859999999999,142.7288040712468,0
False,7,15,0,True,144.444,12128,-36,2412,0.6698000000000001,142.72928886376482,0
False,7,15,0,True,144.444,12128,0,2412,0.6698149999999999,142.72977338231138,0
False,7,15,0,True,144.444,12128,-39,2412,0.6698270000000001,142.73025762711862,0
False,7,15,0,True,144.444,12128,-35,2412,0.669841,142.73074159841852,0
False,7,15,0,True,144.444,12128,0,2412,0.6698559999999999,142.73122529644266,0
False,7,15,0,True,144.444,12128,-36,2412,0.6698700000000001,142.7317087214225,0
False,7,15,0,True,144.444,12128,0,2412,0.669885,142.73219187358916,0
False,7,15,0,True,144.444,12128,0,2412,0.6698989999999999,142.73267475317348,0
False,7,15,0,True,144.444,12128,0,2412,0.6699130000000001,142.73315736040607,0
False,7,15,0,True,144.444,12128,-37,2412,0.6699259999999999,142.73363969551733,0
False,7,15,0,True,144.444,12128,0,2412,0.669939,142.7341217587373,0
False,7,15,0,True,144.444,12128,-41,2412,0.672351,142.73460355029584,0
False,7,15,0,True,144.444,12128,-38,2412,0.672367,142.73508507042254,0
False,7,15,0,True,144.444,12128,-44,2412,0.6724199999999999,142.73556631934665,0
False,7,15,0,True,144.444,12128,0,2412,0.672433,142.7360472972973,0
False,7,15,0,True,144.444,12128,-40,2412,0.672446,142.7365280045032,0
False,7,15,0,True,144.444,12128,0,2412,0.672459,142.737008441193,0
False,7,15,0,True,144.444,12128,0,2412,0.6724739999999999,142.73748860759494,0
False,7,15,0,True,144.444,12128,-36,2412,0.672487,142.737968503937,0
False,7,15,0,True,144.444,12128,0,2412,0.6725,142.73844813044698,0
False,7,15,0,True,144.444,12128,0,2412,0.672513,142.73892748735244,0
False,7,15,0,True,144.444,12128,-41,2412,0.6725249999999999,142.73940657488058,0
False,7,15,0,True,144.444,12128,0,2412,0.672537,142.73988539325842,0
False,7,15,0,True,144.444,12128,0,2412,0.6725519999999999,142.74036394271272,0
False,7,15,0,True,144.444,12128,0,2412,0.672565,142.74084222346994,0
False,7,15,0,True,144.444,12128,0,2412,0.672581,142.74132023575638,0
False,7,15,0,True,144.444,12128,0,2412,0.6725949999999999,142.74179797979798,0
False,7,15,0,True,144.444,12128,-42,2412,0.6726089999999999,142.74227545582048,0
False,7,15,0,True,144.444,12128,-41,2412,0.672621,142.74275266404933,0
False,7,15,0,True,144.444,12128,0,2412,0.672635,142.74322960470982,0
False,7,15,0,True,144.444,12128,-41,2412,0.672648,142.7437062780269,0
False,7,15,0,True,144.444,12128,0,2412,0.6727009999999999,142.74418268422528,0
False,7,15,0,True,144.444,12128,-42,2412,0.672716,142.74465882352942,0
False,7,15,0,True,144.444,12128,0,2412,0.6727279999999999,142.74513469616352,0
False,7,15,0,True,144.444,12128,0,2412,0.6727420000000001,142.74561030235162,0
False,7,15,0,True,144.444,12128,-35,2412,0.6727789999999999,142.74608564231738,0
False,7,15,0,True,144.444,12128,0,2412,0.672792,142.74656071628425,0
False,7,15,0,True,144.444,12128,-42,2412,0.672805,142.7470355244755,0
False,7,15,0,True,144.444,12128,-39,2412,0.672818,142.7475100671141,0
False,7,15,0,True,144.444,12128,-44,2412,0.672832,142.7479843444227,0
False,7,15,0,True,144.444,12128,0,2412,0.6728500000000001,142.7484583566238,0
False,7,15,0,True,144.444,12128,0,2412,0.6728629999999999,142.74893210393964,0
False,7,15,0,True,144.444,12128,0,2412,0.6737650000000001,142.74940558659216,0
False,7,15,0,True,144.444,12128,0,2412,0.6737829999999999,142.74987880480313,0
False,7,15,0,True,144.444,12128,-40,2412,0.673798,142.75035175879395,0
False,7,15,0,True,144.444,12128,-41,2412,0.673811,142.75082444878592,0
False,7,15,0,True,144.444,12128,-41,2412,0.674697,142.75129687499998,0
False,7,15,0,True,144.444,12128,0,2412,0.6747139999999999,142.75176903765689,0
False,7,15,0,True,144.444,12128,-41,2412,0.674727,142.7522409369771,0
False,7,15,0,True,144.444,12128,0,2412,0.6749999999999999,142.75271257318093,0
False,7,15,0,True,144.444,12128,0,2412,0.675013,142.7531839464883,0
False,7,15,0,True,144.444,12128,0,2412,0.675024,142.75365505711895,0
False,7,15,0,True,144.444,12128,-36,2412,0.675037,142.75412590529248,0
False,7,15,0,True,144.444,12128,-44,2412,0.6750489999999999,142.75459649122806,0
False,7,15,0,True,144.444,12128,0,2412,0.6750619999999999,142.75506681514474,0
False,7,15,0,True,144.444,12128,0,2412,0.6750740000000001,142.75553687726133,0
False,7,15,0,True,144.444,12128,-41,2412,0.6759289999999999,142.75600667779634,0
False,7,15,0,True,144.444,12128,0,2412,0.675946,142.756476216968,0
False,7,15,0,True,144.444,12128,0,2412,0.67596,142.75694549499443,0
False,7,15,0,True,144.444,12128,-40,2412,0.675976,142.7574145120934,0
False,7,15,0,True,144.444,12128,0,2412,0.67599,142.7578832684825,0
False,7,15,0,True,144.444,12128,-41,2412,0.6760050000000001,142.75835176437897,0
False,7,15,0,True,144.444,12128,0,2412,0.6760179999999999,142.75882,0
False,7,15,0,True,144.444,12128,0,2412,0.6760320000000001,142.75928797556233,0
False,7,15,0,True,144.444,12128,0,2412,0.6760449999999999,142.7597556912826,0
False,7,15,0,True,144.444,12128,0,2412,0.6760590000000001,142.7602231473772,0
False,7,15,0,True,144.444,12128,0,2412,0.6760700000000001,142.76069034406214,0
False,7,15,0,True,144.444,12128,0,2412,0.6760829999999999,142.76115728155338,0
False,7,15,0,True,144.444,12128,-39,2412,0.676098,142.76162396006654,0
False,7,15,0,True,144.444,12128,-40,2412,0.6771630000000001,142.762090379817,0
False,7,15,0,True,144.444,12128,0,2412,0.67718,142.76255654101996,0
False,7,15,0,True,144.444,12128,0,2412,0.6771919999999999,142.76302244389026,0
False,7,15,0,True,144.444,12128,0,2412,0.6792489999999999,142.76348808864265,0
False,7,15,0,True,144.444,12128,0,2412,0.679277,142.76395347549155,0
False,7,15,0,True,144.444,12128,-39,2412,0.6792889999999999,142.76441860465115,0
False,7,15,0,True,144.444,896,-40,2412,0.6793330000000001,142.76488347633546,0
False,7,15,0,True,144.444,12128,-43,2412,0.679456,142.76534809075815,0
False,7,15,0,True,144.444,12128,0,2412,0.6794680000000001,142.76581244813278,0
False,7,15,0,True,144.444,12128,0,2412,0.679482,142.76627654867255,0
False,7,15,0,True,144.444,12128,-41,2412,0.6794939999999999,142.76674039259055,0
False,7,15,0,True,144.444,12128,-42,2412,0.679506,142.7672039800995,0
False,7,15,0,True,144.444,12128,-37,2412,0.6795189999999999,142.76766731141197,0
False,7,15,0,True,144.444,12128,0,2412,0.679533,142.76813038674032,0
False,7,15,0,True,144.444,12128,0,2412,0.679545,142.7685932062966,0
False,7,15,0,True,144.444,12128,-37,2412,0.6795570000000001,142.76905577029265,0
False,7,15,0,True,144.444,12128,0,2412,0.6795699999999999,142.7695180789401,0
False,7,15,0,True,144.444,12128,0,2412,0.6795809999999999,142.7699801324503,0
False,7,15,0,True,144.444,12128,0,2412,0.679593,142.77044193103447,0
False,7,15,0,True,144.444,12128,0,2412,0.6796049999999999,142.77090347490346,0
False,7,15,0,True,144.444,12128,0,2412,0.679617,142.771364764268,0
False,7,15,0,True,144.444,12128,-44,2412,0.6796289999999999,142.77182579933847,0
False,7,15,0,True,144.444,12128,-40,2412,0.679642,142.77228658032516,0
False,7,15,0,True,144.444,12128,-41,2412,0.679655,142.772747107438,0
False,7,15,0,True,144.444,12128,-44,2412,0.679668,142.77320738088682,0
False,7,15,0,True,144.444,12128,0,2412,0.6796810000000001,142.77366740088107,0
False,7,15,0,True,144.444,12128,-39,2412,0.6796939999999999,142.77412716763004,0
False,7,15,0,True,144.444,12128,0,2412,0.6797479999999999,142.77458668134287,0
False,7,15,0,True,144.444,12128,0,2412,0.680324,142.77504594222833,0
False,7,15,0,True,144.444,12128,-36,2412,0.680341,142.77550495049505,0
False,7,15,0,True,144.444,12128,-44,2412,0.680354,142.77596370635138,0
False,7,15,0,True,144.444,12128,-36,2412,0.680368,142.77642221000548,0
False,7,15,0,True,144.444,12128,0,2412,0.680381,142.7768804616653,0
False,7,15,0,True,144.444,12128,0,2412,0.680395,142.77733846153845,0
False,7,15,0,True,144.444,12128,0,2412,0.680408,142.77779620983245,0
False,7,15,0,True,144.444,12128,0,2412,0.6804229999999999,142.77825370675453,0
False,7,15,0,True,144.444,12128,-40,2412,0.681434,142.77871095251166,0
False,7,15,0,True,144.444,12128,0,2412,0.6814509999999999,142.77916794731064,0
False,7,15,0,True,144.444,12128,0,2412,0.681464,142.779624691358,0
False,7,15,0,True,144.444,12128,0,2412,0.681477,142.7800811848601,0
False,7,15,0,True,144.444,12128,-41,2412,0.683259,142.78053742802302,0
False,7,15,0,True,144.444,12128,-40,2412,0.6832759999999999,142.7809934210526,0
False,7,15,0,True,144.444,12128,0,2412,0.683329,142.78144916415454,0
False,7,15,0,True,144.444,12128,-42,2412,0.6833429999999999,142.78190465753423,0
False,7,15,0,True,144.444,12128,-41,2412,0.683356,142.78235990139686,0
False,7,15,0,True,144.444,12128,-37,2412,0.683369,142.7828148959474,0
False,7,15,0,True,144.444,12128,-40,2412,0.683383,142.78326964139063,0
False,7,15,0,True,144.444,12128,0,2412,0.6833950000000001,142.78372413793102,0
False,7,15,0,True,144.444,12128,0,2412,0.6834079999999999,142.78417838577292,0
False,7,15,0,True,144.444,12128,0,2412,0.6834220000000001,142.78463238512032,0
False,7,15,0,True,144.444,12128,-39,2412,0.683437,142.7850861361772,0
False,7,15,0,True,144.444,12128,-35,2412,0.6834509999999999,142.78553963914706,0
False,7,15,0,True,144.444,12128,0,2412,0.6834649999999999,142.7859928942334,0
False,7,15,0,True,144.444,12128,0,2412,0.6834790000000001,142.78644590163933,0
False,7,15,0,True,144.444,12128,0,2412,0.6834919999999999,142.78689866156788,0
False,7,15,0,True,144.444,12128,0,2412,0.6835060000000001,142.78735117422173,0
False,7,15,0,True,144.444,12128,-36,2412,0.6835209999999999,142.78780343980344,0
False,7,15,0,True,144.444,12128,-42,2412,0.6852969999999999,142.78825545851527,0
False,7,15,0,True,144.444,12128,0,2412,0.685312,142.78870723055934,0
False,7,15,0,True,144.444,12128,-39,2412,0.6853269999999999,142.78915875613748,0
False,7,15,0,True,144.444,12128,0,2412,0.685375,142.78961003545132,0
False,7,15,0,True,144.444,12128,0,2412,0.685388,142.79006106870227,0
False,7,15,0,True,144.444,12128,0,2412,0.6853999999999999,142.79051185609157,0
False,7,15,0,True,144.444,12128,0,2412,0.685412,142.79096239782015,0
False,7,15,0,True,144.444,12128,-40,2412,0.6854269999999999,142.7914126940888,0
False,7,15,0,True,144.444,12128,0,2412,0.685442,142.79186274509803,0
False,7,15,0,True,144.444,12128,0,2412,0.685456,142.79231255104818,0
False,7,15,0,True,144.444,12128,-41,2412,0.685469,142.79276211213934,0
False,7,15,0,True,144.444,12128,-43,2412,0.685483,142.79321142857142,0
False,7,15,0,True,144.444,12128,-41,2412,0.6854969999999999,142.79366050054406,0
False,7,15,0,True,144.444,12128,0,2412,0.685509,142.79410932825672,0
False,7,15,0,True,144.444,12128,-37,2412,0.6855209999999999,142.79455791190864,0
False,7,15,0,True,144.444,12128,0,2412,0.685536,142.79500625169882,0
False,7,15,0,True,144.444,12128,-42,2412,0.6855749999999999,142.79545434782608,0
False,7,15,0,True,144.444,12128,-39,2412,0.68559,142.79590220048897,0
False,7,15,0,True,144.444,12128,0,2412,0.6856410000000001,142.79634980988592,0
False,7,15,0,True,144.444,12128,0,2412,0.685655,142.79679717621502,0
False,7,15,0,True,144.444,12128,-44,2412,0.685669,142.79724429967425,0
False,7,15,0,True,144.444,12128,-41,2412,0.685682,142.7976911804613,0
False,7,15,0,True,144.444,12128,-40,2412,0.6856969999999999,142.79813781877374,0
False,7,15,0,True,144.444,12128,0,2412,0.6857129999999999,142.79858421480878,0
False,7,15,0,True,144.444,12128,0,2412,0.685728,142.79903036876354,0
False,7,15,0,True,144.444,12128,0,2412,0.685742,142.7994762808349,0
False,7,15,0,True,144.444,12128,0,2412,0.6857570000000001,142.79992195121952,0
False,7,15,0,True,144.444,12128,-36,2412,0.6857699999999999,142.80036738011378,0
False,7,15,0,True,144.444,12128,0,2412,0.6857829999999999,142.80081256771396,0
False,7,15,0,True,144.444,12128,-44,2412,0.685796,142.80125751421608,0
False,7,15,0,True,144.444,12128,-36,2412,0.685814,142.80170221981592,0
False,7,15,0,True,144.444,12128,0,2412,0.6858270000000001,142.80214668470904,0
False,7,15,0,True,144.444,12128,-36,2412,0.6858399999999999,142.8025909090909,0
False,7,15,0,True,144.444,12128,-44,2412,0.688363,142.8030348931566,0
False,7,15,0,True,144.444,12128,0,2412,0.6883799999999999,142.80347863710114,0
False,7,15,0,True,144.444,12128,-39,2412,0.6883940000000001,142.80392214111922,0
False,7,15,0,True,144.444,12128,0,2412,0.689015,142.8043654054054,0
False,7,15,0,True,144.444,12128,-39,2412,0.6890280000000001,142.804808430154,0
False,7,15,0,True,144.444,12128,-44,2412,0.6890409999999999,142.80525121555914,0
False,7,15,0,True,144.444,12128,0,2412,0.6890550000000001,142.80569376181472,0
False,7,15,0,True,144.444,12128,0,2412,0.689069,142.80613606911447,0
False,7,15,0,True,144.444,12128,0,2412,0.689083,142.8065781376518,0
False,7,15,0,True,144.444,12128,-41,2412,0.6890949999999999,142.80701996762005,0
False,7,15,0,True,144.444,12128,-41,2412,0.68911,142.8074615592123,0
False,7,15,0,True,144.444,12128,-37,2412,0.689123,142.80790291262133,0
False,7,15,0,True,144.444,12128,-41,2412,0.6891360000000001,142.8083440280399,0
False,7,15,0,True,144.444,12128,-42,2412,0.6891489999999999,142.80878490566036,0
False,7,15,0,True,144.444,12128,0,2412,0.6891619999999999,142.80922554567502,0
False,7,15,0,True,144.444,12128,0,2412,0.6891740000000001,142.80966594827584,0
False,7,15,0,True,144.444,12128,0,2412,0.6891930000000001,142.8101061136547,0
False,7,15,0,True,144.444,12128,-39,2412,0.689207,142.8105460420032,0
False,7,15,0,True,144.444,12128,0,2412,0.689256,142.81098573351278,0
False,7,15,0,True,144.444,12128,0,2412,0.6892699999999999,142.81142518837459,0
False,7,15,0,True,144.444,12128,0,2412,0.6892839999999999,142.81186440677965,0
False,7,15,0,True,144.444,12128,-40,2412,0.6892969999999999,142.81230338891876,0
False,7,15,0,True,144.444,12128,0,2412,0.68931,142.81274213498253,0
False,7,15,0,True,144.444,12128,-35,2412,0.6893219999999999,142.81318064516128,0
False,7,15,0,True,144.444,12128,0,2412,0.6893360000000001,142.81361891964525,0
False,7,15,0,True,144.444,12128,0,2412,0.68935,142.81405695862438,0
False,7,15,0,True,144.444,12128,0,2412,0.6893630000000001,142.81449476228846,0
False,7,15,0,True,144.444,12128,0,2412,0.689377,142.81493233082705,0
False,7,15,0,True,144.444,12128,-42,2412,0.6893900000000001,142.81536966442954,0
False,7,15,0,True,144.444,12128,0,2412,0.689402,142.815806763285,0
False,7,15,0,True,144.444,12128,0,2412,0.6894140000000001,142.81624362758248,0
False,7,15,0,True,144.444,12128,0,2412,0.6894269999999999,142.8166802575107,0
False,7,15,0,True,144.444,12128,0,2412,0.6894399999999999,142.81711665325824,0
False,7,15,0,True,144.444,12128,-41,2412,0.691574,142.81755281501339,0
False,7,15,0,True,144.444,12128,0,2412,0.6915939999999999,142.81798874296433,0
False,7,15,0,True,144.444,12128,-39,2412,0.691607,142.81842443729903,0
False,7,15,0,True,144.444,12128,0,2412,0.691655,142.8188598982052,0
False,7,15,0,True,144.444,12128,-40,2412,0.6916669999999999,142.81929512587035,0
False,7,15,0,True,144.444,12128,-36,2412,0.6916779999999999,142.81973012048192,0
False,7,15,0,True,144.444,12128,0,2412,0.69169,142.82016488222698,0
False,7,15,0,True,144.444,12128,0,2412,0.6917019999999999,142.82059941129245,0
False,7,15,0,True,144.444,12128,-37,2412,0.6917129999999999,142.82103370786515,0
False,7,15,0,True,144.444,12128,0,2412,0.691726,142.82146777213157,0
False,7,15,0,True,144.444,12128,0,2412,0.691739,142.82190160427805,0
False,7,15,0,True,144.444,12128,0,2412,0.6917509999999999,142.82233520449077,0
False,7,15,0,True,144.444,12128,-42,2412,0.691763,142.82276857295562,0
False,7,15,0,True,144.444,12128,0,2412,0.6917749999999999,142.8232017098584,0
False,7,15,0,True,144.444,12128,-40,2412,0.691787,142.8236346153846,0
False,7,15,0,True,144.444,12128,0,2412,0.6931599999999999,142.8240672897196,0
False,7,15,0,True,144.444,12128,-41,2412,0.693178,142.82449973304858,0
False,7,15,0,True,144.444,12128,-39,2412,0.6931919999999999,142.82493194555644,0
False,7,15,0,True,144.444,12128,0,2412,0.6932429999999999,142.82536392742796,0
False,7,15,0,True,144.444,12128,-36,2412,0.6932539999999999,142.82579567884767,0
False,7,15,0,True,144.444,12128,0,2412,0.693267,142.82622719999998,0
False,7,15,0,True,144.444,12128,-36,2412,0.69328,142.82665849106905,0
False,7,15,0,True,144.444,12128,-44,2412,0.693293,142.8270895522388,0
False,7,15,0,True,144.444,12128,0,2412,0.693305,142.82752038369304,0
False,7,15,0,True,144.444,12128,0,2412,0.693318,142.82795098561533,0
False,7,15,0,True,144.444,12128,0,2412,0.6933299999999999,142.82838135818906,0
False,7,15,0,True,144.444,12128,-40,2412,0.693345,142.82881150159744,0
False,7,15,0,True,144.444,12128,0,2412,0.6933569999999999,142.8292414160234,0
False,7,15,0,True,144.444,12128,-44,2412,0.693369,142.8296711016498,0
False,7,15,0,True,144.444,12128,-39,2412,0.693382,142.8301005586592,0
False,7,15,0,True,144.444,12128,0,2412,0.6933949999999999,142.83052978723404,0
False,7,15,0,True,144.444,12128,-44,2412,0.6934079999999999,142.83095878755648,0
False,7,15,0,True,144.444,12128,-41,2412,0.69342,142.8313875598086,0
False,7,15,0,True,144.444,12128,0,2412,0.6934319999999999,142.8318161041722,0
False,7,15,0,True,144.444,12128,-37,2412,0.6934429999999999,142.83224442082889,0
False,7,15,0,True,144.444,12128,-39,2412,0.693455,142.83267250996016,0
False,7,15,0,True,144.444,12128,0,2412,0.693504,142.8331003717472,0
False,7,15,0,True,144.444,12128,-42,2412,0.693517,142.8335280063711,0
False,7,15,0,True,144.444,12128,-40,2412,0.69419,142.8339554140127,0
False,7,15,0,True,144.444,12128,0,2412,0.6987599999999999,142.83438259485274,0
False,7,15,0,True,144.444,12128,0,2412,0.6987720000000001,142.83480954907162,0
False,7,15,0,True,144.444,12128,-40,2412,0.698784,142.83523627684963,0
False,7,15,0,True,144.444,12128,0,2412,0.6987960000000001,142.8356627783669,0
False,7,15,0,True,144.444,12128,0,2412,0.698808,142.83608905380333,0
False,7,15,0,True,144.444,12128,0,2412,0.698821,142.83651510333863,0
False,7,15,0,True,144.444,12128,-35,2412,0.6988329999999999,142.8369409271523,0
False,7,15,0,True,144.444,12128,0,2412,0.6988469999999999,142.8373665254237,0
False,7,15,0,True,144.444,12128,-42,2412,0.698862,142.837791898332,0
False,7,15,0,True,144.444,12128,0,2412,0.6988759999999999,142.8382170460561,0
False,7,15,0,True,144.444,12128,0,2412,0.6988899999999999,142.8386419687748,0
False,7,15,0,True,144.444,12128,0,2412,0.6989040000000001,142.83906666666667,0
False,7,15,0,True,144.444,12128,0,2412,0.6989230000000001,142.83949113991005,0
False,7,15,0,True,144.444,12128,0,2412,0.6989359999999999,142.8399153886832,0
False,7,15,0,True,144.444,12128,0,2412,0.6998270000000001,142.84033941316414,0
False,7,15,0,True,144.444,12128,-37,2412,0.7018989999999999,142.84076321353064,0
False,7,15,0,True,144.444,12128,-43,2412,0.7019159999999999,142.84118678996035,0
False,7,15,0,True,144.444,12128,-39,2412,0.70193,142.84161014263074,0
False,7,15,0,True,144.444,12128,-40,2412,0.7019799999999999,142.84203327171903,0
False,7,15,0,True,144.444,12128,0,2412,0.701993,142.8424561774023,0
False,7,15,0,True,144.444,12128,-37,2412,0.7020069999999999,142.84287885985748,0
False,7,15,0,True,144.444,12128,0,2412,0.7020209999999999,142.8433013192612,0
False,7,15,0,True,144.444,12128,0,2412,0.702033,142.84372355579004,0
False,7,15,0,True,144.444,12128,0,2412,0.702049,142.84414556962025,0
False,7,15,0,True,144.444,12128,-40,2412,0.7020620000000001,142.844567360928,0
False,7,15,0,True,144.444,12128,0,2412,0.7020749999999999,142.8449889298893,0
False,7,15,0,True,144.444,12128,-42,2412,0.7020890000000001,142.84541027667981,0
False,7,15,0,True,144.444,12128,0,2412,0.702103,142.84583140147524,0
False,7,15,0,True,144.444,12128,-41,2412,0.702117,142.84625230445087,0
False,7,15,0,True,144.444,12128,-44,2412,0.7021289999999999,142.84667298578196,0
False,7,15,0,True,144.444,12128,0,2412,0.702141,142.8470934456436,0
False,7,15,0,True,144.444,12128,0,2412,0.70216,142.84751368421053,0
False,7,15,0,True,144.444,12128,-40,2412,0.7021719999999999,142.84793370165744,0
False,7,15,0,True,144.444,12128,-36,2412,0.7022259999999999,142.84835349815887,0
False,7,15,0,True,144.444,12128,0,2412,0.702241,142.84877307388902,0
False,7,15,0,True,144.444,12128,0,2412,0.7022529999999999,142.84919242902205,0
False,7,15,0,True,144.444,12128,0,2412,0.702268,142.8496115637319,0
False,7,15,0,True,144.444,12128,0,2412,0.702282,142.8500304781923,0
False,7,15,0,True,144.444,12128,-44,2412,0.702295,142.85044917257682,0
False,7,15,0,True,144.444,12128,0,2412,0.702308,142.8508676470588,0
False,7,15,0,True,144.444,12128,-40,2412,0.7023199999999999,142.85128590181148,0
False,7,15,0,True,144.444,12128,-39,2412,0.702335,142.85170393700787,0
False,7,15,0,True,144.444,12128,-44,2412,0.7023480000000001,142.85212175282075,0
False,7,15,0,True,144.444,12128,0,2412,0.702362,142.85253934942287,0
False,7,15,0,True,144.444,12128,-41,2412,0.702376,142.8529567269866,0
False,7,15,0,True,144.444,12128,-44,2412,0.7024149999999999,142.8533738856843,0
False,7,15,0,True,144.444,12128,0,2412,0.70243,142.85379082568807,0
False,7,15,0,True,144.444,12128,0,2412,0.70331,142.85420754716978,0
False,7,15,0,True,144.444,12128,0,2412,0.7033269999999999,142.85462405030128,0
False,7,15,0,True,144.444,12128,0,2412,0.7055490000000001,142.85504033525405,0
False,7,15,0,True,144.444,12128,-40,2412,0.705566,142.8554564021995,0
False,7,15,0,True,144.444,12128,-42,2412,0.7077479999999999,142.85587225130888,0
False,7,15,0,True,144.444,12128,-35,2412,0.7077619999999999,142.85628788275318,0
False,7,15,0,True,144.444,12128,0,2412,0.7077809999999999,142.8567032967033,0
False,7,15,0,True,144.444,12128,0,2412,0.7077939999999999,142.85711849332984,0
False,7,15,0,True,144.444,12128,-39,2412,0.707807,142.85753347280334,0
False,7,15,0,True,144.444,12128,0,2412,0.70782,142.85794823529412,0
False,7,15,0,True,144.444,12128,0,2412,0.707833,142.85836278097227,0
False,7,15,0,True,144.444,12128,0,2412,0.707847,142.85877711000782,0
False,7,15,0,True,144.444,12128,0,2412,0.708759,142.85919122257053,0
False,7,15,0,True,144.444,12128,0,2412,0.7087769999999999,142.85960511882996,0
False,7,15,0,True,144.444,12128,-36,2412,0.7087910000000001,142.8600187989556,0
False,7,15,0,True,144.444,12128,0,2412,0.7088039999999999,142.86043226311668,0
False,7,15,0,True,144.444,12128,0,2412,0.7088180000000001,142.86084551148224,0
False,7,15,0,True,144.444,12128,-35,2412,0.7088309999999999,142.86125854422124,0
False,7,15,0,True,144.444,12128,0,2412,0.708843,142.86167136150232,0
False,7,15,0,True,144.444,12128,0,2412,0.708856,142.86208396349411,0
False,7,15,0,True,144.444,12128,-40,2412,0.7088679999999999,142.86249635036495,0
False,7,15,0,True,144.444,12128,0,2412,0.710117,142.86290852228302,0
False,7,15,0,True,144.444,12128,-35,2412,0.7101339999999999,142.86332047941636,0
False,7,15,0,True,144.444,12128,0,2412,0.7101479999999999,142.8637322219328,0
False,7,15,0,True,144.444,12128,0,2412,0.7101620000000001,142.86414374999998,0
False,7,15,0,True,144.444,12128,0,2412,0.7101780000000001,142.86455506378545,0
False,7,15,0,True,144.444,12128,-41,2412,0.710192,142.86496616345653,0
False,7,15,0,True,144.444,12128,0,2412,0.7102069999999999,142.86537704918032,0
False,7,15,0,True,144.444,12128,-36,2412,0.71022,142.8657877211238,0
False,7,15,0,True,144.444,12128,-41,2412,0.7102339999999999,142.86619817945382,0
False,7,15,0,True,144.444,12128,0,2412,0.7102449999999999,142.86660842433696,0
False,7,15,0,True,144.444,12128,-37,2412,0.710258,142.86701845593967,0
False,7,15,0,True,144.444,12128,-42,2412,0.710271,142.86742827442825,0
False,7,15,0,True,144.444,12128,0,2412,0.7102829999999999,142.86783787996882,0
False,7,15,0,True,144.444,12128,0,2412,0.7102959999999999,142.86824727272727,0
False,7,15,0,True,144.444,12128,0,2412,0.7103149999999999,142.86865645286937,0
False,7,15,0,True,144.444,12128,0,2412,0.7129420000000001,142.86906542056073,0
False,7,15,0,True,144.444,12128,0,2412,0.7129610000000001,142.86947417596676,0
False,7,15,0,True,144.444,12128,-40,2412,0.7129759999999999,142.8698827192527,0
True,7,15,0,True,144.444,12128,0,2412,0.7130279999999999,142.83282178988327,0
True,7,15,0,True,144.444,12128,0,2412,0.7130420000000001,142.79578008298753,0
True,7,15,0,True,144.444,12128,-40,2412,0.713054,142.7587575836142,0
True,7,15,0,True,144.444,12128,0,2412,0.7130660000000001,142.72175427682737,0
True,7,15,0,True,144.444,12128,-39,2412,0.713081,142.68477014770664,0
False,7,15,0,True,144.444,12128,-39,2412,0.713135,142.68522590673575,0
False,7,15,0,True,144.444,12128,0,2412,0.7131500000000001,142.6856814296814,0
False,7,15,0,True,144.444,12128,0,2412,0.713164,142.68613671672708,0
False,7,15,0,True,144.444,12128,-34,2412,0.7131770000000001,142.6865917680559,0
False,7,15,0,True,144.444,12128,0,2412,0.7131899999999999,142.68704658385093,0
False,7,15,0,True,144.444,12128,-44,2412,0.713202,142.68750116429496,0
False,7,15,0,True,144.444,12128,-36,2412,0.713215,142.6879555095706,0
False,7,15,0,True,144.444,12128,-36,2412,0.7132299999999999,142.68840961986035,0
False,7,15,0,True,144.444,12128,-39,2412,0.713243,142.68886349534642,0
False,7,15,0,True,144.444,12128,0,2412,0.7132569999999999,142.6893171362109,0
False,7,15,0,True,144.444,12128,-41,2412,0.713269,142.68977054263564,0
False,7,15,0,True,144.444,12128,0,2412,0.7132809999999999,142.69022371480236,0
False,7,15,0,True,144.444,12128,-40,2412,0.7132949999999999,142.69067665289253,0
False,7,15,0,True,144.444,12128,-44,2412,0.7133090000000001,142.6911293570875,0
False,7,15,0,True,144.444,12128,0,2412,0.713323,142.6915818275684,0
False,7,15,0,True,144.444,12128,0,2412,0.7133360000000001,142.69203406451612,0
False,7,15,0,True,144.444,12128,0,2412,0.713348,142.69248606811144,0
False,7,15,0,True,144.444,12128,0,2412,0.7133630000000001,142.69293783853493,0
False,7,15,0,True,144.444,12128,0,2412,0.7137330000000001,142.69338937596697,0
False,7,15,0,True,144.444,12128,-39,2412,0.713747,142.69384068058775,0
False,7,15,0,True,144.444,12128,-35,2412,0.7157999999999999,142.69429175257733,0
False,7,15,0,True,144.444,12128,0,2412,0.7158140000000001,142.69474259211543,0
False,7,15,0,True,144.444,12128,0,2412,0.7158289999999999,142.69519319938175,0
False,7,15,0,True,144.444,12128,-39,2412,0.7158539999999999,142.69564357455573,0
False,7,15,0,True,144.444,12128,0,2412,0.7158699999999999,142.69609371781667,0
False,7,15,0,True,144.444,12128,0,2412,0.7158809999999999,142.6965436293436,0
False,7,15,0,True,144.444,12128,0,2412,0.7158950000000001,142.69699330931547,0
False,7,15,0,True,144.444,12128,0,2412,0.7159079999999999,142.69744275791098,0
False,7,15,0,True,144.444,12128,0,2412,0.715923,142.69789197530864,0
False,7,15,0,True,144.444,12128,0,2412,0.7159380000000001,142.6983409616868,0
False,7,15,0,True,144.444,12128,-35,2412,0.7159509999999999,142.69878971722363,0
False,7,15,0,True,144.444,12128,0,2412,0.7159650000000001,142.69923824209712,0
False,7,15,0,True,144.444,12128,-36,2412,0.7159779999999999,142.69968653648507,0
False,7,15,0,True,144.444,12128,0,2412,0.7159909999999999,142.7001346005651,0
False,7,15,0,True,144.444,12128,-41,2412,0.716004,142.70058243451462,0
False,7,15,0,True,144.444,12128,0,2412,0.716017,142.7010300385109,0
False,7,15,0,True,144.444,12128,-42,2412,0.7160289999999999,142.70147741273098,0
False,7,15,0,True,144.444,12128,-37,2412,0.7160429999999999,142.70192455735182,0
False,7,15,0,True,144.444,12128,0,2412,0.716057,142.70237147255,0
False,7,15,0,True,144.444,12128,-39,2412,0.716068,142.70281815850217,0
False,7,15,0,True,144.444,12128,-35,2412,0.7161399999999999,142.7032646153846,0
False,7,15,0,True,144.444,12128,0,2412,0.7161540000000001,142.70371084337347,0
False,7,15,0,True,144.444,12128,0,2412,0.716166,142.70415684264478,0
False,7,15,0,True,144.444,12128,0,2412,0.716179,142.7046026133743,0
False,7,15,0,True,144.444,12128,0,2412,0.7168819999999999,142.7050481557377,0
False,7,15,0,True,144.444,12128,0,2412,0.7169,142.70549346991035,0
False,7,15,0,True,144.444,12128,-44,2412,0.716916,142.7059385560676,0
False,7,15,0,True,144.444,12128,0,2412,0.7169309999999999,142.70638341438442,0
False,7,15,0,True,144.444,12128,-40,2412,0.7169439999999999,142.70682804503582,0
False,7,15,0,True,144.444,12128,0,2412,0.716957,142.70727244819648,0
False,7,15,0,True,144.444,12128,-39,2412,0.716972,142.7077166240409,0
False,7,15,0,True,144.444,12128,0,2412,0.716984,142.70816057274354,0
False,7,15,0,True,144.444,12128,-41,2412,0.7169979999999999,142.70860429447853,0
False,7,15,0,True,144.444,12128,0,2412,0.717016,142.70904778941988,0
False,7,15,0,True,144.444,12128,0,2412,0.718074,142.70949105774145,0
False,7,15,0,True,144.444,12128,-44,2412,0.7180920000000001,142.70993409961685,0
False,7,15,0,True,144.444,12128,0,2412,0.7181049999999999,142.7103769152196,0
False,7,15,0,True,144.444,12128,-34,2412,0.7181190000000001,142.710819504723,0
False,7,15,0,True,144.444,12128,-41,2412,0.7203400000000001,142.71126186830014,0
False,7,15,0,True,144.444,12128,-39,2412,0.7203590000000001,142.711704006124,0
True,7,15,0,True,144.444,12128,-36,2412,0.720408,142.67529795918367,0
True,7,15,0,True,144.444,12128,0,2412,0.720433,142.6389104820199,0
True,7,15,0,True,144.444,12128,0,2412,0.720444,142.60254156042834,0
True,7,15,0,True,144.444,12128,0,2412,0.7204559999999999,142.5661911802192,0
True,7,15,0,True,144.444,12128,0,2412,0.7204670000000001,142.5298593272171,0
True,7,15,0,True,144.444,12128,0,2412,0.720479,142.49354598726114,0
True,7,15,0,True,144.444,12128,-44,2412,0.7204909999999999,142.45725114620478,0
True,7,15,0,True,144.444,12128,-39,2412,0.720503,142.42097478991596,0
False,7,15,0,True,144.444,12128,0,2412,0.7205480000000001,142.4214898167006,0
False,7,15,0,True,144.444,12128,0,2412,0.72056,142.4220045813184,0
False,7,15,0,True,144.444,12128,0,2412,0.7205719999999999,142.42251908396946,0
False,7,15,0,True,144.444,12128,0,2412,0.7205830000000001,142.42303332485372,0
False,7,15,0,True,144.444,12128,0,2412,0.7205940000000001,142.42354730417088,0
False,7,15,0,True,144.444,12128,0,2412,0.720606,142.4240610221205,0
False,7,15,0,True,144.444,12128,0,2412,0.720617,142.42457447890186,0
False,7,15,0,True,144.444,12128,0,2412,0.7206290000000001,142.4250876747141,0
False,7,15,0,True,144.444,12128,-36,2412,0.7206419999999999,142.4256006097561,0
False,7,15,0,True,144.444,12128,0,2412,0.7206529999999999,142.42611328422655,0
False,7,15,0,True,144.444,12128,0,2412,0.7206659999999999,142.42662569832402,0
False,7,15,0,True,144.444,12128,0,2412,0.720678,142.42713785224674,0
False,7,15,0,True,144.444,12128,-39,2412,0.7206899999999999,142.42764974619288,0
False,7,15,0,True,144.444,12128,-35,2412,0.7207020000000001,142.4281613803603,0
False,7,15,0,True,144.444,12128,0,2412,0.720714,142.42867275494672,0
False,7,15,0,True,144.444,12128,0,2412,0.720725,142.42918387014961,0
False,7,15,0,True,144.444,12128,0,2412,0.7207370000000001,142.42969472616633,0
False,7,15,0,True,144.444,12128,0,2412,0.72337,142.43020532319392,0
False,7,15,0,True,144.444,12128,0,2412,0.723386,142.43071566142928,0
False,7,15,0,True,144.444,12128,-40,2412,0.7233999999999999,142.43122574106914,0
False,7,15,0,True,144.444,12128,-41,2412,0.7234519999999999,142.43173556231002,0
False,7,15,0,True,144.444,12128,0,2412,0.723466,142.43224512534817,0
False,7,15,0,True,144.444,12128,-35,2412,0.7234790000000001,142.43275443037973,0
False,7,15,0,True,144.444,12128,0,2412,0.7234919999999999,142.4332634776006,0
False,7,15,0,True,144.444,12128,-37,2412,0.723504,142.43377226720648,0
False,7,15,0,True,144.444,12128,0,2412,0.7235170000000001,142.43428079939287,0
False,7,15,0,True,144.444,12128,0,2412,0.723531,142.43478907435508,0
False,7,15,0,True,144.444,12128,0,2412,0.7235440000000001,142.43529709228824,0
False,7,15,0,True,144.444,12128,0,2412,0.7235569999999999,142.43580485338725,0
False,7,15,0,True,144.444,12128,-41,2412,0.7235710000000001,142.43631235784684,0
False,7,15,0,True,144.444,12128,0,2412,0.7235839999999999,142.43681960586153,0
False,7,15,0,True,144.444,12128,0,2412,0.723599,142.43732659762566,0
False,7,15,0,True,144.444,12128,0,2412,0.723613,142.43783333333332,0
False,7,15,0,True,144.444,12128,0,2412,0.723626,142.4383398131785,0
False,7,15,0,True,144.444,12128,-44,2412,0.72364,142.43884603735486,0
False,7,15,0,True,144.444,12128,0,2412,0.7236539999999999,142.439352006056,0
False,7,15,0,True,144.444,12128,0,2412,0.7236680000000001,142.43985771947527,0
False,7,15,0,True,144.444,12128,-39,2412,0.723682,142.4403631778058,0
False,7,15,0,True,144.444,12128,0,2412,0.724268,142.44086838124053,0
False,7,15,0,True,144.444,12128,0,2412,0.724282,142.44137332997227,0
False,7,15,0,True,144.444,12128,0,2412,0.724295,142.44187802419353,0
False,7,15,0,True,144.444,12128,-36,2412,0.7243080000000001,142.44238246409674,0
False,7,15,0,True,144.444,12128,0,2412,0.724322,142.44288664987405,0
False,7,15,0,True,144.444,12128,0,2412,0.724336,142.44339058171744,0
False,7,15,0,True,144.444,12128,0,2412,0.724349,142.44389425981873,0
False,7,15,0,True,144.444,12128,-35,2412,0.724363,142.44439768436948,0
False,7,15,0,True,144.444,12128,0,2412,0.724376,142.44490085556112,0
False,7,15,0,True,144.444,12128,-41,2412,0.7243890000000001,142.4454037735849,0
False,7,15,0,True,144.444,12128,0,2412,0.7244019999999999,142.44590643863177,0
False,7,15,0,True,144.444,12128,0,2412,0.7244210000000001,142.44640885089262,0
False,7,15,0,True,144.444,12128,0,2412,0.724436,142.44691101055807,0
False,7,15,0,True,144.444,12128,-37,2412,0.724449,142.44741291781853,0
False,7,15,0,True,144.444,12128,-41,2412,0.724463,142.4479145728643,0
False,7,15,0,True,144.444,12128,0,2412,0.724703,142.44841597588544,0
False,7,15,0,True,144.444,12128,0,2412,0.724719,142.4489171270718,0
False,7,15,0,True,144.444,12128,0,2412,0.7247309999999999,142.4494180266131,0
False,7,15,0,True,144.444,12128,0,2412,0.7259619999999999,142.44991867469878,0
False,7,15,0,True,144.444,12128,-39,2412,0.725979,142.45041907151818,0
False,7,15,0,True,144.444,12128,-40,2412,0.727612,142.4509192172604,0
False,7,15,0,True,144.444,12128,0,2412,0.7276250000000001,142.45141911211437,0
False,7,15,0,True,144.444,12128,-37,2412,0.7276379999999999,142.4519187562688,0
False,7,15,0,True,144.444,12128,0,2412,0.7276520000000001,142.45241814991226,0
False,7,15,0,True,144.444,12128,-42,2412,0.7276649999999999,142.45291729323307,0
False,7,15,0,True,144.444,12128,0,2412,0.7276779999999999,142.45341618641945,0
False,7,15,0,True,144.444,12128,-35,2412,0.7276919999999999,142.4539148296593,0
False,7,15,0,True,144.444,12128,-40,2412,0.7277049999999999,142.45441322314048,0
False,7,15,0,True,144.444,12128,0,2412,0.727718,142.45491136705056,0
False,7,15,0,True,144.444,12128,-41,2412,0.7277299999999999,142.45540926157696,0
False,7,15,0,True,144.444,12128,-36,2412,0.7277429999999999,142.4559069069069,0
False,7,15,0,True,144.444,12128,0,2412,0.727755,142.4564043032274,0
False,7,15,0,True,144.444,12128,0,2412,0.7277669999999999,142.45690145072535,0
False,7,15,0,True,144.444,12128,0,2412,0.72778,142.45739834958738,0
False,7,15,0,True,144.444,12128,0,2412,0.727793,142.45789499999998,0
False,7,15,0,True,144.444,12128,0,2412,0.727826,142.45839140214946,0
False,7,15,0,True,144.444,12128,-41,2412,0.7278410000000001,142.4588875562219,0
False,7,15,0,True,144.444,12128,-36,2412,0.7300939999999999,142.4593834624032,0
False,7,15,0,True,144.444,12128,-39,2412,0.7301110000000001,142.45987912087912,0
False,7,15,0,True,144.444,12128,-40,2412,0.730125,142.46037453183519,0
False,7,15,0,True,144.444,12128,0,2412,0.730276,142.4608696954568,0
False,7,15,0,True,144.444,12128,-35,2412,0.73029,142.4613646119291,0
False,7,15,0,True,144.444,12128,0,2412,0.730303,142.4618592814371,0
False,7,15,0,True,144.444,12128,-41,2412,0.7308549999999999,142.46235370416562,0
False,7,15,0,True,144.444,12128,0,2412,0.730868,142.46284788029925,0
False,7,15,0,True,144.444,12128,0,2412,0.7308830000000001,142.46334181002243,0
False,7,15,0,True,144.444,12128,-41,2412,0.730895,142.46383549351944,0
False,7,15,0,True,144.444,12128,-37,2412,0.730908,142.46432893097432,0
False,7,15,0,True,144.444,12128,0,2412,0.7309199999999999,142.46482212257098,0
False,7,15,0,True,144.444,12128,0,2412,0.7309340000000001,142.46531506849314,0
False,7,15,0,True,144.444,12128,0,2412,0.730948,142.4658077689243,0
False,7,15,0,True,144.444,12128,0,2412,0.7309610000000001,142.46630022404779,0
False,7,15,0,True,144.444,12128,0,2412,0.7309739999999999,142.46679243404677,0
False,7,15,0,True,144.444,12128,0,2412,0.7309880000000001,142.46728439910424,0
False,7,15,0,True,144.444,12128,-42,2412,0.731,142.46777611940297,0
False,7,15,0,True,144.444,12128,0,2412,0.7310139999999999,142.46826759512558,0
False,7,15,0,True,144.444,12128,0,2412,0.7310279999999999,142.4687588264545,0
False,7,15,0,True,144.444,12128,0,2412,0.7310629999999999,142.46924981357196,0
False,7,15,0,True,144.444,12128,0,2412,0.731076,142.46974055666,0
False,7,15,0,True,144.444,12128,-39,2412,0.7310880000000001,142.4702310559006,0
False,7,15,0,True,144.444,12128,-36,2412,0.731218,142.4707213114754,0
False,7,15,0,True,144.444,12128,-41,2412,0.7312310000000001,142.4712113235659,0
False,7,15,0,True,144.444,12128,0,2412,0.731245,142.4717010923535,0
False,7,15,0,True,144.444,12128,-36,2412,0.731259,142.47219061801934,0
False,7,15,0,True,144.444,12128,-41,2412,0.731273,142.47267990074442,0
False,7,15,0,True,144.444,12128,0,2412,0.7312850000000001,142.47316894070948,0
False,7,15,0,True,144.444,12128,0,2412,0.731297,142.47365773809523,0
False,7,15,0,True,144.444,12128,-40,2412,0.7313120000000001,142.47414629308204,0
False,7,15,0,True,144.444,12128,0,2412,0.731326,142.47463460585027,0
False,7,15,0,True,144.444,12128,-42,2412,0.7313439999999999,142.4751226765799,0
False,7,15,0,True,144.444,12128,0,2412,0.7313580000000001,142.47561050545093,0
False,7,15,0,True,144.444,12128,-42,2412,0.73137,142.47609809264304,0
False,7,15,0,True,144.444,12128,0,2412,0.7313839999999999,142.4765854383358,0
False,7,15,0,True,144.444,12128,-37,2412,0.732115,142.47707254270858,0
False,7,15,0,True,144.444,12128,-40,2412,0.7321319999999999,142.47755940594058,0
False,7,15,0,True,144.444,12128,-35,2412,0.732147,142.47804602821083,0
False,7,15,0,True,144.444,12128,0,2412,0.73216,142.47853240969815,0
False,7,15,0,True,144.444,12128,-36,2412,0.732174,142.47901855058123,0
False,7,15,0,True,144.444,12128,-41,2412,0.7321859999999999,142.47950445103857,0
False,7,15,0,True,144.444,12128,-39,2412,0.7322000000000001,142.47999011124844,0
False,7,15,0,True,144.444,12128,0,2412,0.733288,142.480475531389,0
False,7,15,0,True,144.444,12128,-44,2412,0.733302,142.48096071163823,0
False,7,15,0,True,144.444,12128,-44,2412,0.733315,142.4814456521739,0
False,7,15,0,True,144.444,12128,0,2412,0.7333280000000001,142.48193035317362,0
False,7,15,0,True,144.444,12128,-39,2412,0.7333409999999999,142.4824148148148,0
False,7,15,0,True,144.444,12128,-36,2412,0.733354,142.48289903727473,0
False,7,15,0,True,144.444,12128,-41,2412,0.733367,142.48338302073049,0
False,7,15,0,True,144.444,12128,0,2412,0.7333820000000001,142.48386676535898,0
False,7,15,0,True,144.444,12128,0,2412,0.733394,142.48435027133695,0
False,7,15,0,True,144.444,12128,0,2412,0.733407,142.48483353884092,0
False,7,15,0,True,144.444,12128,-44,2412,0.7334249999999999,142.48531656804732,0
False,7,15,0,True,144.444,12128,0,2412,0.7334379999999999,142.48579935913236,0
False,7,15,0,True,144.444,12128,0,2412,0.7334519999999999,142.48628191227203,0
False,7,15,0,True,144.444,12128,0,2412,0.734382,142.48676422764228,0
False,7,15,0,True,144.444,12128,0,2412,0.7343989999999999,142.48724630541872,0
False,7,15,0,True,144.444,12128,0,2412,0.736487,142.48772814577688,0
False,7,15,0,True,144.444,12128,-35,2412,0.736503,142.48820974889216,0
False,7,15,0,True,144.444,12128,-40,2412,0.736517,142.48869111493968,0
False,7,15,0,True,144.444,12128,0,2412,0.7366199999999999,142.48917224409448,0
False,7,15,0,True,144.444,12128,-37,2412,0.7366320000000001,142.48965313653136,0
False,7,15,0,True,144.444,12128,0,2412,0.736644,142.49013379242498,0
False,7,15,0,True,144.444,12128,0,2412,0.7366590000000001,142.49061421194983,0
False,7,15,0,True,144.444,12128,0,2412,0.7366739999999999,142.49109439528021,0
False,7,15,0,True,144.444,12128,0,2412,0.7366879999999999,142.4915743425903,0
False,7,15,0,True,144.444,12128,-42,2412,0.7367009999999999,142.49205405405405,0
False,7,15,0,True,144.444,12128,0,2412,0.7367130000000001,142.49253352984525,0
False,7,15,0,True,144.444,12128,0,2412,0.736727,142.4930127701375,0
False,7,15,0,True,144.444,12128,0,2412,0.7367389999999999,142.49349177510433,0
False,7,15,0,True,144.444,12128,-39,2412,0.736751,142.493970544919,0
False,7,15,0,True,144.444,12128,0,2412,0.736763,142.4944490797546,0
False,7,15,0,True,144.444,12128,-36,2412,0.7367750000000001,142.4949273797841,0
False,7,15,0,True,144.444,12128,0,2412,0.7367879999999999,142.49540544518027,0
False,7,15,0,True,144.444,12128,0,2412,0.7368009999999999,142.49588327611573,0
False,7,15,0,True,144.444,12128,-36,2412,0.736814,142.49636087276292,0
False,7,15,0,True,144.444,12128,0,2412,0.7368290000000001,142.49683823529412,0
False,7,15,0,True,144.444,12128,0,2412,0.7385229999999999,142.4973153638814,0
False,7,15,0,True,144.444,12128,-41,2412,0.7385430000000001,142.4977922586967,0
False,7,15,0,True,144.444,12128,-41,2412,0.738557,142.49826891991182,0
False,7,15,0,True,144.444,12128,0,2412,0.738676,142.49874534769833,0
False,7,15,0,True,144.444,12128,-42,2412,0.7386879999999999,142.49922154222764,0
False,7,15,0,True,144.444,12128,0,2412,0.7387009999999999,142.49969750367106,0
False,7,15,0,True,144.444,12128,-35,2412,0.738714,142.50017323219964,0
False,7,15,0,True,144.444,12128,-40,2412,0.738725,142.50064872798433,0
False,7,15,0,True,144.444,12128,-37,2412,0.7387389999999999,142.5011239911959,0
False,7,15,0,True,144.444,12128,-42,2412,0.7387499999999999,142.50159902200488,0
False,7,15,0,True,144.444,12128,0,2412,0.738762,142.50207382058176,0
False,7,15,0,True,144.444,12128,0,2412,0.7387739999999999,142.50254838709677,0
False,7,15,0,True,144.444,12128,0,2412,0.738786,142.50302272172,0
False,7,15,0,True,144.444,12128,0,2412,0.7387989999999999,142.50349682462138,0
False,7,15,0,True,144.444,12128,0,2412,0.7388119999999999,142.50397069597068,0
False,7,15,0,True,144.444,12128,-40,2412,0.738827,142.50444433593748,0
False,7,15,0,True,144.444,12128,-36,2412,0.7417379999999999,142.50491774469123,0
False,7,15,0,True,144.444,12128,0,2412,0.7417509999999999,142.50539092240115,0
False,7,15,0,True,144.444,12128,0,2412,0.7417649999999999,142.50586386923638,0
False,7,15,0,True,144.444,12128,-44,2412,0.7417779999999999,142.50633658536583,0
False,7,15,0,True,144.444,12128,0,2412,0.741791,142.5068090709583,0
False,7,15,0,True,144.444,12128,0,2412,0.7418049999999999,142.50728132618235,0
False,7,15,0,True,144.444,12128,0,2412,0.7418189999999999,142.50775335120642,0
False,7,15,0,True,144.444,12128,-44,2412,0.7418330000000001,142.5082251461988,0
False,7,15,0,True,144.444,12128,0,2412,0.7418459999999999,142.50869671132764,0
False,7,15,0,True,144.444,12128,0,2412,0.741858,142.50916804676083,0
False,7,15,0,True,144.444,12128,0,2412,0.741877,142.50963915266618,0
False,7,15,0,True,144.444,12128,-41,2412,0.7418889999999999,142.5101100292113,0
False,7,15,0,True,144.444,12128,0,2412,0.742873,142.51058067656365,0
False,7,15,0,True,144.444,12128,0,2412,0.7428899999999999,142.5110510948905,0
False,7,15,0,True,144.444,12128,-35,2412,0.7429039999999999,142.51152128435902,0
False,7,15,0,True,144.444,12128,0,2412,0.7447940000000001,142.5119912451362,0
False,7,15,0,True,144.444,12128,0,2412,0.7448119999999999,142.51246097738874,0
False,7,15,0,True,144.444,12128,-39,2412,0.744825,142.5129304812834,0
False,7,15,0,True,144.444,12128,0,2412,0.744878,142.51339975698662,0
False,7,15,0,True,144.444,12128,0,2412,0.7448910000000001,142.51386880466472,0
False,7,15,0,True,144.444,12128,0,2412,0.744905,142.51433762448383,0
False,7,15,0,True,144.444,12128,0,2412,0.744919,142.51480621661,0
False,7,15,0,True,144.444,12128,0,2412,0.7449309999999999,142.515274581209,0
False,7,15,0,True,144.444,12128,0,2412,0.7449450000000001,142.51574271844657,0
False,7,15,0,True,144.444,12128,0,2412,0.7449579999999999,142.51621062848824,0
False,7,15,0,True,144.444,12128,0,2412,0.7449709999999999,142.51667831149928,0
False,7,15,0,True,144.444,12128,-39,2412,0.744984,142.5171457676449,0
False,7,15,0,True,144.444,12128,0,2412,0.744997,142.5176129970902,0
False,7,15,0,True,144.444,12128,0,2412,0.745011,142.51808,0
False,7,15,0,True,144.444,12128,-36,2412,0.7450249999999999,142.518546776539,0
False,7,15,0,True,144.444,12128,0,2412,0.7450389999999999,142.5190133268718,0
False,7,15,0,True,144.444,12128,-36,2412,0.7450519999999999,142.51947965116278,0
False,7,15,0,True,144.444,12128,0,2412,0.745065,142.51994574957615,0
False,7,15,0,True,144.444,12128,-42,2412,0.745596,142.52041162227601,0
False,7,15,0,True,144.444,12128,0,2412,0.7456139999999999,142.52087726942628,0
False,7,15,0,True,144.444,12128,-39,2412,0.7456269999999999,142.5213426911907,0
False,7,15,0,True,144.444,12128,0,2412,0.7459300000000001,142.52180788773288,0
False,7,15,0,True,144.444,12128,-36,2412,0.7459429999999999,142.52227285921626,0
False,7,15,0,True,144.444,12128,-41,2412,0.7459570000000001,142.5227376058041,0
False,7,15,0,True,144.444,12128,-44,2412,0.7459680000000001,142.52320212765954,0
False,7,15,0,True,144.444,12128,-41,2412,0.7459809999999999,142.5236664249456,0
False,7,15,0,True,144.444,12128,0,2412,0.7459939999999999,142.524130497825,0
False,7,15,0,True,144.444,12128,0,2412,0.746007,142.5245943464605,0
False,7,15,0,True,144.444,12128,-36,2412,0.7460209999999999,142.5250579710145,0
False,7,15,0,True,144.444,12128,0,2412,0.7460349999999999,142.52552137164935,0
False,7,15,0,True,144.444,12128,0,2412,0.7460559999999999,142.52598454852728,0
False,7,15,0,True,144.444,12128,-44,2412,0.7460699999999999,142.52644750181025,0
False,7,15,0,True,144.444,12128,-37,2412,0.7460840000000001,142.52691023166022,0
False,7,15,0,True,144.444,12128,0,2412,0.7460969999999999,142.52737273823882,0
False,7,15,0,True,144.444,12128,0,2412,0.7461110000000001,142.52783502170766,0
False,7,15,0,True,144.444,12128,-41,2412,0.7468229999999999,142.5282970822281,0
False,7,15,0,True,144.444,12128,0,2412,0.746841,142.5287589199614,0
False,7,15,0,True,144.444,12128,-44,2412,0.7468549999999999,142.52922053506867,0
False,7,15,0,True,144.444,12128,-35,2412,0.746868,142.52968192771084,0
False,7,15,0,True,144.444,12128,0,2412,0.7468819999999999,142.53014309804865,0
False,7,15,0,True,144.444,12128,-41,2412,0.746895,142.53060404624276,0
False,7,15,0,True,144.444,12128,-41,2412,0.746954,142.53106477245365,0
False,7,15,0,True,144.444,12128,0,2412,0.74785,142.5315252768416,0
False,7,15,0,True,144.444,12128,0,2412,0.747867,142.53198555956678,0
False,7,15,0,True,144.444,12128,0,2412,0.7478809999999999,142.53244562078922,0
False,7,15,0,True,144.444,12128,0,2412,0.7478950000000001,142.53290546066876,0
False,7,15,0,True,144.444,12128,0,2412,0.74791,142.53336507936507,0
False,7,15,0,True,144.444,12128,0,2412,0.747923,142.53382447703774,0
False,7,15,0,True,144.444,12128,0,2412,0.747936,142.53428365384613,0
False,7,15,0,True,144.444,12128,0,2412,0.747948,142.53474260994952,0
False,7,15,0,True,144.444,12128,0,2412,0.7479619999999999,142.53520134550695,0
False,7,15,0,True,144.444,12128,0,2412,0.747975,142.53565986067738,0
False,7,15,0,True,144.444,12128,-39,2412,0.7491629999999999,142.5361181556196,0
False,7,15,0,True,144.444,12128,0,2412,0.749178,142.5365762304922,0
False,7,15,0,True,144.444,12128,0,2412,0.749191,142.53703408545366,0
False,7,15,0,True,144.444,12128,-36,2412,0.7492040000000001,142.53749172066233,0
False,7,15,0,True,144.444,12128,0,2412,0.750986,142.53794913627638,0
False,7,15,0,True,144.444,12128,0,2412,0.7510020000000001,142.53840633245383,0
False,7,15,0,True,144.444,12128,-40,2412,0.751014,142.5388633093525,0
False,7,15,0,True,144.444,12128,0,2412,0.751062,142.53932006713018,0
False,7,15,0,True,144.444,12128,-42,2412,0.751075,142.53977660594438,0
False,7,15,0,True,144.444,12128,0,2412,0.751087,142.54023292595255,0
False,7,15,0,True,144.444,12128,0,2412,0.7511009999999999,142.5406890273119,0
False,7,15,0,True,144.444,12128,0,2412,0.751113,142.54114491017964,0
False,7,15,0,True,144.444,12128,-35,2412,0.7511249999999999,142.54160057471265,0
False,7,15,0,True,144.444,12128,0,2412,0.751138,142.54205602106774,0
False,7,15,0,True,144.444,12128,0,2412,0.751151,142.5425112494016,0
False,7,15,0,True,144.444,12128,0,2412,0.7511629999999999,142.54296625987075,0
False,7,15,0,True,144.444,12128,-39,2412,0.7511800000000001,142.54342105263157,0
False,7,15,0,True,144.444,12128,-44,2412,0.751192,142.5438756278402,0
False,7,15,0,True,144.444,12128,0,2412,0.7512040000000001,142.54432998565278,0
False,7,15,0,True,144.444,12128,0,2412,0.751216,142.54478412622518,0
False,7,15,0,True,144.444,12128,0,2412,0.751229,142.5452380497132,0
False,7,15,0,True,144.444,12128,0,2412,0.7512409999999999,142.5456917562724,0
False,7,15,0,True,144.444,12128,-44,2412,0.7512519999999999,142.54614524605827,0
False,7,15,0,True,144.444,12128,-34,2412,0.7512629999999999,142.54659851922617,0
False,7,15,0,True,144.444,12128,-39,2412,0.751275,142.54705157593122,0
False,7,15,0,True,144.444,12128,0,2412,0.7524419999999999,142.54750441632848,0
False,7,15,0,True,144.444,12128,0,2412,0.752455,142.54795704057278,0
False,7,15,0,True,144.444,12128,0,2412,0.7524669999999999,142.5484094488189,0
False,7,15,0,True,144.444,12128,-37,2412,0.7524799999999999,142.54886164122138,0
False,7,15,0,True,144.444,12128,0,2412,0.7524939999999999,142.54931361793464,0
False,7,15,0,True,144.444,12128,0,2412,0.7525069999999999,142.549765379113,0
False,7,15,0,True,144.444,12128,0,2412,0.752519,142.5502169249106,0
False,7,15,0,True,144.444,12128,-41,2412,0.752531,142.5506682554814,0
False,7,15,0,True,144.444,12128,-41,2412,0.752544,142.55111937097925,0
False,7,15,0,True,144.444,12128,0,2412,0.752555,142.55157027155786,0
False,7,15,0,True,144.444,12128,0,2412,0.752568,142.5520209573708,0
False,7,15,0,True,144.444,12128,0,2412,0.752579,142.55247142857144,0
False,7,15,0,True,144.444,12128,0,2412,0.752592,142.552921685313,0
False,7,15,0,True,144.444,12128,0,2412,0.752603,142.55337172774867,0
False,7,15,0,True,144.444,12128,0,2412,0.752614,142.5538215560314,0
False,7,15,0,True,144.444,12128,-39,2412,0.752628,142.554271170314,0
False,7,15,0,True,144.444,12128,0,2412,0.752641,142.55472057074908,0
False,7,15,0,True,144.444,12128,-36,2412,0.75392,142.5551697574893,0
False,7,15,0,True,144.444,12128,0,2412,0.7539399999999999,142.55561873068694,0
False,7,15,0,True,144.444,12128,0,2412,0.7539509999999999,142.55606749049429,0
False,7,15,0,True,144.444,12128,-39,2412,0.7834340000000001,142.55651603706343,0
False,7,15,0,True,144.444,12128,0,2412,0.790825,142.5569643705463,0
False,7,15,0,True,144.444,12128,0,2412,0.790838,142.55741249109474,0
False,7,15,0,True,144.444,12128,-41,2412,0.790852,142.55786039886038,0
False,7,15,0,True,144.444,12128,0,2412,0.790865,142.55830809399478,0
False,7,15,0,True,144.444,12128,0,2412,0.7908780000000001,142.55875557664925,0
False,7,15,0,True,144.444,12128,0,2412,0.790892,142.5592028469751,0
False,7,15,0,True,144.444,12128,-41,2412,0.7909050000000001,142.55964990512334,0
False,7,15,0,True,144.444,12128,-37,2412,0.790919,142.56009675124494,0
False,7,15,0,True,144.444,12128,0,2412,0.7909320000000001,142.56054338549075,0
False,7,15,0,True,144.444,12128,0,2412,0.790946,142.56098980801136,0
False,7,15,0,True,144.444,12128,0,2412,0.79096,142.56143601895732,0
False,7,15,0,True,144.444,12128,-39,2412,0.790973,142.56188201847903,0
False,7,15,0,True,144.444,12128,0,2412,0.790987,142.56232780672664,0
False,7,15,0,True,144.444,12128,0,2412,0.791681,142.56277338385033,0
False,7,15,0,True,144.444,12128,-41,2412,0.791707,142.56321874999998,0
False,7,15,0,True,144.444,12128,0,2412,0.791908,142.56366390532543,0
False,7,15,0,True,144.444,12128,-35,2412,0.7919200000000001,142.56410884997632,0
False,7,15,0,True,144.444,12128,-44,2412,0.791932,142.56455358410219,0
False,7,15,0,True,144.444,12128,0,2412,0.7919440000000001,142.5649981078524,0
False,7,15,0,True,144.444,12128,0,2412,0.791956,142.5654424213762,0
False,7,15,0,True,144.444,12128,0,2412,0.7919679999999999,142.5658865248227,0
False,7,15,0,True,144.444,12128,0,2412,0.7919789999999999,142.5663304183408,0
False,7,15,0,True,144.444,12128,0,2412,0.791991,142.5667741020794,0
False,7,15,0,True,144.444,12128,0,2412,0.7920029999999999,142.5672175761871,0
False,7,15,0,True,144.444,12128,0,2412,0.792015,142.56766084081247,0
False,7,15,0,True,144.444,12128,0,2412,0.7920269999999999,142.56810389610388,0
False,7,15,0,True,144.444,12128,-42,2412,0.792039,142.56854674220963,0
False,7,15,0,True,144.444,12128,0,2412,0.792051,142.56898937927778,0
False,7,15,0,True,144.444,12128,-35,2412,0.792064,142.56943180745634,0
False,7,15,0,True,144.444,12128,-40,2412,0.7920759999999999,142.56987402689313,0
False,7,15,0,True,144.444,12128,-40,2412,0.7920889999999999,142.57031603773584,0
False,7,15,0,True,144.444,12128,0,2412,0.792102,142.57075784013202,0
False,7,15,0,True,144.444,12128,0,2412,0.792115,142.57119943422913,0
False,7,15,0,True,144.444,12128,0,2412,0.792128,142.5716408201744,0
False,7,15,0,True,144.444,12128,-39,2412,0.7921409999999999,142.57208199811498,0
False,7,15,0,True,144.444,12128,-39,2412,0.792989,142.57252296819786,0
False,7,15,0,True,144.444,12128,0,2412,0.7930019999999999,142.57296373056994,0
False,7,15,0,True,144.444,12128,0,2412,0.793014,142.5734042853779,0
False,7,15,0,True,144.444,12128,0,2412,0.793028,142.57384463276836,0
False,7,15,0,True,144.444,12128,-35,2412,0.7930419999999999,142.57428477288772,0
False,7,15,0,True,144.444,12128,-44,2412,0.7930560000000001,142.57472470588235,0
False,7,15,0,True,144.444,12128,0,2412,0.793068,142.57516443189837,0
False,7,15,0,True,144.444,12128,-36,2412,0.793081,142.57560395108183,0
False,7,15,0,True,144.444,12128,0,2412,0.7930940000000001,142.57604326357864,0
False,7,15,0,True,144.444,12128,-36,2412,0.7931069999999999,142.57648236953455,0
False,7,15,0,True,144.444,12128,-41,2412,0.793119,142.57692126909515,0
False,7,15,0,True,144.444,12128,-44,2412,0.7931370000000001,142.577359962406,0
False,7,15,0,True,144.444,12128,-41,2412,0.7931499999999999,142.5777984496124,0
False,7,15,0,True,144.444,12128,-39,2412,0.793162,142.57823673085954,0
False,7,15,0,True,144.444,12128,0,2412,0.793173,142.57867480629255,0
False,7,15,0,True,144.444,12128,-44,2412,0.7931860000000001,142.57911267605633,0
False,7,15,0,True,144.444,12128,0,2412,0.793198,142.5795503402957,0
False,7,15,0,True,144.444,12128,0,2412,0.7932100000000001,142.57998779915533,0
False,7,15,0,True,144.444,12128,0,2412,0.7932259999999999,142.58042505277973,0
False,7,15,0,True,144.444,12128,-39,2412,0.7932389999999999,142.5808621013133,0
False,7,15,0,True,144.444,12128,0,2412,0.796877,142.58129894490034,0
False,7,15,0,True,144.444,12128,-41,2412,0.7968909999999999,142.58173558368495,0
False,7,15,0,True,144.444,12128,0,2412,0.796904,142.5821720178111,0
False,7,15,0,True,144.444,12128,0,2412,0.796917,142.58260824742268,0
False,7,15,0,True,144.444,12128,0,2412,0.796946,142.5830442726634,0
False,7,15,0,True,144.444,12128,0,2412,0.79696,142.5834800936768,0
False,7,15,0,True,144.444,12128,-41,2412,0.796974,142.5839157106064,0
False,7,15,0,True,144.444,12128,0,2412,0.7969879999999999,142.5843511235955,0
False,7,15,0,True,144.444,12128,0,2412,0.797001,142.58478633278727,0
False,7,15,0,True,144.444,12128,0,2412,0.7970130000000001,142.58522133832474,0
False,7,15,0,True,144.444,12128,-40,2412,0.7970259999999999,142.58565614035086,0
False,7,15,0,True,144.444,12128,-40,2412,0.7970389999999999,142.5860907390084,0
False,7,15,0,True,144.444,12128,-35,2412,0.7970529999999999,142.58652513444002,0
False,7,15,0,True,144.444,12128,0,2412,0.7970659999999999,142.5869593267882,0
False,7,15,0,True,144.444,12128,-42,2412,0.7970799999999999,142.58739331619535,0
False,7,15,0,True,144.444,12128,0,2412,0.7970940000000001,142.58782710280371,0
False,7,15,0,True,144.444,12128,0,2412,0.797106,142.58826068675543,0
False,7,15,0,True,144.444,12128,0,2412,0.7971290000000001,142.58869406819244,0
False,7,15,0,True,144.444,12128,0,2412,0.797143,142.58912724725658,0
False,7,15,0,True,144.444,12128,-39,2412,0.797157,142.58956022408964,0
False,7,15,0,True,144.444,12128,-44,2412,0.797211,142.5899929988331,0
False,7,15,0,True,144.444,12128,-35,2412,0.797224,142.59042557162854,0
False,7,15,0,True,144.444,12128,0,2412,0.797236,142.5908579426172,0
False,7,15,0,True,144.444,12128,-41,2412,0.797249,142.59129011194028,0
False,7,15,0,True,144.444,12128,-41,2412,0.7972640000000001,142.59172207973887,0
False,7,15,0,True,144.444,12128,-37,2412,0.797278,142.59215384615385,0
False,7,15,0,True,144.444,12128,0,2412,0.797292,142.592585411326,0
False,7,15,0,True,144.444,12128,-39,2412,0.797306,142.59301677539608,0
False,7,15,0,True,144.444,12128,0,2412,0.7973199999999999,142.5934479385045,0
False,7,15,0,True,144.444,12128,-35,2412,0.797333,142.5938789007918,0
False,7,15,0,True,144.444,12128,0,2412,0.797346,142.59430966239813,0
False,7,15,0,True,144.444,12128,0,2412,0.7973609999999999,142.59474022346367,0
False,7,15,0,True,144.444,12128,-36,2412,0.797376,142.59517058412845,0
False,7,15,0,True,144.444,12128,0,2412,0.7973879999999999,142.59560074453233,0
False,7,15,0,True,144.444,12128,0,2412,0.7974309999999999,142.59603070481506,0
False,7,15,0,True,144.444,12128,-44,2412,0.7974499999999999,142.59646046511625,0
False,7,15,0,True,144.444,12128,0,2412,0.799923,142.59689002557545,0
False,7,15,0,True,144.444,12128,-40,2412,0.79994,142.59731938633192,0
False,7,15,0,True,144.444,12128,0,2412,0.8011400000000001,142.59774854752496,0
False,7,15,0,True,144.444,12128,-39,2412,0.8011529999999999,142.59817750929366,0
False,7,15,0,True,144.444,12128,0,2412,0.801165,142.598606271777,0
False,7,15,0,True,144.444,12128,0,2412,0.801179,142.59903483511377,0
False,7,15,0,True,144.444,12128,0,2412,0.802639,142.59946319944277,0
False,7,15,0,True,144.444,12128,0,2412,0.8026559999999999,142.5998913649025,0
False,7,15,0,True,144.444,12128,-44,2412,0.803352,142.60031933163145,0
False,7,15,0,True,144.444,12128,-37,2412,0.803365,142.60074709976797,0
False,7,15,0,True,144.444,12128,0,2412,0.803381,142.60117466945022,0
False,7,15,0,True,144.444,12128,0,2412,0.803394,142.60160204081632,0
False,7,15,0,True,144.444,12128,0,2412,0.8034089999999999,142.60202921400415,0
False,7,15,0,True,144.444,12128,0,2412,0.8034229999999999,142.60245618915158,0
False,7,15,0,True,144.444,12128,0,2412,0.8034359999999999,142.60288296639627,0
False,7,15,0,True,144.444,12128,-40,2412,0.803449,142.6033095458758,0
False,7,15,0,True,144.444,12128,0,2412,0.8034629999999999,142.60373592772757,0
False,7,15,0,True,144.444,12128,0,2412,0.8034769999999999,142.60416211208891,0
False,7,15,0,True,144.444,12128,-42,2412,0.803492,142.604588099097,0
False,7,15,0,True,144.444,12128,0,2412,0.803505,142.60501388888886,0
False,7,15,0,True,144.444,12128,-39,2412,0.803519,142.60543948160148,0
False,7,15,0,True,144.444,12128,-41,2412,0.8035789999999999,142.60586487737157,0
False,7,15,0,True,144.444,12128,0,2412,0.8035929999999999,142.60629007633588,0
False,7,15,0,True,144.444,12128,0,2412,0.8036070000000001,142.60671507863088,0
False,7,15,0,True,144.444,12128,0,2412,0.8036199999999999,142.60713988439304,0
False,7,15,0,True,144.444,12128,-35,2412,0.8036340000000001,142.60756449375864,0
False,7,15,0,True,144.444,12128,-40,2412,0.803648,142.60798890686385,0
False,7,15,0,True,144.444,12128,-40,2412,0.803662,142.6084131238447,0
False,7,15,0,True,144.444,12128,0,2412,0.805954,142.60883714483714,0
False,7,15,0,True,144.444,12128,0,2412,0.8059729999999999,142.6092609699769,0
False,7,15,0,True,144.444,12128,0,2412,0.8059869999999999,142.60968459939966,0
False,7,15,0,True,144.444,12128,-42,2412,0.806002,142.61010803324098,0
False,7,15,0,True,144.444,12128,0,2412,0.806463,142.61053127163626,0
False,7,15,0,True,144.444,12128,0,2412,0.8064809999999999,142.6109543147208,0
False,7,15,0,True,144.444,12128,0,2412,0.8064950000000001,142.61137716262974,0
False,7,15,0,True,144.444,12128,0,2412,0.80651,142.61179981549813,0
False,7,15,0,True,144.444,12128,0,2412,0.8065239999999999,142.6122222734609,0
False,7,15,0,True,144.444,12128,0,2412,0.806537,142.61264453665282,0
False,7,15,0,True,144.444,12128,-40,2412,0.8065490000000001,142.61306660520856,0
False,7,15,0,True,144.444,12128,0,2412,0.806728,142.61348847926266,0
False,7,15,0,True,144.444,12128,0,2412,0.806741,142.61391015894955,0
False,7,15,0,True,144.444,12128,0,2412,0.806755,142.61433164440348,0
False,7,15,0,True,144.444,12128,0,2412,0.806769,142.61475293575867,0
False,7,15,0,True,144.444,12128,-41,2412,0.806785,142.61517403314917,0
False,7,15,0,True,144.444,12128,-36,2412,0.8067989999999999,142.61559493670885,0
False,7,15,0,True,144.444,12128,0,2412,0.8068129999999999,142.61601564657155,0
False,7,15,0,True,144.444,12128,0,2412,0.806825,142.61643616287094,0
False,7,15,0,True,144.444,12128,-41,2412,0.8068399999999999,142.61685648574056,0
False,7,15,0,True,144.444,12128,-44,2412,0.806855,142.61727661531384,0
False,7,15,0,True,144.444,12128,-42,2412,0.8068700000000001,142.61769655172412,0
False,7,15,0,True,144.444,12128,0,2412,0.806884,142.61811629510456,0
False,7,15,0,True,144.444,12128,0,2412,0.8069000000000001,142.6185358455882,0
False,7,15,0,True,144.444,12128,0,2412,0.8069149999999999,142.61895520330805,0
False,7,15,0,True,144.444,12128,-44,2412,0.8069289999999999,142.61937436839688,0
False,7,15,0,True,144.444,12128,0,2412,0.807502,142.61979334098737,0
False,7,15,0,True,144.444,12128,0,2412,0.8075229999999999,142.62021212121212,0
False,7,15,0,True,144.444,12128,0,2412,0.807538,142.62063070920357,0
False,7,15,0,True,144.444,12128,-39,2412,0.8075519999999999,142.62104910509407,0
False,7,15,0,True,144.444,12128,-40,2412,0.8075659999999999,142.62146730901583,0
False,7,15,0,True,144.444,12128,0,2412,0.8100109999999999,142.6218853211009,0
False,7,15,0,True,144.444,12128,0,2412,0.8100489999999999,142.6223031414813,0
False,7,15,0,True,144.444,12128,-40,2412,0.8100630000000001,142.62272077028885,0
False,7,15,0,True,144.444,12128,0,2412,0.810078,142.62313820765527,0
False,7,15,0,True,144.444,12128,-41,2412,0.8100919999999999,142.62355545371219,0
False,7,15,0,True,144.444,12128,0,2412,0.810105,142.62397250859107,0
False,7,15,0,True,144.444,12128,0,2412,0.8101189999999999,142.62438937242325,0
False,7,15,0,True,144.444,12128,0,2412,0.8101329999999999,142.62480604534005,0
False,7,15,0,True,144.444,12128,0,2412,0.8101539999999999,142.62522252747252,0
False,7,15,0,True,144.444,12128,-35,2412,0.810169,142.6256388189517,0
False,7,15,0,True,144.444,12128,0,2412,0.8111130000000001,142.62605491990846,0
False,7,15,0,True,144.444,12128,0,2412,0.8111320000000001,142.62647083047355,0
False,7,15,0,True,144.444,12128,-41,2412,0.811147,142.62688655077767,0
False,7,15,0,True,144.444,12128,0,2412,0.81116,142.6273020809513,0
False,7,15,0,True,144.444,12128,0,2412,0.8111750000000001,142.62771742112483,0
False,7,15,0,True,144.444,12128,-42,2412,0.811189,142.62813257142855,0
False,7,15,0,True,144.444,12128,0,2412,0.8112020000000001,142.62854753199267,0
False,7,15,0,True,144.444,12128,-39,2412,0.811235,142.62896230294723,0
False,7,15,0,True,144.444,12128,-36,2412,0.8112860000000001,142.6293768844221,0
False,7,15,0,True,144.444,12128,0,2412,0.811306,142.62979127654714,0
False,7,15,0,True,144.444,12128,0,2412,0.8113210000000001,142.63020547945203,0
False,7,15,0,True,144.444,12128,-36,2412,0.812577,142.63061949326635,0
False,7,15,0,True,144.444,12128,0,2412,0.812596,142.63103331811956,0
False,7,15,0,True,144.444,12128,-36,2412,0.8126110000000001,142.63144695414098,0
False,7,15,0,True,144.444,12128,-36,2412,0.8126269999999999,142.63186040145985,0
False,7,15,0,True,144.444,12128,0,2412,0.8126399999999999,142.63227366020524,0
False,7,15,0,True,144.444,12128,0,2412,0.8126539999999999,142.63268673050615,0
False,7,15,0,True,144.444,12128,0,2412,0.812669,142.63309961249143,0
False,7,15,0,True,144.444,12128,0,2412,0.8126840000000001,142.63351230628987,0
False,7,15,0,True,144.444,12128,-34,2412,0.8127000000000001,142.63392481203007,0
False,7,15,0,True,144.444,12128,0,2412,0.812717,142.63433712984053,0
False,7,15,0,True,144.444,12128,-36,2412,0.812731,142.63474925984968,0
False,7,15,0,True,144.444,12128,0,2412,0.814682,142.63516120218577,0
False,7,15,0,True,144.444,12128,-41,2412,0.814699,142.635572956977,0
False,7,15,0,True,144.444,12128,-41,2412,0.8147129999999999,142.6359845243514,0
False,7,15,0,True,144.444,12128,0,2412,0.8163079999999999,142.63639590443685,0
False,7,15,0,True,144.444,12128,-40,2412,0.8163219999999999,142.6368070973612,0
False,7,15,0,True,144.444,12128,-44,2412,0.8163349999999999,142.6372181032522,0
False,7,15,0,True,144.444,12128,-41,2412,0.8163489999999999,142.63762892223735,0
False,7,15,0,True,144.444,12128,0,2412,0.8163630000000001,142.63803955444416,0
False,7,15,0,True,144.444,12128,0,2412,0.816377,142.63845,0
False,7,15,0,True,144.444,12128,-36,2412,0.8163919999999999,142.63886025903204,0
False,7,15,0,True,144.444,12128,0,2412,0.8164049999999999,142.6392703316674,0
False,7,15,0,True,144.444,12128,0,2412,0.816418,142.63968021803313,0
False,7,15,0,True,144.444,12128,-42,2412,0.8164319999999999,142.6400899182561,0
False,7,15,0,True,144.444,12128,-41,2412,0.8164429999999999,142.64049943246312,0
False,7,15,0,True,144.444,12128,0,2412,0.8164569999999999,142.64090876078075,0
False,7,15,0,True,144.444,12128,0,2412,0.8164710000000001,142.6413179033356,0
False,7,15,0,True,144.444,12128,0,2412,0.816483,142.64172686025407,0
False,7,15,0,True,144.444,12128,-44,2412,0.8164969999999999,142.64213563166248,0
False,7,15,0,True,144.444,12128,0,2412,0.8165159999999999,142.64254421768706,0
False,7,15,0,True,144.444,12128,0,2412,0.816531,142.64295261845385,0
False,7,15,0,True,144.444,12128,-40,2412,0.8165479999999999,142.64336083408884,0
False,7,15,0,True,144.444,12128,-40,2412,0.8246729999999999,142.64376886471786,0
False,7,15,0,True,144.444,12128,0,2412,0.8247920000000001,142.64417671046667,0
False,7,15,0,True,144.444,12128,0,2412,0.824804,142.64458437146092,0
False,7,15,0,True,144.444,12128,-42,2412,0.8248179999999999,142.64499184782608,0
False,7,15,0,True,144.444,12128,-36,2412,0.8248319999999999,142.64539913968756,0
False,7,15,0,True,144.444,12128,0,2412,0.824844,142.64580624717064,0
False,7,15,0,True,144.444,12128,-36,2412,0.8248559999999999,142.64621317040053,0
False,7,15,0,True,144.444,12128,0,2412,0.824869,142.64661990950225,0
False,7,15,0,True,144.444,12128,0,2412,0.824882,142.64702646460077,0
False,7,15,0,True,144.444,12128,0,2412,0.824895,142.6474328358209,0
False,7,15,0,True,144.444,12128,0,2412,0.8249080000000001,142.64783902328736,0
False,7,15,0,True,144.444,12128,-36,2412,0.82492,142.64824502712474,0
False,7,15,0,True,144.444,12128,-36,2412,0.824939,142.64865084745762,0
False,7,15,0,True,144.444,12128,0,2412,0.824952,142.6490564844103,0
False,7,15,0,True,144.444,12128,-34,2412,0.8249650000000001,142.64946193810707,0
False,7,15,0,True,144.444,12128,0,2412,0.824977,142.64986720867208,0
False,7,15,0,True,144.444,12128,-39,2412,0.825562,142.6502722962294,0
False,7,15,0,True,144.444,12128,0,2412,0.825579,142.65067720090292,0
False,7,15,0,True,144.444,12128,-41,2412,0.825592,142.6510819228165,0
False,7,15,0,True,144.444,12128,-35,2412,0.82763,142.65148646209386,0
False,7,15,0,True,144.444,12128,-39,2412,0.8276519999999999,142.65189081885856,0
False,7,15,0,True,144.444,12128,0,2412,0.827746,142.65229499323408,0
False,7,15,0,True,144.444,12128,0,2412,0.827757,142.65269898534385,0
False,7,15,0,True,144.444,12128,-41,2412,0.82777,142.65310279531107,0
False,7,15,0,True,144.444,12128,-42,2412,0.8277819999999999,142.65350642325896,0
False,7,15,0,True,144.444,12128,0,2412,0.827794,142.65390986931047,0
False,7,15,0,True,144.444,12128,0,2412,0.8278070000000001,142.65431313358863,0
False,7,15,0,True,144.444,12128,-44,2412,0.8278199999999999,142.6547162162162,0
False,7,15,0,True,144.444,12128,0,2412,0.827832,142.6551191173159,0
False,7,15,0,True,144.444,12128,0,2412,0.827845,142.65552183701035,0
False,7,15,0,True,144.444,12128,-37,2412,0.827857,142.655924375422,0
False,7,15,0,True,144.444,12128,0,2412,0.8278709999999999,142.65632673267325,0
False,7,15,0,True,144.444,12128,0,2412,0.827884,142.65672890888638,0
False,7,15,0,True,144.444,12128,0,2412,0.8278960000000001,142.65713090418353,0
False,7,15,0,True,144.444,12128,0,2412,0.827908,142.65753271868672,0
False,7,15,0,True,144.444,12128,0,2412,0.8279199999999999,142.65793435251797,0
False,7,15,0,True,144.444,12128,0,2412,0.8279329999999999,142.65833580579903,0
False,7,15,0,True,144.444,12128,0,2412,0.827948,142.65873707865168,0
False,7,15,0,True,144.444,12128,-44,2412,0.8279610000000001,142.65913817119747,0
False,7,15,0,True,144.444,12128,0,2412,0.8279739999999999,142.65953908355795,0
False,7,15,0,True,144.444,12128,-39,2412,0.8279880000000001,142.65993981585447,0
False,7,15,0,True,144.444,12128,0,2412,0.8280470000000001,142.66034036820832,0
False,7,15,0,True,144.444,12128,0,2412,0.829217,142.66074074074072,0
False,7,15,0,True,144.444,12128,0,2412,0.8292339999999999,142.66114093357268,0
False,7,15,0,True,144.444,12128,0,2412,0.829249,142.6615409468252,0
False,7,15,0,True,144.444,12128,-41,2412,0.829262,142.6619407806191,0
False,7,15,0,True,144.444,12128,0,2412,0.829276,142.66234043507512,0
False,7,15,0,True,144.444,12128,-35,2412,0.82929,142.6627399103139,0
False,7,15,0,True,144.444,12128,0,2412,0.829303,142.66313920645595,0
False,7,15,0,True,144.444,12128,0,2412,0.8293149999999999,142.66353832362168,0
False,7,15,0,True,144.444,12128,-40,2412,0.82933,142.6639372619314,0
False,7,15,0,True,144.444,12128,-42,2412,0.8293449999999999,142.66433602150536,0
False,7,15,0,True,144.444,12128,0,2412,0.8293590000000001,142.6647346024636,0
False,7,15,0,True,144.444,12128,-40,2412,0.829373,142.6651330049261,0
False,7,15,0,True,144.444,12128,-36,2412,0.829387,142.66553122901274,0
False,7,15,0,True,144.444,12128,0,2412,0.8294009999999999,142.6659292748433,0
False,7,15,0,True,144.444,12128,0,2412,0.829414,142.66632714253748,0
False,7,15,0,True,144.444,12128,-39,2412,0.8294290000000001,142.66672483221475,0
False,7,15,0,True,144.444,12128,-36,2412,0.8305239999999999,142.6671223439946,0
False,7,15,0,True,144.444,12128,0,2412,0.830537,142.6675196779964,0
False,7,15,0,True,144.444,12128,-36,2412,0.8305520000000001,142.66791683433937,0
False,7,15,0,True,144.444,12128,0,2412,0.8305680000000001,142.6683138131426,0
False,7,15,0,True,144.444,12128,0,2412,0.8305809999999999,142.6687106145251,0
False,7,15,0,True,144.444,12128,0,2412,0.8305950000000001,142.66910723860587,0
False,7,15,0,True,144.444,12128,0,2412,0.830609,142.66950368550366,0
False,7,15,0,True,144.444,12128,0,2412,0.830623,142.6698999553372,0
False,7,15,0,True,144.444,12128,-36,2412,0.8306379999999999,142.67029604822505,0
False,7,15,0,True,144.444,12128,0,2412,0.8306509999999999,142.6706919642857,0
False,7,15,0,True,144.444,12128,-34,2412,0.8306669999999999,142.67108770363757,0
False,7,15,0,True,144.444,12128,-36,2412,0.8306870000000001,142.67148326639892,0
False,7,15,0,True,144.444,12128,-41,2412,0.8316499999999999,142.67187865268792,0
False,7,15,0,True,144.444,12128,0,2412,0.83167,142.67227386262266,0
False,7,15,0,True,144.444,12128,-39,2412,0.8326060000000001,142.67266889632106,0
False,7,15,0,True,144.444,12128,-39,2412,0.832623,142.673063753901,0
False,7,15,0,True,144.444,12128,0,2412,0.8328650000000001,142.67345843548028,0
False,7,15,0,True,144.444,12128,-44,2412,0.8328779999999999,142.67385294117648,0
False,7,15,0,True,144.444,12128,0,2412,0.832893,142.67424727110713,0
False,7,15,0,True,144.444,12128,0,2412,0.832907,142.67464142538975,0
False,7,15,0,True,144.444,12128,0,2412,0.8329209999999999,142.6750354041416,0
False,7,15,0,True,144.444,12128,0,2412,0.832934,142.67542920747997,0
False,7,15,0,True,144.444,12128,0,2412,0.832947,142.6758228355219,0
False,7,15,0,True,144.444,12128,0,2412,0.8329620000000001,142.6762162883845,0
False,7,15,0,True,144.444,12128,0,2412,0.832974,142.67660956618465,0
False,7,15,0,True,144.444,12128,-44,2412,0.832988,142.67700266903913,0
False,7,15,0,True,144.444,12128,0,2412,0.833003,142.6773955970647,0
False,7,15,0,True,144.444,12128,0,2412,0.833017,142.67778835037794,0
False,7,15,0,True,144.444,12128,0,2412,0.833031,142.67818092909533,0
False,7,15,0,True,144.444,12128,0,2412,0.833408,142.67857333333333,0
False,7,15,0,True,144.444,12128,0,2412,0.8334229999999999,142.67896556320818,0
False,7,15,0,True,144.444,12128,0,2412,0.8334370000000001,142.67935761883606,0
False,7,15,0,True,144.444,12128,0,2412,0.833452,142.67974950033312,0
False,7,15,0,True,144.444,12128,0,2412,0.833465,142.68014120781527,0
False,7,15,0,True,144.444,12128,0,2412,0.834124,142.68053274139842,0
False,7,15,0,True,144.444,12128,-39,2412,0.834143,142.6809241011984,0
False,7,15,0,True,144.444,12128,-36,2412,0.834334,142.68131528733082,0
False,7,15,0,True,144.444,12128,0,2412,0.834348,142.68170629991127,0
False,7,15,0,True,144.444,12128,0,2412,0.8343599999999999,142.6820971390552,0
False,7,15,0,True,144.444,12128,0,2412,0.8343729999999999,142.68248780487804,0
False,7,15,0,True,144.444,12128,-36,2412,0.834385,142.682878297495,0
False,7,15,0,True,144.444,12128,0,2412,0.834404,142.68326861702127,0
False,7,15,0,True,144.444,12128,-36,2412,0.8344170000000001,142.68365876357188,0
False,7,15,0,True,144.444,12128,0,2412,0.834431,142.68404873726183,0
False,7,15,0,True,144.444,12128,-34,2412,0.8352339999999999,142.68443853820597,0
False,7,15,0,True,144.444,12128,0,2412,0.835254,142.68482816651903,0
False,7,15,0,True,144.444,12128,0,2412,0.8352689999999999,142.6852176223157,0
False,7,15,0,True,144.444,12128,-36,2412,0.8352829999999999,142.68560690571047,0
False,7,15,0,True,144.444,12128,0,2412,0.8352970000000001,142.68599601681785,0
False,7,15,0,True,144.444,12128,-41,2412,0.835311,142.6863849557522,0
False,7,15,0,True,144.444,12128,0,2412,0.835325,142.68677372262772,0
False,7,15,0,True,144.444,12128,0,2412,0.8353389999999999,142.6871623175586,0
False,7,15,0,True,144.444,12128,-41,2412,0.8353529999999999,142.68755074065885,0
False,7,15,0,True,144.444,12128,0,2412,0.8377340000000001,142.68793899204243,0
False,7,15,0,True,144.444,12128,-39,2412,0.8377519999999999,142.68832707182318,0
False,7,15,0,True,144.444,12128,-39,2412,0.837765,142.6887149801149,0
False,7,15,0,True,144.444,12128,-44,2412,0.837954,142.68910271703115,0
False,7,15,0,True,144.444,12128,0,2412,0.8379679999999999,142.6894902826855,0
False,7,15,0,True,144.444,12128,0,2412,0.837989,142.68987767719142,0
False,7,15,0,True,144.444,12128,0,2412,0.8380009999999999,142.69026490066224,0
False,7,15,0,True,144.444,12128,0,2412,0.838013,142.69065195321122,0
False,7,15,0,True,144.444,12128,0,2412,0.8380249999999999,142.69103883495146,0
False,7,15,0,True,144.444,12128,0,2412,0.838037,142.691425545996,0
False,7,15,0,True,144.444,12128,0,2412,0.8380489999999999,142.69181208645787,0
False,7,15,0,True,144.444,12128,-44,2412,0.838062,142.69219845644983,0
False,7,15,0,True,144.444,12128,0,2412,0.838073,142.69258465608465,0
False,7,15,0,True,144.444,12128,0,2412,0.8380850000000001,142.69297068547496,0
False,7,15,0,True,144.444,12128,0,2412,0.8380979999999999,142.69335654473335,0
False,7,15,0,True,144.444,12128,0,2412,0.8381109999999999,142.69374223397222,0
False,7,15,0,True,144.444,12128,0,2412,0.8381230000000001,142.69412775330395,0
False,7,15,0,True,144.444,12128,0,2412,0.838135,142.69451310284077,0
False,7,15,0,True,144.444,12128,0,2412,0.8381470000000001,142.69489828269485,0
False,7,15,0,True,144.444,12128,0,2412,0.8381599999999999,142.6952832929782,0
False,7,15,0,True,144.444,12128,0,2412,0.838172,142.6956681338028,0
False,7,15,0,True,144.444,12128,0,2412,0.8381839999999999,142.69605280528052,0
False,7,15,0,True,144.444,12128,-39,2412,0.838197,142.6964373075231,0
False,7,15,0,True,144.444,12128,0,2412,0.840837,142.69682164064216,0
False,7,15,0,True,144.444,12128,-36,2412,0.8408490000000001,142.69720580474933,0
False,7,15,0,True,144.444,12128,0,2412,0.840861,142.69758979995603,0
False,7,15,0,True,144.444,12128,-36,2412,0.840874,142.69797362637362,0
False,7,15,0,True,144.444,12128,0,2412,0.840887,142.69835728411337,0
False,7,15,0,True,144.444,12128,-36,2412,0.8409000000000001,142.69874077328646,0
False,7,15,0,True,144.444,12128,-34,2412,0.840912,142.69912409400393,0
False,7,15,0,True,144.444,12128,0,2412,0.840923,142.69950724637678,0
False,7,15,0,True,144.444,12128,-36,2412,0.8409349999999999,142.6998902305159,0
False,7,15,0,True,144.444,12128,0,2412,0.840947,142.70027304653203,0
False,7,15,0,True,144.444,12128,0,2412,0.84096,142.70065569453587,0
False,7,15,0,True,144.444,12128,0,2412,0.840971,142.701038174638,0
False,7,15,0,True,144.444,12128,-41,2412,0.840987,142.70142048694888,0
False,7,15,0,True,144.444,12128,0,2412,0.8409989999999999,142.70180263157894,0
False,7,15,0,True,144.444,12128,-36,2412,0.8410110000000001,142.70218460863845,0
False,7,15,0,True,144.444,12128,0,2412,0.841022,142.7025664182376,0
False,7,15,0,True,144.444,12128,-41,2412,0.8410350000000001,142.7029480604865,0
False,7,15,0,True,144.444,12128,0,2412,0.8422629999999999,142.7033295354952,0
False,7,15,0,True,144.444,12128,0,2412,0.842281,142.70371084337347,0
False,7,15,0,True,144.444,12128,-39,2412,0.842296,142.70409198423127,0
False,7,15,0,True,144.444,12128,0,2412,0.842577,142.70447295817823,0
False,7,15,0,True,144.444,12128,-44,2412,0.8425889999999999,142.70485376532397,0
False,7,15,0,True,144.444,12128,0,2412,0.842601,142.70523440577804,0
False,7,15,0,True,144.444,12128,0,2412,0.8426140000000001,142.7056148796499,0
False,7,15,0,True,144.444,12128,0,2412,0.8426269999999999,142.70599518704879,0
False,7,15,0,True,144.444,12128,0,2412,0.84264,142.70637532808396,0
False,7,15,0,True,144.444,12128,0,2412,0.8426539999999999,142.70675530286462,0
False,7,15,0,True,144.444,12128,0,2412,0.8426669999999999,142.70713511149978,0
False,7,15,0,True,144.444,12128,0,2412,0.8426809999999999,142.70751475409836,0
False,7,15,0,True,144.444,12128,0,2412,0.8426950000000001,142.70789423076923,0
False,7,15,0,True,144.444,12128,0,2412,0.8427079999999999,142.70827354162114,0
False,7,15,0,True,144.444,12128,0,2412,0.8427209999999999,142.70865268676278,0
False,7,15,0,True,144.444,12128,0,2412,0.8427330000000001,142.70903166630268,0
False,7,15,0,True,144.444,12128,0,2412,0.842747,142.70941048034933,0
False,7,15,0,True,144.444,12128,0,2412,0.8427600000000001,142.7097891290111,0
False,7,15,0,True,144.444,12128,0,2412,0.8427729999999999,142.7101676123963,0
False,7,15,0,True,144.444,12128,-42,2412,0.842788,142.7105459306131,0
False,7,15,0,True,144.444,12128,-41,2412,0.8444550000000001,142.7109240837696,0
False,7,15,0,True,144.444,12128,0,2412,0.8444710000000001,142.71130207197382,0
False,7,15,0,True,144.444,12128,-40,2412,0.8444839999999999,142.71167989533362,0
False,7,15,0,True,144.444,12128,0,2412,0.8447479999999999,142.7120575539568,0
False,7,15,0,True,144.444,12128,-41,2412,0.8447619999999999,142.71243504795117,0
False,7,15,0,True,144.444,12128,0,2412,0.8447760000000001,142.71281237742426,0
False,7,15,0,True,144.444,12128,-36,2412,0.84479,142.71318954248366,0
False,7,15,0,True,144.444,12128,0,2412,0.844804,142.71356654323677,0
False,7,15,0,True,144.444,12128,0,2412,0.8448189999999999,142.71394337979095,0
False,7,15,0,True,144.444,12128,0,2412,0.8448330000000001,142.7143200522534,0
False,7,15,0,True,144.444,12128,0,2412,0.844845,142.71469656073137,0
False,7,15,0,True,144.444,12128,-41,2412,0.8448589999999999,142.71507290533188,0
False,7,15,0,True,144.444,12128,0,2412,0.844872,142.71544908616187,0
False,7,15,0,True,144.444,12128,-39,2412,0.8448859999999999,142.71582510332823,0
False,7,15,0,True,144.444,12128,-44,2412,0.844899,142.7162009569378,0
False,7,15,0,True,144.444,12128,0,2412,0.844934,142.71657664709718,0
False,7,15,0,True,144.444,12128,-36,2412,0.8449490000000001,142.71695217391303,0
False,7,15,0,True,144.444,12128,-41,2412,0.844963,142.71732753749185,0
False,7,15,0,True,144.444,12128,-35,2412,0.844977,142.71770273794002,0
False,7,15,0,True,144.444,12128,0,2412,0.845635,142.71807777536387,0
False,7,15,0,True,144.444,12128,0,2412,0.8456529999999999,142.71845264986968,0
False,7,15,0,True,144.444,12128,0,2412,0.8456670000000001,142.7188273615635,0
False,7,15,0,True,144.444,12128,-40,2412,0.845681,142.71920191055145,0
False,7,15,0,True,144.444,12128,-40,2412,0.8457370000000001,142.71957629693944,0
False,7,15,0,True,144.444,12128,0,2412,0.845752,142.71995052083332,0
False,7,15,0,True,144.444,12128,0,2412,0.847036,142.7203245823389,0
False,7,15,0,True,144.444,12128,-44,2412,0.8470540000000001,142.7206984815618,0
False,7,15,0,True,144.444,12128,0,2412,0.8470669999999999,142.72107221860767,0
False,7,15,0,True,144.444,12128,0,2412,0.8470810000000001,142.72144579358195,0
False,7,15,0,True,144.444,12128,0,2412,0.8470939999999999,142.72181920659006,0
False,7,15,0,True,144.444,12128,0,2412,0.8471069999999999,142.7221924577373,0
False,7,15,0,True,144.444,12128,0,2412,0.847122,142.7225655471289,0
False,7,15,0,True,144.444,12128,0,2412,0.8471339999999999,142.72293847487,0
False,7,15,0,True,144.444,12128,0,2412,0.8471479999999999,142.72331124106563,0
False,7,15,0,True,144.444,12128,0,2412,0.847163,142.7236838458207,0
False,7,15,0,True,144.444,12128,0,2412,0.8471779999999999,142.72405628924008,0
False,7,15,0,True,144.444,12128,0,2412,0.847193,142.72442857142858,0
False,7,15,0,True,144.444,12128,0,2412,0.8482869999999999,142.7248006924908,0
False,7,15,0,True,144.444,12128,0,2412,0.8483040000000001,142.72517265253137,0
False,7,15,0,True,144.444,12128,-39,2412,0.8483189999999999,142.72554445165477,0
False,7,15,0,True,144.444,12128,-41,2412,0.849176,142.72591608996538,0
False,7,15,0,True,144.444,12128,0,2412,0.8491909999999999,142.72628756756757,0
False,7,15,0,True,144.444,12128,-36,2412,0.8492049999999999,142.7266588845655,0
False,7,15,0,True,144.444,12128,0,2412,0.849217,142.72703004106333,0
False,7,15,0,True,144.444,12128,0,2412,0.8492510000000001,142.72740103716507,0
False,7,15,0,True,144.444,12128,0,2412,0.849265,142.72777187297473,0
False,7,15,0,True,144.444,12128,-36,2412,0.8492780000000001,142.7281425485961,0
False,7,15,0,True,144.444,12128,0,2412,0.849293,142.728513064133,0
False,7,15,0,True,144.444,12128,0,2412,0.849306,142.7288834196891,0
False,7,15,0,True,144.444,12128,-41,2412,0.849319,142.729253615368,0
False,7,15,0,True,144.444,12128,-44,2412,0.8493320000000001,142.7296236512732,0
False,7,15,0,True,144.444,12128,-39,2412,0.849347,142.72999352750807,0
False,7,15,0,True,144.444,12128,0,2412,0.8493590000000001,142.730363244176,0
False,7,15,0,True,144.444,12128,0,2412,0.849371,142.73073280138019,0
False,7,15,0,True,144.444,12128,-35,2412,0.849385,142.73110219922378,0
False,7,15,0,True,144.444,12128,-41,2412,0.849398,142.73147143780986,0
False,7,15,0,True,144.444,12128,-36,2412,0.849411,142.73184051724135,0
False,7,15,0,True,144.444,12128,0,2412,0.850637,142.7322094376212,0
False,7,15,0,True,144.444,12128,0,2412,0.8506539999999999,142.7325781990521,0
False,7,15,0,True,144.444,12128,-39,2412,0.8506680000000001,142.73294680163684,0
False,7,15,0,True,144.444,12128,0,2412,0.851026,142.73331524547802,0
False,7,15,0,True,144.444,12128,-44,2412,0.8510399999999999,142.73368353067815,0
False,7,15,0,True,144.444,12128,-40,2412,0.851052,142.73405165733965,0
False,7,15,0,True,144.444,12128,-42,2412,0.8510639999999999,142.73441962556487,0
False,7,15,0,True,144.444,12128,0,2412,0.851077,142.7347874354561,0
False,7,15,0,True,144.444,12128,0,2412,0.851095,142.73515508711552,0
False,7,15,0,True,144.444,12128,-40,2412,0.8511099999999999,142.73552258064515,0
False,7,15,0,True,144.444,12128,0,2412,0.8511239999999999,142.73588991614704,0
False,7,15,0,True,144.444,12128,0,2412,0.8511380000000001,142.7362570937231,0
False,7,15,0,True,144.444,12128,0,2412,0.8511509999999999,142.73662411347516,0
False,7,15,0,True,144.444,12128,-39,2412,0.8517800000000001,142.73699097550494,0
False,7,15,0,True,144.444,12128,-39,2412,0.851797,142.73735767991406,0
False,7,15,0,True,144.444,12128,-44,2412,0.8518100000000001,142.73772422680412,0
False,7,15,0,True,144.444,12128,-35,2412,0.851822,142.73809061627657,0
False,7,15,0,True,144.444,12128,0,2412,0.8518359999999999,142.7384568484328,0
False,7,15,0,True,144.444,12128,0,2412,0.851848,142.7388229233741,0
False,7,15,0,True,144.444,12128,-34,2412,0.851859,142.73918884120172,0
False,7,15,0,True,144.444,12128,-41,2412,0.8518709999999999,142.7395546020167,0
False,7,15,0,True,144.444,12128,-36,2412,0.8531159999999999,142.73992020592019,0
False,7,15,0,True,144.444,12128,-40,2412,0.8531319999999999,142.74028565301307,0
False,7,15,0,True,144.444,12128,0,2412,0.854613,142.74065094339622,0
False,7,15,0,True,144.444,12128,-35,2412,0.854626,142.7410160771704,0
False,7,15,0,True,144.444,12128,0,2412,0.85464,142.74138105443635,0
False,7,15,0,True,144.444,12128,0,2412,0.8546520000000001,142.7417458752946,0
False,7,15,0,True,144.444,12128,0,2412,0.854666,142.74211053984575,0
False,7,15,0,True,144.444,12128,-39,2412,0.8546790000000001,142.7424750481902,0
False,7,15,0,True,144.444,12128,-36,2412,0.854693,142.74283940042827,0
False,7,15,0,True,144.444,12128,0,2412,0.8547049999999999,142.74320359666024,0
False,7,15,0,True,144.444,12128,-40,2412,0.8547170000000001,142.74356763698628,0
False,7,15,0,True,144.444,12128,-42,2412,0.8547299999999999,142.7439315215065,0
False,7,15,0,True,144.444,12128,0,2412,0.8547440000000001,142.7442952503209,0
False,7,15,0,True,144.444,12128,-35,2412,0.8547569999999999,142.74465882352942,0
False,7,15,0,True,144.444,12128,0,2412,0.8547710000000001,142.7450222412318,0
False,7,15,0,True,144.444,12128,-39,2412,0.854783,142.74538550352787,0
False,7,15,0,True,144.444,704,-39,2412,0.854828,142.7457486105173,0
False,7,15,0,True,144.444,12128,0,2412,0.854872,142.74611156229963,0
False,7,15,0,True,144.444,12128,0,2412,0.854885,142.74647435897435,0
False,7,15,0,True,144.444,12128,0,2412,0.854904,142.74683700064088,0
False,7,15,0,True,144.444,12128,0,2412,0.854917,142.74719948739855,0
False,7,15,0,True,144.444,12128,0,2412,0.8549289999999999,142.74756181934657,0
False,7,15,0,True,144.444,12128,0,2412,0.8549410000000001,142.74792399658412,0
False,7,15,0,True,144.444,12128,-40,2412,0.8555229999999999,142.74828601921024,0
False,7,15,0,True,144.444,12128,-44,2412,0.8555389999999999,142.74864788732393,0
False,7,15,0,True,144.444,12128,0,2412,0.855554,142.74900960102408,0
False,7,15,0,True,144.444,12128,-42,2412,0.8555670000000001,142.74937116040954,0
False,7,15,0,True,144.444,12128,0,2412,0.855579,142.749732565579,0
False,7,15,0,True,144.444,12128,0,2412,0.855592,142.7500938166311,0
False,7,15,0,True,144.444,12128,0,2412,0.857031,142.75045491366444,0
False,7,15,0,True,144.444,12128,0,2412,0.8570479999999999,142.75081585677748,0
False,7,15,0,True,144.444,12128,0,2412,0.85706,142.75117664606861,0
False,7,15,0,True,144.444,12128,0,2412,0.857072,142.7515372816361,0
False,7,15,0,True,144.444,12128,-40,2412,0.857085,142.75189776357826,0
False,7,15,0,True,144.444,12128,-35,2412,0.857098,142.75225809199318,0
False,7,15,0,True,144.444,12128,-44,2412,0.857109,142.7526182669789,0
False,7,15,0,True,144.444,12128,-40,2412,0.8571209999999999,142.75297828863344,0
False,7,15,0,True,144.444,12128,-36,2412,0.8605189999999999,142.75333815705469,0
False,7,15,0,True,144.444,12128,-41,2412,0.8605280000000001,142.7536978723404,0
False,7,15,0,True,144.444,12128,0,2412,0.8605379999999999,142.75405743458836,0
False,7,15,0,True,144.444,12128,-35,2412,0.860548,142.7544168438962,0
False,7,15,0,True,144.444,12128,0,2412,0.860558,142.75477610036145,0
False,7,15,0,True,144.444,12128,0,2412,0.860567,142.75513520408163,0
False,7,15,0,True,144.444,12128,0,2412,0.860577,142.75549415515408,0
False,7,15,0,True,144.444,12128,-39,2412,0.8605869999999999,142.75585295367614,0
False,7,15,0,True,144.444,12128,0,2412,0.860596,142.75621159974503,0
False,7,15,0,True,144.444,12128,0,2412,0.8606060000000001,142.75657009345792,0
False,7,15,0,True,144.444,12128,0,2412,0.860615,142.75692843491186,0
False,7,15,0,True,144.444,12128,-42,2412,0.8606250000000001,142.7572866242038,0
False,7,15,0,True,144.444,12128,0,2412,0.860634,142.75764466143067,0
False,7,15,0,True,144.444,12128,-40,2412,0.8606440000000001,142.75800254668928,0
False,7,15,0,True,144.444,12128,0,2412,0.8606539999999999,142.75836028007637,0
False,7,15,0,True,144.444,12128,-36,2412,0.8606630000000001,142.75871786168858,0
False,7,15,0,True,144.444,12128,-41,2412,0.8606729999999999,142.75907529162248,0
False,7,15,0,True,144.444,12128,-37,2412,0.8631509999999999,142.75943256997454,0
False,7,15,0,True,144.444,12128,0,2412,0.8631669999999999,142.7597896968412,0
False,7,15,0,True,144.444,12128,-39,2412,0.863179,142.76014667231877,0
False,7,15,0,True,144.444,12128,0,2412,0.863287,142.76050349650347,0
False,7,15,0,True,144.444,12128,0,2412,0.8633019999999999,142.7608601694915,0
False,7,15,0,True,144.444,12128,-44,2412,0.8633160000000001,142.76121669137893,0
False,7,15,0,True,144.444,12128,-40,2412,0.86333,142.76157306226173,0
False,7,15,0,True,144.444,12128,0,2412,0.8633430000000001,142.76192928223585,0
False,7,15,0,True,144.444,12128,0,2412,0.8633559999999999,142.7622853513971,0
False,7,15,0,True,144.444,12128,0,2412,0.8633700000000001,142.76264126984125,0
False,7,15,0,True,144.444,12128,0,2412,0.863382,142.76299703766398,0
False,7,15,0,True,144.444,12128,-42,2412,0.8633970000000001,142.76335265496084,0
False,7,15,0,True,144.444,12128,0,2412,0.863412,142.7637081218274,0
False,7,15,0,True,144.444,12128,0,2412,0.8634270000000001,142.76406343835905,0
False,7,15,0,True,144.444,12128,0,2412,0.863441,142.76441860465115,0
False,7,15,0,True,144.444,12128,0,2412,0.863455,142.764773620799,0
False,7,15,0,True,144.444,12128,0,2412,0.8634700000000001,142.7651284868977,0
False,7,15,0,True,144.444,12128,-39,2412,0.863484,142.76548320304246,0
False,7,15,0,True,144.444,12128,0,2412,0.8635419999999999,142.76583776932827,0
False,7,15,0,True,144.444,12128,-39,2412,0.863557,142.76619218585006,0
False,7,15,0,True,144.444,12128,-35,2412,0.863573,142.7665464527027,0
False,7,15,0,True,144.444,12128,-40,2412,0.863587,142.766900569981,0
False,7,15,0,True,144.444,12128,0,2412,0.864497,142.76725453777965,0
False,7,15,0,True,144.444,12128,0,2412,0.864515,142.76760835619328,0
False,7,15,0,True,144.444,12128,-44,2412,0.864529,142.76796202531645,0
False,7,15,0,True,144.444,12128,-39,2412,0.864543,142.7683155452436,0
False,7,15,0,True,144.444,12128,0,2412,0.864558,142.76866891606917,0
False,7,15,0,True,144.444,12128,0,2412,0.8645729999999999,142.7690221378874,0
False,7,15,0,True,144.444,12128,0,2412,0.864586,142.76937521079256,0
False,7,15,0,True,144.444,12128,0,2412,0.8646010000000001,142.76972813487882,0
False,7,15,0,True,144.444,12128,-40,2412,0.864613,142.77008091024018,0
False,7,15,0,True,144.444,12128,0,2412,0.865859,142.7704335369707,0
False,7,15,0,True,144.444,12128,-44,2412,0.8658739999999999,142.77078601516428,0
False,7,15,0,True,144.444,12128,0,2412,0.865887,142.7711383449147,0
False,7,15,0,True,144.444,12128,-36,2412,0.8658990000000001,142.77149052631577,0
False,7,15,0,True,144.444,12128,-41,2412,0.865911,142.77184255946116,0
False,7,15,0,True,144.444,12128,-35,2412,0.865924,142.77219444444444,0
False,7,15,0,True,144.444,12128,0,2412,0.8659370000000001,142.77254618135913,0
False,7,15,0,True,144.444,12128,0,2412,0.865951,142.7728977702987,0
False,7,15,0,True,144.444,12128,-35,2412,0.8659640000000001,142.77324921135644,0
False,7,15,0,True,144.444,12128,0,2412,0.865976,142.77360050462573,0
False,7,15,0,True,144.444,12128,0,2412,0.8659880000000001,142.77395165019968,0
False,7,15,0,True,144.444,12128,0,2412,0.8660009999999999,142.77430264817147,0
False,7,15,0,True,144.444,12128,-41,2412,0.866014,142.77465349863417,0
False,7,15,0,True,144.444,12128,0,2412,0.8660260000000001,142.77500420168067,0
False,7,15,0,True,144.444,12128,0,2412,0.866038,142.7753547574039,0
False,7,15,0,True,144.444,12128,0,2412,0.866057,142.77570516589668,0
False,7,15,0,True,144.444,12128,-39,2412,0.8669999999999999,142.77605542725172,0
False,7,15,0,True,144.444,12128,0,2412,0.867017,142.7764055415617,0
False,7,15,0,True,144.444,12128,-40,2412,0.8670319999999999,142.7767555089192,0
False,7,15,0,True,144.444,12128,0,2412,0.8710300000000001,142.77710532941668,0
False,7,15,0,True,144.444,12128,0,2412,0.871045,142.77745500314663,0
False,7,15,0,True,144.444,12128,0,2412,0.8710589999999999,142.77780453020134,0
False,7,15,0,True,144.444,12128,-40,2412,0.8710729999999999,142.7781539106731,0
False,7,15,0,True,144.444,12128,0,2412,0.8710859999999999,142.77850314465408,0
False,7,15,0,True,144.444,12128,0,2412,0.8710969999999999,142.77885223223643,0
False,7,15,0,True,144.444,12128,0,2412,0.8711110000000001,142.77920117351215,0
False,7,15,0,True,144.444,12128,-44,2412,0.8711239999999999,142.7795499685732,0
False,7,15,0,True,144.444,12128,0,2412,0.8711380000000001,142.77989861751152,0
False,7,15,0,True,144.444,12128,0,2412,0.8711509999999999,142.78024712041884,0
False,7,15,0,True,144.444,12128,0,2412,0.871166,142.78059547738692,0
False,7,15,0,True,144.444,12128,0,2412,0.87118,142.78094368850742,0
False,7,15,0,True,144.444,12128,-42,2412,0.871193,142.7812917538719,0
False,7,15,0,True,144.444,12128,-44,2412,0.871207,142.78163967357187,0
False,7,15,0,True,144.444,12128,-41,2412,0.8712209999999999,142.78198744769873,0
False,7,15,0,True,144.444,12128,-34,2412,0.8712350000000001,142.78233507634386,0
False,7,15,0,True,144.444,12128,-39,2412,0.8712479999999999,142.78268255959847,0
False,7,15,0,True,144.444,12128,-39,2412,0.871261,142.78302989755383,0
False,7,15,0,True,144.444,12128,0,2412,0.8712749999999999,142.783377090301,0
False,7,15,0,True,144.444,12128,-39,2412,0.8712890000000001,142.78372413793102,0
False,7,15,0,True,144.444,12128,-39,2412,0.8717320000000001,142.78407104053488,0
False,7,15,0,True,144.444,12128,0,2412,0.871746,142.78441779820346,0
False,7,15,0,True,144.444,12128,0,2412,0.87176,142.78476441102754,0
False,7,15,0,True,144.444,12128,0,2412,0.8720450000000001,142.7851108790979,0
False,7,15,0,True,144.444,12128,-40,2412,0.8720629999999999,142.7854572025052,0
False,7,15,0,True,144.444,12128,-44,2412,0.872076,142.78580338134,0
False,7,15,0,True,144.444,12128,-44,2412,0.872089,142.78614941569282,0
False,7,15,0,True,144.444,12128,0,2412,0.872103,142.78649530565406,0
False,7,15,0,True,144.444,12128,0,2412,0.873333,142.78684105131413,0
False,7,15,0,True,144.444,12128,-36,2412,0.873349,142.7871866527633,0
False,7,15,0,True,144.444,12128,0,2412,0.8733620000000001,142.78753211009175,0
False,7,15,0,True,144.444,12128,0,2412,0.8733749999999999,142.7878774233896,0
False,7,15,0,True,144.444,12128,-35,2412,0.8733879999999999,142.78822259274696,0
False,7,15,0,True,144.444,12128,-41,2412,0.8734019999999999,142.78856761825378,0
False,7,15,0,True,144.444,12128,-36,2412,0.8734149999999999,142.78891249999998,0
False,7,15,0,True,144.444,12128,0,2412,0.8734270000000001,142.78925723807538,0
False,7,15,0,True,144.444,12128,0,2412,0.8734399999999999,142.78960183256973,0
False,7,15,0,True,144.444,12128,-41,2412,0.8734529999999999,142.78994628357276,0
False,7,15,0,True,144.444,12128,0,2412,0.873468,142.79029059117403,0
False,7,15,0,True,144.444,12128,-39,2412,0.8734829999999999,142.79063475546306,0
False,7,15,0,True,144.444,12128,-40,2412,0.8746889999999999,142.79097877652933,0
False,7,15,0,True,144.444,12128,0,2412,0.874704,142.79132265446225,0
False,7,15,0,True,144.444,12128,-39,2412,0.8747170000000001,142.79166638935106,0
False,7,15,0,True,144.444,12128,0,2412,0.8747299999999999,142.79200998128508,0
False,7,15,0,True,144.444,12128,-36,2412,0.8747440000000001,142.79235343035342,0
False,7,15,0,True,144.444,12128,0,2412,0.874759,142.79269673664515,0
False,7,15,0,True,144.444,12128,0,2412,0.8747710000000001,142.79303990024937,0
False,7,15,0,True,144.444,12128,0,2412,0.874785,142.79338292125493,0
False,7,15,0,True,144.444,12128,-37,2412,0.8747969999999999,142.79372579975072,0
False,7,15,0,True,144.444,12128,0,2412,0.8748109999999999,142.79406853582552,0
False,7,15,0,True,144.444,12128,0,2412,0.8748239999999999,142.7944111295681,0
False,7,15,0,True,144.444,12128,0,2412,0.8748379999999999,142.79475358106706,0
False,7,15,0,True,144.444,12128,-41,2412,0.8748520000000001,142.79509589041095,0
False,7,15,0,True,144.444,12128,-37,2412,0.874874,142.7954380576883,0
False,7,15,0,True,144.444,12128,0,2412,0.8748859999999999,142.79578008298753,0
False,7,15,0,True,144.444,12128,0,2412,0.8777959999999999,142.796121966397,0
False,7,15,0,True,144.444,12128,0,2412,0.877814,142.79646370800498,0
False,7,15,0,True,144.444,12128,0,2412,0.877827,142.79680530789963,0
False,7,15,0,True,144.444,12128,-40,2412,0.8782819999999999,142.79714676616913,0
False,7,15,0,True,144.444,12128,-40,2412,0.878305,142.79748808290154,0
False,7,15,0,True,144.444,12128,-39,2412,0.8784420000000001,142.79782925818483,0
False,7,15,0,True,144.444,12128,-34,2412,0.878456,142.79817029210687,0
False,7,15,0,True,144.444,12128,-41,2412,0.878469,142.7985111847556,0
False,7,15,0,True,144.444,12128,-40,2412,0.878483,142.79885193621868,0
False,7,15,0,True,144.444,12128,-44,2412,0.878497,142.79919254658384,0
False,7,15,0,True,144.444,12128,-35,2412,0.8785109999999999,142.79953301593872,0
False,7,15,0,True,144.444,12128,0,2412,0.8785359999999999,142.79987334437084,0
False,7,15,0,True,144.444,12128,0,2412,0.8785489999999999,142.8002135319677,0
False,7,15,0,True,144.444,12128,0,2412,0.878561,142.8005535788167,0
False,7,15,0,True,144.444,12128,0,2412,0.878572,142.80089348500516,0
False,7,15,0,True,144.444,12128,0,2412,0.8785839999999999,142.80123325062033,0
False,7,15,0,True,144.444,12128,0,2412,0.878596,142.80157287574943,0
False,7,15,0,True,144.444,12128,0,2412,0.878608,142.80191236047952,0
False,7,15,0,True,144.444,12128,-39,2412,0.8786200000000001,142.80225170489769,0
False,7,15,0,True,144.444,12128,-44,2412,0.878632,142.8025909090909,0
False,7,15,0,True,144.444,12128,-40,2412,0.8786440000000001,142.80292997314604,0
False,7,15,0,True,144.444,12128,0,2412,0.878656,142.80326889714993,0
False,7,15,0,True,144.444,12128,-44,2412,0.878667,142.80360768118933,0
False,7,15,0,True,144.444,12128,-36,2412,0.87868,142.80394632535095,0
False,7,15,0,True,144.444,12128,-39,2412,0.8786919999999999,142.80428482972135,0
False,7,15,0,True,144.444,12128,0,2412,0.878794,142.80462319438712,0
False,7,15,0,True,144.444,12128,0,2412,0.8788060000000001,142.80496141943468,0
False,7,15,0,True,144.444,12128,0,2412,0.8788410000000001,142.80529950495048,0
False,7,15,0,True,144.444,12128,0,2412,0.878855,142.80563745102083,0
False,7,15,0,True,144.444,12128,0,2412,0.8788680000000001,142.80597525773194,0
False,7,15,0,True,144.444,12128,-35,2412,0.8788809999999999,142.80631292517006,0
False,7,15,0,True,144.444,12128,0,2412,0.878893,142.80665045342127,0
False,7,15,0,True,144.444,12128,-42,2412,0.8789060000000001,142.8069878425716,0
False,7,15,0,True,144.444,12128,0,2412,0.878918,142.80732509270703,0
False,7,15,0,True,144.444,12128,0,2412,0.879342,142.80766220391348,0
False,7,15,0,True,144.444,12128,-40,2412,0.879361,142.80799917627678,0
False,7,15,0,True,144.444,12128,0,2412,0.879376,142.80833600988262,0
False,7,15,0,True,144.444,12128,-36,2412,0.8793890000000001,142.8086727048168,0
False,7,15,0,True,144.444,12128,0,2412,0.879401,142.80900926116485,0
False,7,15,0,True,144.444,12128,-39,2412,0.879414,142.80934567901232,0
False,7,15,0,True,144.444,12128,0,2412,0.880543,142.80968195844477,0
False,7,15,0,True,144.444,12128,-37,2412,0.8805599999999999,142.8100180995475,0
False,7,15,0,True,144.444,12128,0,2412,0.882294,142.8103541024059,0
False,7,15,0,True,144.444,12128,0,2412,0.882313,142.81068996710525,0
False,7,15,0,True,144.444,12128,-39,2412,0.8823279999999999,142.81102569373073,0
False,7,15,0,True,144.444,12128,-37,2412,0.8823770000000001,142.81136128236744,0
False,7,15,0,True,144.444,12128,0,2412,0.882389,142.81169673310046,0
False,7,15,0,True,144.444,12128,0,2412,0.8824009999999999,142.81203204601476,0
False,7,15,0,True,144.444,12128,0,2412,0.8824120000000001,142.8123672211953,0
False,7,15,0,True,144.444,12128,0,2412,0.8824249999999999,142.8127022587269,0
False,7,15,0,True,144.444,12128,0,2412,0.8824679999999999,142.8130371586943,0
False,7,15,0,True,144.444,12128,0,2412,0.882494,142.81337192118227,0
False,7,15,0,True,144.444,12128,-44,2412,0.882507,142.81370654627537,0
False,7,15,0,True,144.444,12128,0,2412,0.8825200000000001,142.81404103405825,0
False,7,15,0,True,144.444,12128,-40,2412,0.882532,142.81437538461537,0
False,7,15,0,True,144.444,12128,0,2412,0.8825439999999999,142.81470959803116,0
False,7,15,0,True,144.444,12128,-35,2412,0.882556,142.81504367438998,0
False,7,15,0,True,144.444,12128,-36,2412,0.882567,142.81537761377612,0
False,7,15,0,True,144.444,12128,-41,2412,0.8825789999999999,142.8157114162738,0
False,7,15,0,True,144.444,12128,0,2412,0.8825919999999999,142.81604508196722,0
False,7,15,0,True,144.444,12128,-42,2412,0.882604,142.81637861094038,0
False,7,15,0,True,144.444,12128,-40,2412,0.882616,142.81671200327733,0
False,7,15,0,True,144.444,12128,-36,2412,0.8826599999999999,142.81704525906204,0
False,7,15,0,True,144.444,12128,0,2412,0.882672,142.81737837837838,0
False,7,15,0,True,144.444,12128,0,2412,0.8826839999999999,142.81771136131013,0
False,7,15,0,True,144.444,12128,-41,2412,0.882696,142.81804420794106,0
False,7,15,0,True,144.444,12128,0,2412,0.8827170000000001,142.8183769183548,0
False,7,15,0,True,144.444,12128,0,2412,0.882729,142.818709492635,0
False,7,15,0,True,144.444,12128,0,2412,0.882742,142.8190419308652,0
False,7,15,0,True,144.444,12128,-41,2412,0.8827539999999999,142.81937423312883,0
False,7,15,0,True,144.444,12128,0,2412,0.882767,142.8197063995093,0
False,7,15,0,True,144.444,12128,0,2412,0.88278,142.82003843008994,0
False,7,15,0,True,144.444,12128,0,2412,0.8838320000000001,142.820370324954,0
False,7,15,0,True,144.444,12128,-44,2412,0.8838499999999999,142.82070208418472,0
False,7,15,0,True,144.444,12128,0,2412,0.8858149999999999,142.82103370786515,0
False,7,15,0,True,144.444,12128,-40,2412,0.8858309999999999,142.82136519607843,0
False,7,15,0,True,144.444,12128,-39,2412,0.885844,142.82169654890748,0
False,7,15,0,True,144.444,12128,0,2412,0.885895,142.82202776643527,0
False,7,15,0,True,144.444,12128,0,2412,0.885909,142.82235884874464,0
False,7,15,0,True,144.444,12128,-41,2412,0.885924,142.82268979591836,0
False,7,15,0,True,144.444,12128,-41,2412,0.885938,142.82302060803917,0
False,7,15,0,True,144.444,12128,-36,2412,0.885952,142.8233512851897,0
False,7,15,0,True,144.444,12128,0,2412,0.8859670000000001,142.8236818274526,0
False,7,15,0,True,144.444,12128,0,2412,0.8859819999999999,142.82401223491027,0
False,7,15,0,True,144.444,12128,0,2412,0.8859959999999999,142.82434250764524,0
False,7,15,0,True,144.444,12128,0,2412,0.8860100000000001,142.8246726457399,0
False,7,15,0,True,144.444,12128,0,2412,0.886025,142.8250026492765,0
False,7,15,0,True,144.444,12128,0,2412,0.8860389999999999,142.8253325183374,0
False,7,15,0,True,144.444,12128,-35,2412,0.8860530000000001,142.82566225300468,0
False,7,15,0,True,144.444,12128,0,2412,0.886065,142.82599185336048,0
False,7,15,0,True,144.444,12128,0,2412,0.886078,142.82632131948685,0
False,7,15,0,True,144.444,12128,-42,2412,0.8860929999999999,142.8266506514658,0
False,7,15,0,True,144.444,12128,-40,2412,0.8861089999999999,142.8269798493792,0
False,7,15,0,True,144.444,12128,-36,2412,0.8861640000000001,142.8273089133089,0
False,7,15,0,True,144.444,12128,-37,2412,0.886178,142.8276378433367,0
False,7,15,0,True,144.444,12128,0,2412,0.8861929999999999,142.82796663954431,0
False,7,15,0,True,144.444,12128,0,2412,0.8862059999999999,142.82829530201343,0
False,7,15,0,True,144.444,12128,0,2412,0.886219,142.82862383082553,0
False,7,15,0,True,144.444,12128,-41,2412,0.8862340000000001,142.8289522260622,0
False,7,15,0,True,144.444,12128,0,2412,0.886249,142.82928048780485,0
False,7,15,0,True,144.444,12128,0,2412,0.886264,142.82960861613492,0
False,7,15,0,True,144.444,12128,0,2412,0.8862849999999999,142.82993661113366,0
False,7,15,0,True,144.444,12128,0,2412,0.8862990000000001,142.83026447288236,0
False,7,15,0,True,144.444,12128,0,2412,0.8863119999999999,142.83059220146222,0
False,7,15,0,True,144.444,12128,0,2412,0.8863260000000001,142.8309197969543,0
False,7,15,0,True,144.444,12128,0,2412,0.88634,142.8312472594397,0
False,7,15,0,True,144.444,12128,0,2412,0.886356,142.8315745889994,0
False,7,15,0,True,144.444,12128,0,2412,0.8863709999999999,142.83190178571428,0
False,7,15,0,True,144.444,12128,0,2412,0.887139,142.83222884966523,0
False,7,15,0,True,144.444,12128,-39,2412,0.8871570000000001,142.83255578093303,0
False,7,15,0,True,144.444,12128,-36,2412,0.8892019999999999,142.83288257959845,0
False,7,15,0,True,144.444,12128,0,2412,0.8892159999999999,142.83320924574207,0
False,7,15,0,True,144.444,12128,0,2412,0.889231,142.83353577944453,0
False,7,15,0,True,144.444,12128,-41,2412,0.889244,142.83386218078635,0
False,7,15,0,True,144.444,12128,0,2412,0.8892589999999999,142.834188449848,0
False,7,15,0,True,144.444,12128,-41,2412,0.8892730000000001,142.83451458670987,0
False,7,15,0,True,144.444,12128,-35,2412,0.8892859999999999,142.8348405914523,0
False,7,15,0,True,144.444,12128,-39,2412,0.889301,142.83516646415552,0
False,7,15,0,True,144.444,12128,-44,2412,0.8893129999999999,142.83549220489977,0
False,7,15,0,True,144.444,12128,0,2412,0.889326,142.83581781376517,0
False,7,15,0,True,144.444,12128,0,2412,0.8893399999999999,142.8361432908318,0
False,7,15,0,True,144.444,12128,-40,2412,0.8893540000000001,142.83646863617966,0
False,7,15,0,True,144.444,12128,0,2412,0.889368,142.83679384988872,0
False,7,15,0,True,144.444,12128,-41,2412,0.8893810000000001,142.8371189320388,0
False,7,15,0,True,144.444,12128,-41,2412,0.889395,142.83744388270978,0
False,7,15,0,True,144.444,12128,0,2412,0.8894099999999999,142.8377687019814,0
False,7,15,0,True,144.444,12128,0,2412,0.8894239999999999,142.83809338993328,0
False,7,15,0,True,144.444,12128,0,2412,0.8894369999999999,142.8384179466451,0
False,7,15,0,True,144.444,12128,0,2412,0.889455,142.83874237219638,0
False,7,15,0,True,144.444,12128,-41,2412,0.889468,142.83906666666667,0
False,7,15,0,True,144.444,12128,0,2412,0.889523,142.8393908301353,0
False,7,15,0,True,144.444,12128,0,2412,0.8902420000000001,142.83971486268172,0
False,7,15,0,True,144.444,12128,-35,2412,0.8902599999999999,142.8400387643852,0
False,7,15,0,True,144.444,12128,0,2412,0.8902739999999999,142.84036253532497,0
False,7,15,0,True,144.444,12128,-44,2412,0.8902869999999999,142.8406861755802,0
False,7,15,0,True,144.444,12128,-39,2412,0.8903009999999999,142.84100968523003,0
False,7,15,0,True,144.444,12128,0,2412,0.8903150000000001,142.84133306435342,0
False,7,15,0,True,144.444,12128,-40,2412,0.890329,142.84165631302943,0
False,7,15,0,True,144.444,12128,0,2412,0.8903420000000001,142.84197943133697,0
False,7,15,0,True,144.444,12128,0,2412,0.8903610000000001,142.84230241935484,0
False,7,15,0,True,144.444,12128,0,2412,0.890376,142.84262527716186,0
False,7,15,0,True,144.444,12128,-37,2412,0.8914429999999999,142.84294800483676,0
False,7,15,0,True,144.444,12128,-36,2412,0.891458,142.84327060245818,0
False,7,15,0,True,144.444,12128,0,2412,0.891471,142.84359307010473,0
False,7,15,0,True,144.444,12128,0,2412,0.8936719999999999,142.84391540785498,0
False,7,15,0,True,144.444,12128,0,2412,0.8936939999999999,142.84423761578734,0
False,7,15,0,True,144.444,12128,-40,2412,0.8937080000000001,142.84455969398024,0
False,7,15,0,True,144.444,12128,0,2412,0.893755,142.84488164251206,0
False,7,15,0,True,144.444,12128,0,2412,0.8937670000000001,142.84520346146104,0
False,7,15,0,True,144.444,12128,-42,2412,0.893779,142.84552515090542,0
False,7,15,0,True,144.444,12128,0,2412,0.893793,142.84584671092335,0
False,7,15,0,True,144.444,12128,-40,2412,0.893806,142.84616814159293,0
False,7,15,0,True,144.444,12128,-37,2412,0.893819,142.84648944299215,0
False,7,15,0,True,144.444,12128,0,2412,0.8938320000000001,142.84681061519902,0
False,7,15,0,True,144.444,12128,0,2412,0.893844,142.84713165829146,0
False,7,15,0,True,144.444,12128,0,2412,0.8938559999999999,142.84745257234727,0
False,7,15,0,True,144.444,12128,0,2412,0.8938689999999999,142.84777335744423,0
False,7,15,0,True,144.444,12128,0,2412,0.893881,142.8480940136601,0
False,7,15,0,True,144.444,12128,-36,2412,0.8938940000000001,142.8484145410725,0
False,7,15,0,True,144.444,12128,0,2412,0.893908,142.84873493975903,0
False,7,15,0,True,144.444,12128,0,2412,0.893925,142.84905520979723,0
False,7,15,0,True,144.444,12128,-39,2412,0.8939400000000001,142.84937535126454,0
False,7,15,0,True,144.444,12128,0,2412,0.89399,142.84969536423839,0
False,7,15,0,True,144.444,12128,-35,2412,0.894003,142.85001524879615,0
False,7,15,0,True,144.444,12128,-36,2412,0.8940149999999999,142.85033500501504,0
False,7,15,0,True,144.444,12128,0,2412,0.8940279999999999,142.85065463297232,0
False,7,15,0,True,144.444,12128,0,2412,0.894041,142.85097413274514,0
False,7,15,0,True,144.444,12128,0,2412,0.894054,142.85129350441056,0
False,7,15,0,True,144.444,12128,-36,2412,0.8940670000000001,142.85161274804568,0
False,7,15,0,True,144.444,12128,0,2412,0.894079,142.85193186372746,0
False,7,15,0,True,144.444,12128,0,2412,0.8940899999999999,142.85225085153274,0
False,7,15,0,True,144.444,12128,0,2412,0.894103,142.85256971153845,0
False,7,15,0,True,144.444,12128,0,2412,0.894114,142.85288844382134,0
False,7,15,0,True,144.444,12128,-41,2412,0.894127,142.85320704845813,0
False,7,15,0,True,144.444,12128,-44,2412,0.894143,142.85352552552553,0
False,7,15,0,True,144.444,12128,-39,2412,0.8968139999999999,142.85384387510007,0
False,7,15,0,True,144.444,12128,0,2412,0.8968409999999999,142.85416209725835,0
False,7,15,0,True,144.444,12128,-41,2412,0.8968539999999999,142.8544801920768,0
False,7,15,0,True,144.444,12128,-40,2412,0.8969010000000001,142.8547981596319,0
False,7,15,0,True,144.444,12128,-41,2412,0.896913,142.85511599999998,0
False,7,15,0,True,144.444,12128,0,2412,0.896929,142.85543371325733,0
False,7,15,0,True,144.444,12128,0,2412,0.8969409999999999,142.8557512994802,0
False,7,15,0,True,144.444,12128,-41,2412,0.8969539999999999,142.85606875874475,0
False,7,15,0,True,144.444,12128,0,2412,0.8969649999999999,142.8563860911271,0
False,7,15,0,True,144.444,12128,0,2412,0.8969779999999999,142.8567032967033,0
False,7,15,0,True,144.444,12128,-36,2412,0.8969919999999999,142.85702037554933,0
False,7,15,0,True,144.444,12128,0,2412,0.8970049999999999,142.85733732774113,0
False,7,15,0,True,144.444,12128,0,2412,0.897018,142.85765415335462,0
False,7,15,0,True,144.444,12128,0,2412,0.8970299999999999,142.85797085246554,0
False,7,15,0,True,144.444,12128,0,2412,0.8970429999999999,142.85828742514968,0
False,7,15,0,True,144.444,12128,-44,2412,0.897056,142.85860387148273,0
False,7,15,0,True,144.444,12128,0,2412,0.8970680000000001,142.8589201915403,0
False,7,15,0,True,144.444,12128,-35,2412,0.897101,142.85923638539796,0
False,7,15,0,True,144.444,12128,0,2412,0.8971140000000001,142.85955245313122,0
False,7,15,0,True,144.444,12128,-39,2412,0.897126,142.85986839481555,0
False,7,15,0,True,144.444,12128,-41,2412,0.897298,142.8601842105263,0
False,7,15,0,True,144.444,12128,0,2412,0.8973110000000001,142.86049990033882,0
False,7,15,0,True,144.444,12128,-37,2412,0.897323,142.8608154643284,0
False,7,15,0,True,144.444,12128,-40,2412,0.8973349999999999,142.8611309025702,0
False,7,15,0,True,144.444,12128,0,2412,0.8973490000000001,142.86144621513944,0
False,7,15,0,True,144.444,12128,0,2412,0.8973619999999999,142.8617614021111,0
False,7,15,0,True,144.444,12128,0,2412,0.8973779999999999,142.86207646356033,0
False,7,15,0,True,144.444,12128,0,2412,0.89739,142.862391399562,0
False,7,15,0,True,144.444,12128,0,2412,0.8974019999999999,142.86270621019108,0
False,7,15,0,True,144.444,12128,0,2412,0.897414,142.86302089552237,0
False,7,15,0,True,144.444,12128,-36,2412,0.897426,142.8633354556307,0
False,7,15,0,True,144.444,12128,0,2412,0.8980929999999999,142.8636498905908,0
False,7,15,0,True,144.444,12128,-42,2412,0.8981119999999999,142.8639642004773,0
False,7,15,0,True,144.444,12128,-42,2412,0.898124,142.86427838536486,0
False,7,15,0,True,144.444,12128,0,2412,0.8981419999999999,142.86459244532801,0
False,7,15,0,True,144.444,12128,0,2412,0.898168,142.86490638044125,0
False,7,15,0,True,144.444,12128,0,2412,0.8981800000000001,142.865220190779,0
False,7,15,0,True,144.444,12128,0,2412,0.8982419999999999,142.86553387641564,0
False,7,15,0,True,144.444,12128,-36,2412,0.898265,142.8658474374255,0
False,7,15,0,True,144.444,12128,-39,2412,0.898284,142.86616087388282,0
False,7,15,0,True,144.444,12128,0,2412,0.8993809999999999,142.8664741858618,0
False,7,15,0,True,144.444,12128,0,2412,0.899398,142.86678737343655,0
False,7,15,0,True,144.444,12128,0,2412,0.8994099999999999,142.86710043668123,0
False,7,15,0,True,144.444,12128,0,2412,0.899422,142.86741337566977,0
False,7,15,0,True,144.444,12128,-41,2412,0.899434,142.8677261904762,0
False,7,15,0,True,144.444,12128,0,2412,0.8994449999999999,142.86803888117436,0
False,7,15,0,True,144.444,12128,0,2412,0.899458,142.86835144783814,0
False,7,15,0,True,144.444,12128,-41,2412,0.899469,142.86866389054134,0
False,7,15,0,True,144.444,12128,-35,2412,0.8994810000000001,142.86897620935764,0
False,7,15,0,True,144.444,12128,0,2412,0.8994920000000001,142.86928840436073,0
False,7,15,0,True,144.444,12128,0,2412,0.899504,142.86960047562425,0
False,7,15,0,True,144.444,12128,-41,2412,0.8995319999999999,142.8699124232217,0
False,7,15,0,True,144.444,12128,0,2412,0.900435,142.87022424722662,0
False,7,15,0,True,144.444,12128,-39,2412,0.9004500000000001,142.8705359477124,0
False,7,15,0,True,144.444,12128,-41,2412,0.900462,142.87084752475246,0
False,7,15,0,True,144.444,12128,-40,2412,0.9004739999999999,142.8711589784201,0
False,7,15,0,True,144.444,12128,-41,2412,0.900484,142.8714703087886,0
False,7,15,0,True,144.444,12128,-40,2412,0.9004929999999999,142.87178151593113,0
False,7,15,0,True,144.444,12128,-44,2412,0.9037000000000001,142.87209259992085,0
False,7,15,0,True,144.444,12128,0,2412,0.9037129999999999,142.87240356083086,0
False,7,15,0,True,144.444,12128,0,2412,0.903722,142.87271439873416,0
False,7,15,0,True,144.444,12128,-44,2412,0.903731,142.87302511370376,0
False,7,15,0,True,144.444,12128,0,2412,0.9037399999999999,142.87333570581256,0
False,7,15,0,True,144.444,12128,-40,2412,0.903749,142.87364617513342,0
False,7,15,0,True,144.444,12128,0,2412,0.903757,142.8739565217391,0
False,7,15,0,True,144.444,12128,0,2412,0.9037669999999999,142.8742667457024,0
False,7,15,0,True,144.444,12128,-35,2412,0.903776,142.874576847096,0
False,7,15,0,True,144.444,12128,0,2412,0.903785,142.8748868259925,0
False,7,15,0,True,144.444,12128,-36,2412,0.9037939999999999,142.87519668246443,0
False,7,15,0,True,144.444,12128,-36,2412,0.9038160000000001,142.8755064165844,0
False,7,15,0,True,144.444,12128,-44,2412,0.903825,142.87581602842477,0
False,7,15,0,True,144.444,12128,0,2412,0.906551,142.87612551805802,0
False,7,15,0,True,144.444,12128,0,2412,0.9065599999999999,142.87643488555642,0
False,7,15,0,True,144.444,12128,-39,2412,0.9065690000000001,142.8767441309923,0
False,7,15,0,True,144.444,12128,0,2412,0.906653,142.87705325443787,0
False,7,15,0,True,144.444,12128,0,2412,0.906662,142.87736225596527,0
False,7,15,0,True,144.444,12128,0,2412,0.9066709999999999,142.87767113564666,0
False,7,15,0,True,144.444,12128,-36,2412,0.90668,142.8779798935541,0
False,7,15,0,True,144.444,12128,0,2412,0.906688,142.87828852975954,0
False,7,15,0,True,144.444,12128,0,2412,0.9066979999999999,142.87859704433495,0
False,7,15,0,True,144.444,12128,-42,2412,0.906708,142.87890543735222,0
False,7,15,0,True,144.444,12128,-42,2412,0.906718,142.87921370888319,0
False,7,15,0,True,144.444,12128,0,2412,0.906727,142.8795218589996,0
False,7,15,0,True,144.444,12128,-41,2412,0.906737,142.87982988777316,0
False,7,15,0,True,144.444,12128,0,2412,0.9067470000000001,142.88013779527557,0
False,7,15,0,True,144.444,12128,0,2412,0.9067569999999999,142.8804455815784,0
False,7,15,0,True,144.444,12128,0,2412,0.906767,142.88075324675324,0
False,7,15,0,True,144.444,12128,0,2412,0.9067759999999999,142.88106079087152,0
False,7,15,0,True,144.444,12128,0,2412,0.9067869999999999,142.8813682140047,0
False,7,15,0,True,144.444,12128,-36,2412,0.906797,142.8816755162242,0
False,7,15,0,True,144.444,12128,0,2412,0.9068059999999999,142.88198269760125,0
False,7,15,0,True,144.444,12128,0,2412,0.9088269999999999,142.88228975820718,0
False,7,15,0,True,144.444,12128,0,2412,0.908843,142.8825966981132,0
False,7,15,0,True,144.444,12128,-40,2412,0.9088550000000001,142.88290351739045,0
False,7,15,0,True,144.444,12128,0,2412,0.908956,142.88321021611,0
False,7,15,0,True,144.444,12128,-41,2412,0.908966,142.88351679434294,0
False,7,15,0,True,144.444,12128,0,2412,0.9089759999999999,142.88382325216025,0
False,7,15,0,True,144.444,12128,-40,2412,0.908988,142.88412958963283,0
False,7,15,0,True,144.444,12128,-41,2412,0.908999,142.88443580683156,0
False,7,15,0,True,144.444,12128,-39,2412,0.9090109999999999,142.88474190382726,0
False,7,15,0,True,144.444,12128,-36,2412,0.9090219999999999,142.88504788069073,0
False,7,15,0,True,144.444,12128,0,2412,0.9090349999999999,142.88535373749264,0
False,7,15,0,True,144.444,12128,0,2412,0.909048,142.88565947430362,0
False,7,15,0,True,144.444,12128,0,2412,0.909061,142.88596509119435,0
False,7,15,0,True,144.444,12128,0,2412,0.909074,142.88627058823528,0
False,7,15,0,True,144.444,12128,0,2412,0.9090870000000001,142.88657596549695,0
False,7,15,0,True,144.444,12128,0,2412,0.9090980000000001,142.88688122304978,0
False,7,15,0,True,144.444,12128,0,2412,0.9091090000000001,142.88718636096414,0
False,7,15,0,True,144.444,12128,-41,2412,0.9091170000000001,142.88749137931032,0
False,7,15,0,True,144.444,12128,0,2412,0.909129,142.88779627815865,0
False,7,15,0,True,144.444,12128,-44,2412,0.90914,142.88810105757932,0
False,7,15,0,True,144.444,12128,0,2412,0.9091509999999999,142.88840571764246,0
False,7,15,0,True,144.444,12128,0,2412,0.9091619999999999,142.88871025841817,0
False,7,15,0,True,144.444,12128,-39,2412,0.9091729999999999,142.8890146799765,0
False,7,15,0,True,144.444,12128,-44,2412,0.909989,142.88931898238746,0
False,7,15,0,True,144.444,12128,-36,2412,0.910003,142.889623165721,0
False,7,15,0,True,144.444,12128,-35,2412,0.9100149999999999,142.88992723004694,0
False,7,15,0,True,144.444,12128,0,2412,0.9100259999999999,142.89023117543516,0
False,7,15,0,True,144.444,12128,0,2412,0.910038,142.8905350019554,0
False,7,15,0,True,144.444,12128,0,2412,0.9100480000000001,142.8908387096774,0
False,7,15,0,True,144.444,12128,0,2412,0.910062,142.89114229867084,0
False,7,15,0,True,144.444,12128,0,2412,0.910073,142.89144576900526,0
False,7,15,0,True,144.444,12128,0,2412,0.9100879999999999,142.8917491207503,0
False,7,15,0,True,144.444,12128,-39,2412,0.911374,142.89205235397537,0
False,7,15,0,True,144.444,12128,0,2412,0.9113870000000001,142.89235546875,0
False,7,15,0,True,144.444,12128,0,2412,0.911401,142.8926584651435,0
False,7,15,0,True,144.444,12128,0,2412,0.911412,142.8929613432253,0
False,7,15,0,True,144.444,12128,-37,2412,0.911425,142.89326410306458,0
False,7,15,0,True,144.444,12128,-40,2412,0.9114369999999999,142.89356674473066,0
False,7,15,0,True,144.444,12128,-36,2412,0.9114479999999999,142.89386926829266,0
False,7,15,0,True,144.444,12128,0,2412,0.911461,142.89417167381973,0
False,7,15,0,True,144.444,12128,0,2412,0.913442,142.89447396138092,0
False,7,15,0,True,144.444,12128,0,2412,0.913458,142.89477613104523,0
False,7,15,0,True,144.444,12128,-39,2412,0.913471,142.89507818288166,0
False,7,15,0,True,144.444,12128,-42,2412,0.913515,142.89538011695905,0
False,7,15,0,True,144.444,12128,0,2412,0.9135270000000001,142.8956819333463,0
False,7,15,0,True,144.444,12128,0,2412,0.913541,142.8959836321122,0
False,7,15,0,True,144.444,12128,0,2412,0.9135540000000001,142.89628521332554,0
False,7,15,0,True,144.444,12128,0,2412,0.913566,142.89658667705493,0
False,7,15,0,True,144.444,12128,0,2412,0.9135779999999999,142.89688802336903,0
False,7,15,0,True,144.444,12128,-36,2412,0.91359,142.89718925233643,0
False,7,15,0,True,144.444,12128,0,2412,0.9136000000000001,142.89749036402569,0
False,7,15,0,True,144.444,12128,0,2412,0.9136129999999999,142.89779135850523,0
False,7,15,0,True,144.444,12128,0,2412,0.9136239999999999,142.89809223584354,0
False,7,15,0,True,144.444,12128,0,2412,0.913634,142.89839299610895,0
False,7,15,0,True,144.444,12128,0,2412,0.9136449999999999,142.89869363936975,0
False,7,15,0,True,144.444,12128,0,2412,0.9136559999999999,142.8989941656943,0
False,7,15,0,True,144.444,12128,-41,2412,0.913668,142.89929457515066,0
False,7,15,0,True,144.444,12128,-35,2412,0.913679,142.89959486780714,0
False,7,15,0,True,144.444,12128,-35,2412,0.913695,142.89989504373176,0
False,7,15,0,True,144.444,12128,0,2412,0.9137160000000001,142.9001951029926,0
False,7,15,0,True,144.444,12128,-41,2412,0.913725,142.90049504565764,0
False,7,15,0,True,144.444,12128,-41,2412,0.9137620000000001,142.90079487179486,0
False,7,15,0,True,144.444,12128,-40,2412,0.9137719999999999,142.90109458147214,0
False,7,15,0,True,144.444,12128,0,2412,0.9137810000000001,142.90139417475726,0
False,7,15,0,True,144.444,12128,-41,2412,0.9137909999999999,142.9016936517181,0
False,7,15,0,True,144.444,12128,0,2412,0.9138000000000001,142.90199301242234,0
False,7,15,0,True,144.444,12128,0,2412,0.9138129999999999,142.9022922569377,0
False,7,15,0,True,144.444,12128,-36,2412,0.9138229999999999,142.90259138533176,0
False,7,15,0,True,144.444,12128,-39,2412,0.9138320000000001,142.90289039767217,0
False,7,15,0,True,144.444,12128,0,2412,0.914599,142.90318929402636,0
False,7,15,0,True,144.444,12128,0,2412,0.914616,142.90348807446188,0
False,7,15,0,True,144.444,12128,0,2412,0.9146299999999999,142.90378673904613,0
False,7,15,0,True,144.444,12128,0,2412,0.914645,142.90408528784647,0
False,7,15,0,True,144.444,12128,-44,2412,0.9146569999999999,142.9043837209302,0
False,7,15,0,True,144.444,12128,0,2412,0.91467,142.90468203836465,0
False,7,15,0,True,144.444,12128,-41,2412,0.9146850000000001,142.90498024021696,0
False,7,15,0,True,144.444,12128,0,2412,0.914697,142.9052783265543,0
False,7,15,0,True,144.444,12128,-39,2412,0.9147089999999999,142.90557629744382,0
False,7,15,0,True,144.444,12128,0,2412,0.915828,142.90587415295255,0
False,7,15,0,True,144.444,12128,-36,2412,0.915839,142.9061718931475,0
False,7,15,0,True,144.444,12128,-44,2412,0.9158499999999999,142.9064695180956,0
False,7,15,0,True,144.444,12128,0,2412,0.9158590000000001,142.90676702786376,0
False,7,15,0,True,144.444,12128,0,2412,0.9158689999999999,142.90706442251886,0
False,7,15,0,True,144.444,12128,-35,2412,0.9158780000000001,142.90736170212764,0
False,7,15,0,True,144.444,12128,0,2412,0.9158879999999999,142.9076588667569,0
False,7,15,0,True,144.444,12128,0,2412,0.9158989999999999,142.9079559164733,0
False,7,15,0,True,144.444,12128,-36,2412,0.915909,142.9082528513435,0
False,7,15,0,True,144.444,12128,0,2412,0.915919,142.9085496714341,0
False,7,15,0,True,144.444,12128,0,2412,0.9159289999999999,142.90884637681157,0
False,7,15,0,True,144.444,12128,0,2412,0.9159400000000001,142.9091429675425,0
False,7,15,0,True,144.444,12128,-39,2412,0.916306,142.90943944369326,0
False,7,15,0,True,144.444,12128,0,2412,0.9163180000000001,142.90973580533023,0
False,7,15,0,True,144.444,12128,0,2412,0.9187219999999999,142.91003205251977,0
False,7,15,0,True,144.444,12128,-40,2412,0.9187379999999999,142.91032818532818,0
False,7,15,0,True,144.444,12128,-39,2412,0.9187500000000001,142.91062420382164,0
False,7,15,0,True,144.444,12128,-36,2412,0.9187960000000001,142.91092010806636,0
False,7,15,0,True,144.444,12128,0,2412,0.918808,142.9112158981285,0
False,7,15,0,True,144.444,12128,-42,2412,0.9188189999999999,142.91151157407407,0
False,7,15,0,True,144.444,12128,0,2412,0.9188310000000001,142.91180713596913,0
False,7,15,0,True,144.444,12128,-42,2412,0.918842,142.91210258387966,0
False,7,15,0,True,144.444,12128,-41,2412,0.918853,142.9123979178716,0
False,7,15,0,True,144.444,12128,0,2412,0.9188649999999999,142.91269313801078,0
False,7,15,0,True,144.444,12128,0,2412,0.918877,142.91298824436305,0
False,7,15,0,True,144.444,12128,0,2412,0.9188919999999999,142.9132832369942,0
False,7,15,0,True,144.444,12128,0,2412,0.9189029999999999,142.91357811596993,0
False,7,15,0,True,144.444,12128,-36,2412,0.918915,142.91387288135593,0
False,7,15,0,True,144.444,12128,0,2412,0.918929,142.91416753321778,0
False,7,15,0,True,144.444,12128,0,2412,0.9189470000000001,142.91446207162107,0
False,7,15,0,True,144.444,12128,0,2412,0.9189599999999999,142.91475649663138,0
False,7,15,0,True,144.444,12128,-39,2412,0.918972,142.91505080831408,0
False,7,15,0,True,144.444,12128,-41,2412,0.9201609999999999,142.91534500673464,0
False,7,15,0,True,144.444,12128,0,2412,0.920179,142.91563909195844,0
False,7,15,0,True,144.444,12128,0,2412,0.920192,142.91593306405076,0
False,7,15,0,True,144.444,12128,0,2412,0.9202799999999999,142.91622692307692,0
False,7,15,0,True,144.444,12128,-36,2412,0.920297,142.91652066910208,0
False,7,15,0,True,144.444,12128,-41,2412,0.922535,142.91681430219145,0
False,7,15,0,True,144.444,12128,-41,2412,0.923704,142.91710782241014,0
False,7,15,0,True,144.444,12128,0,2412,0.9237239999999999,142.91740122982318,0
False,7,15,0,True,144.444,12128,-35,2412,0.9237399999999999,142.91769452449566,0
False,7,15,0,True,144.444,12128,0,2412,0.9237529999999999,142.91798770649248,0
False,7,15,0,True,144.444,12128,-40,2412,0.9237669999999999,142.91828077587863,0
False,7,15,0,True,144.444,12128,-39,2412,0.923822,142.9185737327189,0
False,7,15,0,True,144.444,12128,0,2412,0.9243089999999999,142.91886657707812,0
False,7,15,0,True,144.444,12128,0,2412,0.9243260000000001,142.9191593090211,0
False,7,15,0,True,144.444,12128,0,2412,0.92434,142.91945192861255,0
False,7,15,0,True,144.444,12128,-41,2412,0.9243549999999999,142.9197444359171,0
False,7,15,0,True,144.444,12128,0,2412,0.9243689999999999,142.9200368309994,0
False,7,15,0,True,144.444,12128,-36,2412,0.9243819999999999,142.92032911392405,0
False,7,15,0,True,144.444,12128,0,2412,0.924395,142.9206212847555,0
False,7,15,0,True,144.444,12128,-42,2412,0.925261,142.92091334355828,0
False,7,15,0,True,144.444,12128,0,2412,0.9252779999999999,142.92120529039676,0
False,7,15,0,True,144.444,12128,0,2412,0.9252919999999999,142.92149712533538,0
False,7,15,0,True,144.444,12128,0,2412,0.925304,142.92178884843838,0
False,7,15,0,True,144.444,12128,0,2412,0.9253170000000001,142.92208045977011,0
False,7,15,0,True,144.444,12128,-35,2412,0.925329,142.92237195939475,0
False,7,15,0,True,144.444,12128,-41,2412,0.9253410000000001,142.92266334737647,0
False,7,15,0,True,144.444,12128,0,2412,0.925355,142.92295462377942,0
False,7,15,0,True,144.444,12128,0,2412,0.9268919999999999,142.92324578866769,0
False,7,15,0,True,144.444,12128,0,2412,0.926907,142.92353684210525,0
False,7,15,0,True,144.444,12128,-40,2412,0.9269200000000001,142.92382778415612,0
False,7,15,0,True,144.444,12128,0,2412,0.9271219999999999,142.92411861488424,0
False,7,15,0,True,144.444,12128,-35,2412,0.927134,142.92440933435347,0
False,7,15,0,True,144.444,12128,0,2412,0.9271459999999999,142.92469994262765,0
False,7,15,0,True,144.444,12128,-41,2412,0.927158,142.92499043977054,0
False,7,15,0,True,144.444,12128,0,2412,0.927172,142.9252808258459,0
False,7,15,0,True,144.444,12128,0,2412,0.9271839999999999,142.9255711009174,0
False,7,15,0,True,144.444,12128,0,2412,0.927196,142.92586126504872,0
False,7,15,0,True,144.444,12128,0,2412,0.9272079999999999,142.92615131830337,0
False,7,15,0,True,144.444,12128,-35,2412,0.92722,142.92644126074498,0
False,7,15,0,True,144.444,12128,-44,2412,0.927232,142.92673109243697,0
False,7,15,0,True,144.444,12128,-40,2412,0.927245,142.9270208134428,0
False,7,15,0,True,144.444,12128,-41,2412,0.9272569999999999,142.92731042382587,0
False,7,15,0,True,144.444,12128,-34,2412,0.927269,142.92759992364952,0
False,7,15,0,True,144.444,12128,-39,2412,0.9272809999999999,142.92788931297707,0
False,7,15,0,True,144.444,12128,-39,2412,0.9272980000000001,142.92817859187178,0
False,7,15,0,True,144.444,12128,0,2412,0.9273109999999999,142.92846776039679,0
False,7,15,0,True,144.444,12128,0,2412,0.9273220000000001,142.92875681861528,0
False,7,15,0,True,144.444,12128,-42,2412,0.9273349999999999,142.92904576659038,0
False,7,15,0,True,144.444,12128,-44,2412,0.9280430000000001,142.92933460438513,0
False,7,15,0,True,144.444,12128,-39,2412,0.9280590000000001,142.9296233320625,0
False,7,15,0,True,144.444,12128,-36,2412,0.930279,142.92991194968553,0
False,7,15,0,True,144.444,12128,0,2412,0.930292,142.93020045731706,0
False,7,15,0,True,144.444,12128,0,2412,0.930306,142.93048885502,0
False,7,15,0,True,144.444,12128,0,2412,0.9303210000000001,142.93077714285712,0
False,7,15,0,True,144.444,12128,-44,2412,0.930335,142.93106532089124,0
False,7,15,0,True,144.444,12128,0,2412,0.930349,142.93135338918506,0
False,7,15,0,True,144.444,12128,-36,2412,0.9303629999999999,142.93164134780125,0
False,7,15,0,True,144.444,12128,0,2412,0.930378,142.93192919680243,0
False,7,15,0,True,144.444,12128,-42,2412,0.930397,142.9322169362512,0
False,7,15,0,True,144.444,12128,0,2412,0.9304119999999999,142.93250456621,0
False,7,15,0,True,144.444,12128,0,2412,0.9304260000000001,142.93279208674147,0
False,7,15,0,True,144.444,12128,0,2412,0.9304370000000001,142.93307949790793,0
False,7,15,0,True,144.444,12128,-41,2412,0.930451,142.93336679977182,0
False,7,15,0,True,144.444,12128,0,2412,0.930465,142.93365399239542,0
False,7,15,0,True,144.444,12128,-41,2412,0.930478,142.9339410758411,0
False,7,15,0,True,144.444,12128,-35,2412,0.9323119999999999,142.93422805017101,0
False,7,15,0,True,144.444,12128,0,2412,0.9323290000000001,142.93451491544747,0
False,7,15,0,True,144.444,12128,-39,2412,0.932343,142.93480167173252,0
False,7,15,0,True,144.444,12128,0,2412,0.9325009999999999,142.9350883190883,0
False,7,15,0,True,144.444,12128,-39,2412,0.9325150000000001,142.9353748575769,0
False,7,15,0,True,144.444,12128,0,2412,0.932529,142.9356612872603,0
False,7,15,0,True,144.444,12128,0,2412,0.932541,142.93594760820045,0
False,7,15,0,True,144.444,12128,0,2412,0.932554,142.93623382045928,0
False,7,15,0,True,144.444,12128,0,2412,0.932567,142.93651992409866,0
False,7,15,0,True,144.444,12128,0,2412,0.9325800000000001,142.93680591918042,0
False,7,15,0,True,144.444,12128,-35,2412,0.932594,142.9370918057663,0
False,7,15,0,True,144.444,12128,0,2412,0.9326089999999999,142.93737758391808,0
False,7,15,0,True,144.444,12128,0,2412,0.9326230000000001,142.93766325369737,0
False,7,15,0,True,144.444,12128,0,2412,0.932638,142.93794881516587,0
False,7,15,0,True,144.444,12128,0,2412,0.932651,142.93823426838512,0
False,7,15,0,True,144.444,12128,-35,2412,0.932667,142.9385196134167,0
False,7,15,0,True,144.444,12128,0,2412,0.932681,142.93880485032207,0
False,7,15,0,True,144.444,12128,0,2412,0.9326929999999999,142.9390899791627,0
False,7,15,0,True,144.444,12128,-40,2412,0.9327070000000001,142.93937499999998,0
False,7,15,0,True,144.444,12128,-44,2412,0.9327199999999999,142.93965991289528,0
False,7,15,0,True,144.444,12128,-39,2412,0.933785,142.93994471790987,0
False,7,15,0,True,144.444,12128,-34,2412,0.9338019999999999,142.94022941510502,0
False,7,15,0,True,144.444,12128,-39,2412,0.933814,142.940514004542,0
False,7,15,0,True,144.444,12128,0,2412,0.9340430000000001,142.94079848628192,0
False,7,15,0,True,144.444,12128,-43,2412,0.934057,142.9410828603859,0
False,7,15,0,True,144.444,12128,-37,2412,0.9340700000000001,142.94136712691508,0
False,7,15,0,True,144.444,12128,0,2412,0.934087,142.9416512859304,0
False,7,15,0,True,144.444,12128,0,2412,0.934098,142.9419353374929,0
False,7,15,0,True,144.444,12128,0,2412,0.9341119999999999,142.9422192816635,0
False,7,15,0,True,144.444,12128,-36,2412,0.9341259999999999,142.9425031185031,0
False,7,15,0,True,144.444,12128,0,2412,0.9341389999999999,142.94278684807256,0
False,7,15,0,True,144.444,12128,-36,2412,0.9341529999999999,142.94307047043264,0
False,7,15,0,True,144.444,12128,0,2412,0.9341659999999999,142.9433539856441,0
False,7,15,0,True,144.444,12128,-44,2412,0.934179,142.9436373937677,0
False,7,15,0,True,144.444,12128,0,2412,0.934192,142.94392069486403,0
False,7,15,0,True,144.444,12128,0,2412,0.9342050000000001,142.94420388899377,0
False,7,15,0,True,144.444,12128,0,2412,0.9342229999999999,142.94448697621743,0
False,7,15,0,True,144.444,12128,-41,2412,0.934235,142.94476995659556,0
False,7,15,0,True,144.444,12128,0,2412,0.9342469999999999,142.94505283018867,0
False,7,15,0,True,144.444,12128,-41,2412,0.93426,142.94533559705715,0
False,7,15,0,True,144.444,12128,-42,2412,0.936344,142.9456182572614,0
False,7,15,0,True,144.444,12128,0,2412,0.9363640000000001,142.94590081086176,0
False,7,15,0,True,144.444,12128,-39,2412,0.9363799999999999,142.94618325791853,0
False,7,15,0,True,144.444,12128,0,2412,0.9371740000000001,142.94646559849198,0
False,7,15,0,True,144.444,12128,0,2412,0.937186,142.94674783264227,0
False,7,15,0,True,144.444,12128,0,2412,0.9371980000000001,142.9470299604296,0
False,7,15,0,True,144.444,12128,0,2412,0.9372109999999999,142.94731198191408,0
False,7,15,0,True,144.444,12128,0,2412,0.937226,142.94759389715577,0
False,7,15,0,True,144.444,12128,-35,2412,0.937239,142.9478757062147,0
False,7,15,0,True,144.444,12128,0,2412,0.937253,142.9481574091508,0
False,7,15,0,True,144.444,12128,0,2412,0.937267,142.94843900602407,0
False,7,15,0,True,144.444,12128,-35,2412,0.9372809999999999,142.9487204968944,0
False,7,15,0,True,144.444,12128,0,2412,0.937296,142.94900188182157,0
False,7,15,0,True,144.444,12128,-40,2412,0.93731,142.94928316086546,0
False,7,15,0,True,144.444,12128,0,2412,0.9373250000000001,142.94956433408578,0
False,7,15,0,True,144.444,12128,0,2412,0.937337,142.9498454015422,0
False,7,15,0,True,144.444,12128,-40,2412,0.9373520000000001,142.95012636329446,0
False,7,15,0,True,144.444,12128,-44,2412,0.937374,142.95040721940214,0
False,7,15,0,True,144.444,12128,0,2412,0.937388,142.95068796992481,0
False,7,15,0,True,144.444,12128,0,2412,0.9374029999999999,142.950968614922,0
False,7,15,0,True,144.444,12128,0,2412,0.9374170000000001,142.9512491544532,0
False,7,15,0,True,144.444,12128,-42,2412,0.938675,142.95152958857787,0
False,7,15,0,True,144.444,12128,-38,2412,0.9386929999999999,142.95180991735535,0
False,7,15,0,True,144.444,12128,-36,2412,0.9389679999999999,142.95209014084506,0
False,7,15,0,True,144.444,12128,0,2412,0.9389820000000001,142.95237025910626,0
False,7,15,0,True,144.444,12128,0,2412,0.9389949999999999,142.9526502721982,0
False,7,15,0,True,144.444,12128,-44,2412,0.9390109999999999,142.95293018018018,0
False,7,15,0,True,144.444,12128,-37,2412,0.9390249999999999,142.95320998311126,0
False,7,15,0,True,144.444,12128,-41,2412,0.9390379999999999,142.95348968105066,0
False,7,15,0,True,144.444,12128,0,2412,0.939051,142.95376927405738,0
False,7,15,0,True,144.444,12128,-41,2412,0.9390660000000001,142.95404876219055,0
False,7,15,0,True,144.444,12128,0,2412,0.9390809999999999,142.95432814550907,0
False,7,15,0,True,144.444,12128,0,2412,0.939094,142.95460742407198,0
False,7,15,0,True,144.444,12128,-42,2412,0.939107,142.95488659793813,0
False,7,15,0,True,144.444,12128,-36,2412,0.939121,142.9551656671664,0
False,7,15,0,True,144.444,12128,0,2412,0.939134,142.9554446318156,0
False,7,15,0,True,144.444,12128,0,2412,0.9391470000000001,142.95572349194452,0
False,7,15,0,True,144.444,12128,-35,2412,0.939159,142.9560022476119,0
False,7,15,0,True,144.444,12128,-36,2412,0.939177,142.9562808988764,0
False,7,15,0,True,144.444,12128,-39,2412,0.9391900000000001,142.95655944579664,0
False,7,15,0,True,144.444,12128,0,2412,0.939204,142.9568378884313,0
False,7,15,0,True,144.444,12128,-41,2412,0.9392170000000001,142.95711622683885,0
False,7,15,0,True,144.444,12128,-39,2412,0.939231,142.95739446107783,0
False,7,15,0,True,144.444,12128,0,2412,0.942187,142.95767259120672,0
False,7,15,0,True,144.444,12128,0,2412,0.942201,142.95795061728393,0
False,7,15,0,True,144.444,12128,-35,2412,0.942214,142.95822853936787,0
False,7,15,0,True,144.444,12128,0,2412,0.9422259999999999,142.95850635751682,0
False,7,15,0,True,144.444,12128,0,2412,0.9422400000000001,142.95878407178913,0
False,7,15,0,True,144.444,12128,-40,2412,0.942254,142.95906168224298,0
False,7,15,0,True,144.444,12128,0,2412,0.942268,142.95933918893664,0
False,7,15,0,True,144.444,12128,0,2412,0.942282,142.95961659192824,0
False,7,15,0,True,144.444,12128,-40,2412,0.9422940000000001,142.9598938912759,0
False,7,15,0,True,144.444,12128,0,2412,0.942306,142.9601710870377,0
False,7,15,0,True,144.444,12128,-44,2412,0.9423179999999999,142.9604481792717,0
False,7,15,0,True,144.444,12128,0,2412,0.9423320000000001,142.96072516803585,0
False,7,15,0,True,144.444,12128,0,2412,0.942346,142.96100205338809,0
False,7,15,0,True,144.444,12128,0,2412,0.9423590000000001,142.96127883538634,0
False,7,15,0,True,144.444,12128,0,2412,0.9423719999999999,142.96155551408845,0
False,7,15,0,True,144.444,12128,0,2412,0.9423860000000001,142.96183208955225,0
False,7,15,0,True,144.444,12128,0,2412,0.9423989999999999,142.96210856183546,0
False,7,15,0,True,144.444,12128,0,2412,0.9424119999999999,142.96238493099588,0
False,7,15,0,True,144.444,12128,-41,2412,0.942424,142.96266119709117,0
False,7,15,0,True,144.444,12128,-39,2412,0.9424389999999999,142.96293736017896,0
False,7,15,0,True,144.444,12128,-44,2412,0.94406,142.96321342031686,0
False,7,15,0,True,144.444,12128,-36,2412,0.944074,142.9634893775624,0
False,7,15,0,True,144.444,12128,0,2412,0.9440879999999999,142.96376523197316,0
False,7,15,0,True,144.444,12128,0,2412,0.944101,142.96404098360654,0
False,7,15,0,True,144.444,12128,0,2412,0.9441149999999999,142.96431663252002,0
False,7,15,0,True,144.444,12128,0,2412,0.944128,142.96459217877094,0
False,7,15,0,True,144.444,12128,-36,2412,0.944139,142.96486762241668,0
False,7,15,0,True,144.444,12128,0,2412,0.9441510000000001,142.96514296351452,0
False,7,15,0,True,144.444,12128,0,2412,0.944165,142.9654182021217,0
False,7,15,0,True,144.444,12128,-41,2412,0.944179,142.96569333829547,0
False,7,15,0,True,144.444,12128,-37,2412,0.944193,142.96596837209302,0
False,7,15,0,True,144.444,12128,-41,2412,0.944206,142.96624330357142,0
False,7,15,0,True,144.444,12128,0,2412,0.94422,142.9665181327878,0
False,7,15,0,True,144.444,12128,-44,2412,0.9442320000000001,142.96679285979917,0
False,7,15,0,True,144.444,12128,-42,2412,0.9442449999999999,142.96706748466258,0
False,7,15,0,True,144.444,12128,0,2412,0.9442579999999999,142.96734200743495,0
False,7,15,0,True,144.444,12128,0,2412,0.9442719999999999,142.9676164281732,0
False,7,15,0,True,144.444,12128,0,2412,0.944284,142.96789074693422,0
False,7,15,0,True,144.444,12128,-35,2412,0.9442959999999999,142.96816496377485,0
False,7,15,0,True,144.444,12128,-39,2412,0.944309,142.96843907875186,0
False,7,15,0,True,144.444,12128,0,2412,0.945253,142.96871309192198,0
False,7,15,0,True,144.444,12128,-41,2412,0.945269,142.968987003342,0
False,7,15,0,True,144.444,12128,0,2412,0.9452809999999999,142.96926081306847,0
False,7,15,0,True,144.444,12128,-36,2412,0.9452949999999999,142.96953452115812,0
False,7,15,0,True,144.444,12128,-43,2412,0.9453079999999999,142.96980812766745,0
False,7,15,0,True,144.444,12128,0,2412,0.945321,142.97008163265303,0
False,7,15,0,True,144.444,12128,0,2412,0.9453349999999999,142.97035503617138,0
False,7,15,0,True,144.444,12128,0,2412,0.9453489999999999,142.9706283382789,0
False,7,15,0,True,144.444,12128,-35,2412,0.945364,142.97090153903207,0
False,7,15,0,True,144.444,12128,0,2412,0.9453790000000001,142.97117463848718,0
False,7,15,0,True,144.444,12128,-37,2412,0.945393,142.97144763670065,0
False,7,15,0,True,144.444,12128,0,2412,0.9454049999999999,142.97172053372867,0
False,7,15,0,True,144.444,12128,0,2412,0.9454239999999999,142.97199332962757,0
False,7,15,0,True,144.444,12128,0,2412,0.9454379999999999,142.9722660244535,0
False,7,15,0,True,144.444,12128,0,2412,0.946317,142.97253861826263,0
False,7,15,0,True,144.444,12128,-35,2412,0.9463339999999999,142.9728111111111,0
False,7,15,0,True,144.444,12128,0,2412,0.9463480000000001,142.97308350305497,0
False,7,15,0,True,144.444,12128,-40,2412,0.9485229999999999,142.9733557941503,0
False,7,15,0,True,144.444,12128,0,2412,0.9485389999999999,142.97362798445306,0
False,7,15,0,True,144.444,12128,-39,2412,0.9485530000000001,142.97390007401924,0
False,7,15,0,True,144.444,12128,-44,2412,0.948656,142.9741720629047,0
False,7,15,0,True,144.444,12128,0,2412,0.9486720000000001,142.97444395116534,0
False,7,15,0,True,144.444,12128,0,2412,0.9486880000000001,142.97471573885701,0
False,7,15,0,True,144.444,12128,0,2412,0.948702,142.97498742603548,0
False,7,15,0,True,144.444,12128,0,2412,0.9487169999999999,142.9752590127565,0
False,7,15,0,True,144.444,12128,-39,2412,0.9487309999999999,142.97553049907577,0
False,7,15,0,True,144.444,12128,0,2412,0.9487439999999999,142.97580188504895,0
False,7,15,0,True,144.444,12128,0,2412,0.9487579999999999,142.9760731707317,0
False,7,15,0,True,144.444,12128,0,2412,0.948773,142.97634435617957,0
False,7,15,0,True,144.444,12128,-36,2412,0.948786,142.97661544144808,0
False,7,15,0,True,144.444,12128,-36,2412,0.9487979999999999,142.97688642659278,0
False,7,15,0,True,144.444,12128,0,2412,0.948811,142.97715731166912,0
False,7,15,0,True,144.444,12128,0,2412,0.948824,142.9774280967325,0
False,7,15,0,True,144.444,12128,0,2412,0.9488359999999999,142.9776987818383,0
False,7,15,0,True,144.444,12128,-36,2412,0.9488489999999999,142.97796936704188,0
False,7,15,0,True,144.444,12128,0,2412,0.9488629999999999,142.9782398523985,0
False,7,15,0,True,144.444,12128,0,2412,0.948878,142.97851023796346,0
False,7,15,0,True,144.444,12128,-44,2412,0.9488929999999999,142.97878052379195,0
False,7,15,0,True,144.444,12128,0,2412,0.9489070000000001,142.97905070993914,0
False,7,15,0,True,144.444,12128,-39,2412,0.9489199999999999,142.97932079646017,0
False,7,15,0,True,144.444,12128,0,2412,0.9513790000000001,142.97959078341012,0
False,7,15,0,True,144.444,12128,-35,2412,0.951393,142.97986067084406,0
False,7,15,0,True,144.444,12128,0,2412,0.9514060000000001,142.98013045881703,0
False,7,15,0,True,144.444,12128,-39,2412,0.95142,142.98040014738393,0
False,7,15,0,True,144.444,12128,0,2412,0.9514330000000001,142.98066973659974,0
False,7,15,0,True,144.444,12128,0,2412,0.9514459999999999,142.98093922651933,0
False,7,15,0,True,144.444,12128,-39,2412,0.9514589999999999,142.98120861719755,0
False,7,15,0,True,144.444,12128,-44,2412,0.9514710000000001,142.98147790868924,0
False,7,15,0,True,144.444,12128,-36,2412,0.9514839999999999,142.98174710104914,0
False,7,15,0,True,144.444,12128,-36,2412,0.9514969999999999,142.98201619433198,0
False,7,15,0,True,144.444,12128,0,2412,0.95151,142.98228518859244,0
False,7,15,0,True,144.444,12128,-41,2412,0.9515239999999999,142.9825540838852,0
False,7,15,0,True,144.444,12128,0,2412,0.9515379999999999,142.98282288026485,0
False,7,15,0,True,144.444,12128,0,2412,0.9515509999999999,142.98309157778593,0
False,7,15,0,True,144.444,12128,-43,2412,0.951564,142.98336017650303,0
False,7,15,0,True,144.444,12128,0,2412,0.9515790000000001,142.98362867647057,0
False,7,15,0,True,144.444,12128,-35,2412,0.951593,142.98389707774305,0
False,7,15,0,True,144.444,12128,0,2412,0.9516060000000001,142.98416538037486,0
False,7,15,0,True,144.444,12128,-37,2412,0.9532109999999999,142.98443358442034,0
False,7,15,0,True,144.444,12128,-40,2412,0.953229,142.98470168993384,0
False,7,15,0,True,144.444,12128,0,2412,0.953367,142.9849696969697,0
False,7,15,0,True,144.444,12128,0,2412,0.9533790000000001,142.98523760558209,0
False,7,15,0,True,144.444,12128,0,2412,0.953393,142.9855054158252,0
False,7,15,0,True,144.444,12128,0,2412,0.9534060000000001,142.98577312775328,0
False,7,15,0,True,144.444,12128,0,2412,0.953426,142.98604074142042,0
False,7,15,0,True,144.444,12128,0,2412,0.953437,142.9863082568807,0
False,7,15,0,True,144.444,12128,0,2412,0.9534489999999999,142.9865756741882,0
False,7,15,0,True,144.444,12128,0,2412,0.953459,142.98684299339692,0
False,7,15,0,True,144.444,12128,0,2412,0.9534710000000001,142.98711021456077,0
False,7,15,0,True,144.444,12128,-44,2412,0.953483,142.98737733773376,0
False,7,15,0,True,144.444,12128,-39,2412,0.9534980000000001,142.98764436296975,0
False,7,15,0,True,144.444,12128,0,2412,0.95351,142.98791129032256,0
False,7,15,0,True,144.444,12128,-36,2412,0.9535220000000001,142.98817811984605,0
False,7,15,0,True,144.444,12128,0,2412,0.953534,142.98844485159398,0
False,7,15,0,True,144.444,12128,0,2412,0.9535459999999999,142.98871148562006,0
False,7,15,0,True,144.444,12128,0,2412,0.953558,142.98897802197803,0
False,7,15,0,True,144.444,12128,-36,2412,0.9535699999999999,142.98924446072147,0
False,7,15,0,True,144.444,12128,-36,2412,0.9535859999999999,142.98951080190406,0
False,7,15,0,True,144.444,12128,0,2412,0.9535980000000001,142.98977704557933,0
False,7,15,0,True,144.444,12128,-40,2412,0.95361,142.99004319180088,0
False,7,15,0,True,144.444,12128,-42,2412,0.953745,142.9903092406221,0
False,7,15,0,True,144.444,12128,-40,2412,0.9537619999999999,142.9905751920966,0
False,7,15,0,True,144.444,12128,-44,2412,0.9537749999999999,142.99084104627767,0
False,7,15,0,True,144.444,12128,0,2412,0.954762,142.9911068032187,0
False,7,15,0,True,144.444,12128,0,2412,0.9547789999999999,142.99137246297312,0
False,7,15,0,True,144.444,12128,0,2412,0.9547929999999999,142.99163802559414,0
False,7,15,0,True,144.444,12128,-35,2412,0.9548070000000001,142.99190349113505,0
False,7,15,0,True,144.444,12128,-37,2412,0.9548199999999999,142.99216885964913,0
False,7,15,0,True,144.444,12128,0,2412,0.954832,142.99243413118947,0
False,7,15,0,True,144.444,12128,-39,2412,0.9548469999999999,142.99269930580925,0
False,7,15,0,True,144.444,12128,0,2412,0.954859,142.99296438356163,0
False,7,15,0,True,144.444,12128,-35,2412,0.954872,142.99322936449963,0
False,7,15,0,True,144.444,12128,-36,2412,0.954886,142.99349424867626,0
False,7,15,0,True,144.444,12128,-44,2412,0.9549,142.99375903614455,0
False,7,15,0,True,144.444,12128,-39,2412,0.954913,142.99402372695747,0
False,7,15,0,True,144.444,12128,0,2412,0.9549279999999999,142.99428832116786,0
False,7,15,0,True,144.444,12128,0,2412,0.955207,142.99455281882868,0
False,7,15,0,True,144.444,12128,-36,2412,0.957763,142.99481721999268,0
False,7,15,0,True,144.444,12128,-43,2412,0.9577809999999999,142.99508152471273,0
False,7,15,0,True,144.444,12128,-39,2412,0.9577939999999999,142.99534573304155,0
False,7,15,0,True,144.444,12128,-42,2412,0.9578909999999999,142.9956098450319,0
False,7,15,0,True,144.444,12128,0,2412,0.9579030000000001,142.9958738607364,0
False,7,15,0,True,144.444,12128,0,2412,0.957915,142.99613778020776,0
False,7,15,0,True,144.444,12128,-41,2412,0.9579270000000001,142.99640160349853,0
False,7,15,0,True,144.444,12128,0,2412,0.9579380000000001,142.9966653306613,0
False,7,15,0,True,144.444,12128,0,2412,0.9579509999999999,142.9969289617486,0
False,7,15,0,True,144.444,12128,-40,2412,0.957963,142.99719249681294,0
False,7,15,0,True,144.444,12128,-40,2412,0.9579749999999999,142.99745593590674,0
False,7,15,0,True,144.444,12128,0,2412,0.957987,142.99771927908245,0
False,7,15,0,True,144.444,12128,0,2412,0.9579989999999999,142.9979825263924,0
False,7,15,0,True,144.444,12128,0,2412,0.958012,142.99824567788897,0
False,7,15,0,True,144.444,12128,0,2412,0.9580239999999999,142.99850873362445,0
False,7,15,0,True,144.444,12128,0,2412,0.958036,142.99877169365107,0
False,7,15,0,True,144.444,12128,0,2412,0.9580479999999999,142.9990345580211,0
False,7,15,0,True,144.444,12128,0,2412,0.95806,142.99929732678666,0
False,7,15,0,True,144.444,12128,0,2412,0.9580719999999999,142.99955999999997,0
False,7,15,0,True,144.444,12128,-44,2412,0.958084,142.99982257771313,0
False,7,15,0,True,144.444,12128,0,2412,0.958096,143.00008505997818,0
False,7,15,0,True,144.444,12128,0,2412,0.9581080000000001,143.00034744684717,0
False,7,15,0,True,144.444,12128,-39,2412,0.95812,143.00060973837208,0
False,7,15,0,True,144.444,12128,0,2412,0.9603039999999999,143.0008719346049,0
False,7,15,0,True,144.444,12128,-44,2412,0.9603149999999999,143.00113403559752,0
False,7,15,0,True,144.444,12128,0,2412,0.9603259999999999,143.00139604140185,0
False,7,15,0,True,144.444,12128,0,2412,0.960336,143.0016579520697,0
False,7,15,0,True,144.444,12128,0,2412,0.960346,143.0019197676529,0
False,7,15,0,True,144.444,12128,-41,2412,0.9603559999999999,143.00218148820326,0
False,7,15,0,True,144.444,12128,0,2412,0.9603659999999999,143.00244311377244,0
False,7,15,0,True,144.444,12128,0,2412,0.960376,143.00270464441218,0
False,7,15,0,True,144.444,12128,-42,2412,0.9603860000000001,143.0029660801741,0
False,7,15,0,True,144.444,12128,0,2412,0.9603959999999999,143.0032274211099,0
False,7,15,0,True,144.444,12128,-44,2412,0.9604050000000001,143.00348866727106,0
False,7,15,0,True,144.444,12128,-40,2412,0.960414,143.0037498187092,0
False,7,15,0,True,144.444,12128,-35,2412,0.960427,143.00401087547579,0
False,7,15,0,True,144.444,12128,0,2412,0.960438,143.00427183762233,0
False,7,15,0,True,144.444,12128,0,2412,0.9604480000000001,143.0045327052002,0
False,7,15,0,True,144.444,12128,-39,2412,0.9604579999999999,143.00479347826086,0
False,7,15,0,True,144.444,12128,-39,2412,0.960468,143.00505415685564,0
False,7,15,0,True,144.444,12128,0,2412,0.9630029999999999,143.00531474103585,0
False,7,15,0,True,144.444,12128,-43,2412,0.963013,143.0055752308528,0
False,7,15,0,True,144.444,12128,-36,2412,0.9630230000000001,143.0058356263577,0
False,7,15,0,True,144.444,12128,-35,2412,0.9630340000000001,143.0060959276018,0
False,7,15,0,True,144.444,12128,-37,2412,0.9630489999999999,143.00635613463626,0
False,7,15,0,True,144.444,12128,-41,2412,0.963059,143.0066162475122,0
False,7,15,0,True,144.444,12128,-41,2412,0.9630690000000001,143.00687626628073,0
False,7,15,0,True,144.444,12128,0,2412,0.9630869999999999,143.00713619099295,0
False,7,15,0,True,144.444,12128,0,2412,0.963925,143.0073960216998,0
False,7,15,0,True,144.444,12128,0,2412,0.9639369999999999,143.00765575845236,0
False,7,15,0,True,144.444,12128,0,2412,0.9639460000000001,143.00791540130152,0
False,7,15,0,True,144.444,12128,0,2412,0.9698399999999999,143.00817495029818,0
False,7,15,0,True,144.444,12128,0,2412,0.969861,143.00843440549332,0
False,7,15,0,True,144.444,12128,-39,2412,0.9698760000000001,143.00869376693765,0
False,7,15,0,True,144.444,12128,0,2412,0.969933,143.00895303468207,0
False,7,15,0,True,144.444,12128,0,2412,0.969947,143.00921220877729,0
False,7,15,0,True,144.444,12128,-40,2412,0.969961,143.0094712892741,0
False,7,15,0,True,144.444,12128,-40,2412,0.9699730000000001,143.00973027622314,0
False,7,15,0,True,144.444,12128,0,2412,0.969987,143.00998916967507,0
False,7,15,0,True,144.444,12128,0,2412,0.9700019999999999,143.01024796968056,0
False,7,15,0,True,144.444,12128,0,2412,0.9700159999999999,143.01050667629013,0
False,7,15,0,True,144.444,12128,0,2412,0.9700300000000001,143.01076528955437,0
False,7,15,0,True,144.444,12128,0,2412,0.970042,143.0110238095238,0
False,7,15,0,True,144.444,12128,0,2412,0.9700559999999999,143.01128223624886,0
False,7,15,0,True,144.444,12128,-36,2412,0.970068,143.01154056978,0
False,7,15,0,True,144.444,12128,0,2412,0.970082,143.01179881016765,0
False,7,15,0,True,144.444,12128,-40,2412,0.970098,143.01205695746214,0
False,7,15,0,True,144.444,12128,0,2412,0.970265,143.0123150117138,0
False,7,15,0,True,144.444,12128,0,2412,0.9702799999999999,143.01257297297295,0
False,7,15,0,True,144.444,12128,0,2412,0.970295,143.01283084128985,0
False,7,15,0,True,144.444,12128,-44,2412,0.9703099999999999,143.0130886167147,0
False,7,15,0,True,144.444,12128,0,2412,0.9703240000000001,143.01334629929767,0
False,7,15,0,True,144.444,12128,0,2412,0.9703400000000001,143.01360388908893,0
False,7,15,0,True,144.444,12128,0,2412,0.970355,143.01386138613861,0
False,7,15,0,True,144.444,12128,-42,2412,0.9703689999999999,143.01411879049675,0
False,7,15,0,True,144.444,12128,-40,2412,0.970382,143.01437610221342,0
False,7,15,0,True,144.444,12128,-44,2412,0.970395,143.0146333213386,0
False,7,15,0,True,144.444,12128,-41,2412,0.970409,143.01489044792228,0
False,7,15,0,True,144.444,12128,0,2412,0.9704240000000001,143.01514748201436,0
False,7,15,0,True,144.444,12128,0,2412,0.9704389999999999,143.0154044236648,0
False,7,15,0,True,144.444,12128,0,2412,0.970454,143.0156612729234,0
False,7,15,0,True,144.444,12128,-37,2412,0.9704689999999999,143.01591802984,0
False,7,15,0,True,144.444,12128,-39,2412,0.9704829999999999,143.0161746944644,0
False,7,15,0,True,144.444,12128,0,2412,0.970497,143.01643126684635,0
False,7,15,0,True,144.444,12128,0,2412,0.970538,143.01668774703555,0
False,7,15,0,True,144.444,12128,-35,2412,0.9705560000000001,143.01694413508173,0
False,7,15,0,True,144.444,12128,-40,2412,0.9705719999999999,143.01720043103447,0
False,7,15,0,True,144.444,12128,-43,2412,0.970678,143.01745663494341,0
False,7,15,0,True,144.444,12128,0,2412,0.970692,143.01771274685817,0
False,7,15,0,True,144.444,12128,-35,2412,0.9707069999999999,143.0179687668282,0
False,7,15,0,True,144.444,12128,-41,2412,0.9707210000000001,143.01822469490307,0
False,7,15,0,True,144.444,12128,-41,2412,0.970735,143.0184805311322,0
False,7,15,0,True,144.444,12128,-37,2412,0.970749,143.01873627556512,0
False,7,15,0,True,144.444,12128,0,2412,0.9707629999999999,143.0189919282511,0
False,7,15,0,True,144.444,12128,0,2412,0.9707769999999999,143.01924748923958,0
False,7,15,0,True,144.444,12128,0,2412,0.9707910000000001,143.01950295857986,0
False,7,15,0,True,144.444,12128,0,2412,0.970805,143.01975833632125,0
False,7,15,0,True,144.444,12128,-36,2412,0.9708180000000001,143.02001362251298,0
False,7,15,0,True,144.444,12128,0,2412,0.970832,143.02026881720428,0
False,7,15,0,True,144.444,12128,0,2412,0.9708469999999999,143.02052392044436,0
False,7,15,0,True,144.444,12128,0,2412,0.9708610000000001,143.02077893228233,0
False,7,15,0,True,144.444,12128,0,2412,0.970875,143.02103385276732,0
False,7,15,0,True,144.444,12128,0,2412,0.9708880000000001,143.02128868194842,0
False,7,15,0,True,144.444,12128,-40,2412,0.970903,143.02154341987466,0
False,7,15,0,True,144.444,12128,0,2412,0.9727709999999999,143.02179806659504,0
False,7,15,0,True,144.444,12128,-36,2412,0.9727849999999999,143.02205262215858,0
False,7,15,0,True,144.444,12128,0,2412,0.9727979999999999,143.02230708661418,0
False,7,15,0,True,144.444,12128,0,2412,0.972813,143.02256146001073,0
False,7,15,0,True,144.444,12128,0,2412,0.9728279999999999,143.0228157423971,0
False,7,15,0,True,144.444,12128,0,2412,0.9728419999999999,143.0230699338222,0
False,7,15,0,True,144.444,12128,-39,2412,0.9728579999999999,143.02332403433476,0
False,7,15,0,True,144.444,12128,-34,2412,0.972873,143.02357804398355,0
False,7,15,0,True,144.444,12128,-41,2412,0.9728880000000001,143.0238319628173,0
False,7,15,0,True,144.444,12128,-41,2412,0.972902,143.0240857908847,0
False,7,15,0,True,144.444,12128,-42,2412,0.9729169999999999,143.02433952823444,0
False,7,15,0,True,144.444,12128,0,2412,0.972929,143.0245931749151,0
False,7,15,0,True,144.444,12128,0,2412,0.972943,143.02484673097536,0
False,7,15,0,True,144.444,12128,0,2412,0.9729549999999999,143.02510019646365,0
False,7,15,0,True,144.444,12128,0,2412,0.9729690000000001,143.02535357142855,0
False,7,15,0,True,144.444,12128,0,2412,0.9729819999999999,143.02560685591857,0
False,7,15,0,True,144.444,12128,-44,2412,0.9729960000000001,143.02586004998213,0
False,7,15,0,True,144.444,12128,0,2412,0.9730089999999999,143.02611315366767,0
False,7,15,0,True,144.444,12128,0,2412,0.973021,143.02636616702355,0
False,7,15,0,True,144.444,12128,-40,2412,0.973035,143.0266190900981,0
False,7,15,0,True,144.444,12128,0,2412,0.975601,143.0268719229397,0
False,7,15,0,True,144.444,12128,0,2412,0.9756159999999999,143.02712466559657,0
False,7,15,0,True,144.444,12128,-39,2412,0.9756299999999999,143.02737731811698,0
False,7,15,0,True,144.444,12128,0,2412,0.975642,143.0276298805491,0
False,7,15,0,True,144.444,12128,0,2412,0.9756569999999999,143.02788235294116,0
False,7,15,0,True,144.444,12128,0,2412,0.975672,143.02813473534127,0
False,7,15,0,True,144.444,12128,-36,2412,0.975685,143.02838702779755,0
False,7,15,0,True,144.444,12128,-36,2412,0.9756980000000001,143.0286392303581,0
False,7,15,0,True,144.444,12128,0,2412,0.975712,143.02889134307088,0
False,7,15,0,True,144.444,12128,0,2412,0.975726,143.02914336598397,0
False,7,15,0,True,144.444,12128,0,2412,0.975739,143.02939529914528,0
False,7,15,0,True,144.444,12128,0,2412,0.975753,143.02964714260278,0
False,7,15,0,True,144.444,12128,-35,2412,0.9757669999999999,143.0298988964044,0
False,7,15,0,True,144.444,12128,-44,2412,0.9757809999999999,143.03015056059795,0
False,7,15,0,True,144.444,12128,0,2412,0.9757939999999999,143.0304021352313,0
False,7,15,0,True,144.444,12128,0,2412,0.9758079999999999,143.03065362035224,0
False,7,15,0,True,144.444,12128,-36,2412,0.975823,143.03090501600852,0
False,7,15,0,True,144.444,12128,0,2412,0.975864,143.03115632224788,0
False,7,15,0,True,144.444,12128,0,2412,0.975879,143.03140753911805,0
False,7,15,0,True,144.444,12128,-39,2412,0.9758939999999999,143.03165866666666,0
False,7,15,0,True,144.444,12128,-41,2412,0.9759619999999999,143.03190970494134,0
False,7,15,0,True,144.444,12128,-42,2412,0.9759760000000001,143.03216065398968,0
False,7,15,0,True,144.444,12128,0,2412,0.9759909999999999,143.03241151385927,0
False,7,15,0,True,144.444,12128,0,2412,0.976006,143.03266228459762,0
False,7,15,0,True,144.444,12128,0,2412,0.9760190000000001,143.0329129662522,0
False,7,15,0,True,144.444,12128,0,2412,0.9760380000000001,143.0331635588705,0
False,7,15,0,True,144.444,12128,0,2412,0.976052,143.0334140625,0
False,7,15,0,True,144.444,12128,-37,2412,0.9760650000000001,143.03366447718798,0
False,7,15,0,True,144.444,12128,0,2412,0.9760779999999999,143.03391480298188,0
False,7,15,0,True,144.444,12128,-39,2412,0.977207,143.034165039929,0
False,7,15,0,True,144.444,12128,0,2412,0.977224,143.03441518807662,0
False,7,15,0,True,144.444,12128,-36,2412,0.9772390000000001,143.03466524747205,0
False,7,15,0,True,144.444,12128,0,2412,0.977253,143.03491521816247,0
False,7,15,0,True,144.444,12128,0,2412,0.9772660000000001,143.03516510019506,0
False,7,15,0,True,144.444,12128,0,2412,0.97728,143.035414893617,0
False,7,15,0,True,144.444,12128,0,2412,0.9778870000000001,143.03566459847545,0
False,7,15,0,True,144.444,12128,-36,2412,0.977899,143.03591421481744,0
False,7,15,0,True,144.444,12128,-39,2412,0.9779129999999999,143.03616374269004,0
False,7,15,0,True,144.444,12128,0,2412,0.977926,143.0364131821403,0
False,7,15,0,True,144.444,12128,-40,2412,0.9779380000000001,143.03666253321524,0
False,7,15,0,True,144.444,12128,-35,2412,0.9803209999999999,143.03691179596171,0
False,7,15,0,True,144.444,12128,-40,2412,0.9803339999999999,143.03716097042678,0
False,7,15,0,True,144.444,12128,-44,2412,0.980347,143.03741005665722,0
False,7,15,0,True,144.444,12128,0,2412,0.9803609999999999,143.03765905469993,0
False,7,15,0,True,144.444,12128,-35,2412,0.9803749999999999,143.03790796460177,0
False,7,15,0,True,144.444,12128,0,2412,0.9803890000000001,143.03815678640947,0
False,7,15,0,True,144.444,12128,0,2412,0.980403,143.03840552016985,0
False,7,15,0,True,144.444,12128,-39,2412,0.9804160000000001,143.0386541659296,0
False,7,15,0,True,144.444,12128,0,2412,0.9804289999999999,143.0389027237354,0
False,7,15,0,True,144.444,12128,0,2412,0.9804400000000001,143.03915119363396,0
False,7,15,0,True,144.444,12128,0,2412,0.980454,143.03939957567184,0
False,7,15,0,True,144.444,12128,-36,2412,0.9804670000000001,143.03964786989567,0
False,7,15,0,True,144.444,12128,0,2412,0.9804799999999999,143.03989607635205,0
False,7,15,0,True,144.444,12128,0,2412,0.9804940000000001,143.04014419508746,0
False,7,15,0,True,144.444,12128,0,2412,0.980509,143.0403922261484,0
False,7,15,0,True,144.444,12128,0,2412,0.980522,143.04064016958134,0
False,7,15,0,True,144.444,12128,0,2412,0.980536,143.04088802543268,0
False,7,15,0,True,144.444,12128,0,2412,0.9805769999999999,143.04113579374888,0
False,7,15,0,True,144.444,12128,-36,2412,0.980592,143.04138347457626,0
False,7,15,0,True,144.444,12128,-41,2412,0.980606,143.04163106796116,0
False,7,15,0,True,144.444,12128,0,2412,0.98077,143.04187857394984,0
False,7,15,0,True,144.444,12128,0,2412,0.9807849999999999,143.04212599258867,0
False,7,15,0,True,144.444,12128,-42,2412,0.980798,143.04237332392375,0
False,7,15,0,True,144.444,12128,0,2412,0.980811,143.04262056800138,0
False,7,15,0,True,144.444,12128,-41,2412,0.980825,143.0428677248677,0
False,7,15,0,True,144.444,12128,0,2412,0.980838,143.04311479456885,0
False,7,15,0,True,144.444,12128,-37,2412,0.9808560000000001,143.0433617771509,0
False,7,15,0,True,144.444,12128,0,2412,0.9808709999999999,143.04360867265996,0
False,7,15,0,True,144.444,12128,0,2412,0.980887,143.04385548114206,0
False,7,15,0,True,144.444,12128,-39,2412,0.9809,143.04410220264316,0
False,7,15,0,True,144.444,12128,0,2412,0.980913,143.0443488372093,0
False,7,15,0,True,144.444,12128,0,2412,0.980927,143.04459538488638,0
False,7,15,0,True,144.444,12128,-36,2412,0.9817159999999999,143.04484184572033,0
False,7,15,0,True,144.444,12128,-36,2412,0.9817330000000001,143.045088219757,0
False,7,15,0,True,144.444,12128,0,2412,0.9817459999999999,143.04533450704224,0
False,7,15,0,True,144.444,12128,0,2412,0.981761,143.0455807076219,0
False,7,15,0,True,144.444,12128,-41,2412,0.981774,143.0458268215417,0
False,7,15,0,True,144.444,12128,0,2412,0.983612,143.04607284884742,0
False,7,15,0,True,144.444,12128,-34,2412,0.9836299999999999,143.04631878958477,0
False,7,15,0,True,144.444,12128,-39,2412,0.9836440000000001,143.04656464379946,0
False,7,15,0,True,144.444,12128,-44,2412,0.98379,143.0468104115371,0
False,7,15,0,True,144.444,12128,-40,2412,0.9838049999999999,143.04705609284332,0
False,7,15,0,True,144.444,12128,-42,2412,0.983817,143.0473016877637,0
False,7,15,0,True,144.444,12128,-35,2412,0.9838300000000001,143.0475471963438,0
False,7,15,0,True,144.444,12128,-44,2412,0.983845,143.04779261862916,0
False,7,15,0,True,144.444,12128,-41,2412,0.9838589999999999,143.04803795466526,0
False,7,15,0,True,144.444,12128,0,2412,0.9838729999999999,143.04828320449752,0
False,7,15,0,True,144.444,12128,-44,2412,0.9838859999999999,143.04852836817142,0
False,7,15,0,True,144.444,12128,-35,2412,0.983899,143.04877344573234,0
False,7,15,0,True,144.444,12128,-40,2412,0.9839129999999999,143.04901843722564,0
False,7,15,0,True,144.444,12128,-39,2412,0.9839269999999999,143.0492633426966,0
False,7,15,0,True,144.444,12128,0,2412,0.9839410000000001,143.04950816219062,0
False,7,15,0,True,144.444,12128,0,2412,0.983955,143.04975289575287,0
False,7,15,0,True,144.444,12128,0,2412,0.9839669999999999,143.04999754342867,0
False,7,15,0,True,144.444,12128,-36,2412,0.983982,143.05024210526315,0
False,7,15,0,True,144.444,12128,0,2412,0.9839950000000001,143.05048658130153,0
False,7,15,0,True,144.444,12128,0,2412,0.9840099999999999,143.0507309715889,0
False,7,15,0,True,144.444,12128,-40,2412,0.9840239999999999,143.05097527617042,0
False,7,15,0,True,144.444,12128,0,2412,0.984087,143.05121949509115,0
False,7,15,0,True,144.444,12128,0,2412,0.9848100000000001,143.05146362839614,0
False,7,15,0,True,144.444,12128,-44,2412,0.984827,143.05170767613038,0
False,7,15,0,True,144.444,12128,0,2412,0.9848419999999999,143.05195163833886,0
False,7,15,0,True,144.444,12128,0,2412,0.9848560000000001,143.05219551506656,0
False,7,15,0,True,144.444,12128,-35,2412,0.98487,143.05243930635837,0
False,7,15,0,True,144.444,12128,-36,2412,0.9848830000000001,143.05268301225917,0
False,7,15,0,True,144.444,12128,0,2412,0.984897,143.05292663281386,0
False,7,15,0,True,144.444,12128,0,2412,0.984908,143.05317016806723,0
False,7,15,0,True,144.444,12128,-36,2412,0.984927,143.05341361806407,0
False,7,15,0,True,144.444,12128,-41,2412,0.98494,143.05365698284913,0
False,7,15,0,True,144.444,12128,0,2412,0.986101,143.05390026246718,0
False,7,15,0,True,144.444,12128,0,2412,0.9861190000000001,143.0541434569629,0
False,7,15,0,True,144.444,12128,0,2412,0.986134,143.05438656638097,0
False,7,15,0,True,144.444,12128,0,2412,0.9861479999999999,143.05462959076598,0
False,7,15,0,True,144.444,12128,-40,2412,0.986163,143.0548725301626,0
False,7,15,0,True,144.444,12128,0,2412,0.986203,143.0551153846154,0
False,7,15,0,True,144.444,12128,0,2412,0.9862160000000001,143.05535815416883,0
False,7,15,0,True,144.444,12128,-42,2412,0.986228,143.05560083886752,0
False,7,15,0,True,144.444,12128,0,2412,0.986241,143.0558434387559,0
False,7,15,0,True,144.444,12128,-37,2412,0.986255,143.0560859538784,0
False,7,15,0,True,144.444,12128,-39,2412,0.986276,143.05632838427948,0
False,7,15,0,True,144.444,12128,0,2412,0.9862920000000001,143.0565707300035,0
False,7,15,0,True,144.444,12128,0,2412,0.98757,143.0568129910948,0
False,7,15,0,True,144.444,12128,-36,2412,0.987586,143.05705516759775,0
False,7,15,0,True,144.444,12128,0,2412,0.9876010000000001,143.05729725955663,0
False,7,15,0,True,144.444,12128,0,2412,0.987615,143.0575392670157,0
False,7,15,0,True,144.444,12128,-36,2412,0.9876280000000001,143.05778119001917,0
False,7,15,0,True,144.444,12128,0,2412,0.987642,143.0580230286113,0
False,7,15,0,True,144.444,12128,-41,2412,0.9876550000000001,143.0582647828362,0
False,7,15,0,True,144.444,12128,-40,2412,0.9876679999999999,143.05850645273804,0
False,7,15,0,True,144.444,12128,-34,2412,0.9877250000000001,143.05874803836093,0
False,7,15,0,True,144.444,12128,0,2412,0.9877379999999999,143.05898953974895,0
False,7,15,0,True,144.444,12128,-41,2412,0.9877520000000001,143.05923095694612,0
False,7,15,0,True,144.444,12128,0,2412,0.987764,143.0594722899965,0
False,7,15,0,True,144.444,12128,0,2412,0.987783,143.05971353894407,0
False,7,15,0,True,144.444,12128,-36,2412,0.9877950000000001,143.05995470383274,0
False,7,15,0,True,144.444,12128,0,2412,0.989375,143.06019578470648,0
False,7,15,0,True,144.444,12128,-35,2412,0.9893930000000001,143.06043678160918,0
False,7,15,0,True,144.444,12128,0,2412,0.9894059999999999,143.06067769458468,0
False,7,15,0,True,144.444,12128,-41,2412,0.9894200000000001,143.06091852367686,0
False,7,15,0,True,144.444,12128,-40,2412,0.989434,143.0611592689295,0
False,7,15,0,True,144.444,12128,-44,2412,0.9894470000000001,143.06139993038636,0
False,7,15,0,True,144.444,12128,-42,2412,0.989459,143.06164050809116,0
False,7,15,0,True,144.444,12128,-41,2412,0.9894709999999999,143.06188100208766,0
False,7,15,0,True,144.444,12128,-44,2412,0.9894839999999999,143.06212141241954,0
False,7,15,0,True,144.444,12128,-35,2412,0.9894979999999999,143.06236173913044,0
False,7,15,0,True,144.444,12128,-39,2412,0.9895120000000001,143.06260198226394,0
False,7,15,0,True,144.444,12128,0,2412,0.9900380000000001,143.06284214186368,0
False,7,15,0,True,144.444,12128,0,2412,0.990052,143.0630822179732,0
False,7,15,0,True,144.444,12128,0,2412,0.9900650000000001,143.06332221063607,0
False,7,15,0,True,144.444,12128,-36,2412,0.990087,143.06356211989575,0
False,7,15,0,True,144.444,12128,-39,2412,0.9901000000000001,143.0638019457957,0
False,7,15,0,True,144.444,12128,0,2412,0.9901159999999999,143.06404168837935,0
False,7,15,0,True,144.444,12128,0,2412,0.9901289999999999,143.06428134769016,0
False,7,15,0,True,144.444,12128,0,2412,0.9901399999999999,143.06452092377148,0
False,7,15,0,True,144.444,12128,-39,2412,0.9914359999999999,143.06476041666664,0
False,7,15,0,True,144.444,12128,0,2412,0.991454,143.064999826419,0
False,7,15,0,True,144.444,12128,-36,2412,0.991467,143.06523915307184,0
False,7,15,0,True,144.444,12128,-41,2412,0.99148,143.0654783966684,0
False,7,15,0,True,144.444,12128,0,2412,0.9914919999999999,143.0657175572519,0
False,7,15,0,True,144.444,12128,-41,2412,0.991504,143.06595663486556,0
False,7,15,0,True,144.444,12128,-36,2412,0.9915170000000001,143.06619562955254,0
False,7,15,0,True,144.444,12128,0,2412,0.991529,143.066434541356,0
False,7,15,0,True,144.444,12128,0,2412,0.9915440000000001,143.066673370319,0
False,7,15,0,True,144.444,12128,-34,2412,0.9915569999999999,143.06691211648464,0
False,7,15,0,True,144.444,12128,-41,2412,0.99157,143.067150779896,0
False,7,15,0,True,144.444,12128,-39,2412,0.991583,143.06738936059608,0
False,7,15,0,True,144.444,12128,0,2412,0.992727,143.06762785862784,0
False,7,15,0,True,144.444,12128,0,2412,0.9927400000000001,143.0678662740343,0
False,7,15,0,True,144.444,12128,-41,2412,0.992751,143.06810460685833,0
False,7,15,0,True,144.444,12128,0,2412,0.9927640000000001,143.06834285714285,0
False,7,15,0,True,144.444,12128,0,2412,0.9927799999999999,143.06858102493075,0
False,7,15,0,True,144.444,12128,0,2412,0.992792,143.06881911026483,0
False,7,15,0,True,144.444,12128,-35,2412,0.9928039999999999,143.06905711318794,0
False,7,15,0,True,144.444,12128,-40,2412,0.992817,143.06929503374286,0
False,7,15,0,True,144.444,12128,0,2412,0.9928290000000001,143.0695328719723,0
False,7,15,0,True,144.444,12128,-42,2412,0.992846,143.06977062791904,0
False,7,15,0,True,144.444,12128,0,2412,0.992859,143.07000830162573,0
False,7,15,0,True,144.444,12128,0,2412,0.9928720000000001,143.07024589313502,0
False,7,15,0,True,144.444,12128,-43,2412,0.9928830000000001,143.07048340248963,0
False,7,15,0,True,144.444,12128,0,2412,0.9928959999999999,143.07072082973204,0
False,7,15,0,True,144.444,12128,0,2412,0.9937060000000001,143.07095817490492,0
False,7,15,0,True,144.444,12128,0,2412,0.9937219999999999,143.07119543805078,0
False,7,15,0,True,144.444,12128,0,2412,0.993734,143.07143261921215,0
False,7,15,0,True,144.444,12128,-39,2412,0.993747,143.0716697184315,0
False,7,15,0,True,144.444,12128,0,2412,0.9937600000000001,143.0719067357513,0
False,7,15,0,True,144.444,12128,-40,2412,0.993772,143.07214367121395,0
False,7,15,0,True,144.444,12128,-37,2412,0.9952580000000001,143.07238052486187,0
False,7,15,0,True,144.444,12128,0,2412,0.9952709999999999,143.07261729673743,0
False,7,15,0,True,144.444,12128,0,2412,0.9952850000000001,143.072853986883,0
False,7,15,0,True,144.444,12128,0,2412,0.995297,143.0730905953408,0
False,7,15,0,True,144.444,12128,0,2412,0.9953120000000001,143.07332712215322,0
False,7,15,0,True,144.444,12128,0,2412,0.9953249999999999,143.0735635673624,0
False,7,15,0,True,144.444,12128,0,2412,0.995338,143.07379993101068,0
False,7,15,0,True,144.444,12128,0,2412,0.9953519999999999,143.07403621314018,0
False,7,15,0,True,144.444,12128,0,2412,0.9953649999999999,143.0742724137931,0
False,7,15,0,True,144.444,12128,-39,2412,0.9953930000000001,143.07450853301154,0
False,7,15,0,True,144.444,12128,-36,2412,0.9954059999999999,143.07474457083762,0
False,7,15,0,True,144.444,12128,0,2412,0.9954189999999999,143.07498052731344,0
False,7,15,0,True,144.444,12128,0,2412,0.995432,143.07521640248103,0
False,7,15,0,True,144.444,12128,0,2412,0.995445,143.0754521963824,0
False,7,15,0,True,144.444,12128,0,2412,0.9975470000000001,143.07568790905958,0
False,7,15,0,True,144.444,12128,-42,2412,0.997564,143.0759235405545,0
False,7,15,0,True,144.444,12128,-41,2412,0.997577,143.07615909090907,0
False,7,15,0,True,144.444,12128,0,2412,0.9977729999999999,143.07639456016526,0
False,7,15,0,True,144.444,12128,-35,2412,0.9977870000000001,143.07662994836488,0
False,7,15,0,True,144.444,12128,0,2412,0.9977999999999999,143.07686525554982,0
False,7,15,0,True,144.444,12128,-41,2412,0.997813,143.07710048176187,0
False,7,15,0,True,144.444,12128,-36,2412,0.997828,143.07733562704283,0
False,7,15,0,True,144.444,12128,-35,2412,0.9978410000000001,143.07757069143446,0
False,7,15,0,True,144.444,12128,-36,2412,0.9978539999999999,143.0778056749785,0
False,7,15,0,True,144.444,12128,-36,2412,0.9978680000000001,143.07804057771662,0
False,7,15,0,True,144.444,12128,0,2412,0.997882,143.07827539969054,0
False,7,15,0,True,144.444,12128,-37,2412,0.997896,143.0785101409419,0
False,7,15,0,True,144.444,12128,0,2412,0.99791,143.07874480151227,0
False,7,15,0,True,144.444,12128,0,2412,0.9979239999999999,143.0789793814433,0
False,7,15,0,True,144.444,12128,-40,2412,0.997937,143.07921388077648,0
False,7,15,0,True,144.444,12128,-41,2412,0.997948,143.0794482995534,0
False,7,15,0,True,144.444,12128,0,2412,0.9979619999999999,143.07968263781555,0
False,7,15,0,True,144.444,12128,0,2412,0.9979760000000001,143.07991689560438,0
False,7,15,0,True,144.444,12128,-44,2412,0.99799,143.08015107296137,0
False,7,15,0,True,144.444,12128,-35,2412,0.9980030000000001,143.0803851699279,0
False,7,15,0,True,144.444,12128,0,2412,0.9990519999999999,143.0806191865454,0
False,7,15,0,True,144.444,12128,-39,2412,0.9990689999999999,143.08085312285516,0
False,7,15,0,True,144.444,12128,-39,2412,0.999391,143.08108697889858,0
False,7,15,0,True,144.444,12128,0,2412,0.9994040000000001,143.08132075471698,0
False,7,15,0,True,144.444,12128,0,2412,0.9994169999999999,143.08155445035158,0
False,7,15,0,True,144.444,12128,0,2412,0.9994299999999999,143.08178806584363,0
False,7,15,0,True,144.444,12128,0,2412,0.999443,143.08202160123435,0
False,7,15,0,True,144.444,12128,0,2412,0.999456,143.08225505656495,0
False,7,15,0,True,144.444,12128,0,2412,0.99947,143.08248843187658,0
False,7,15,0,True,144.444,12128,-36,2412,0.9994839999999999,143.0827217272104,0
False,7,15,0,True,144.444,12128,0,2412,0.999497,143.0829549426075,0
False,7,15,0,True,144.444,12128,-35,2412,0.999515,143.08318807810892,0
False,7,15,0,True,144.444,12128,-39,2412,0.9995299999999999,143.08342113375576,0
False,7,15,0,True,144.444,12128,0,2412,0.999545,143.08365410958905,0
False,7,15,0,True,144.444,12128,-36,2412,0.999559,143.0838870056497,0
False,7,15,0,True,144.444,12128,-41,2412,1.000166,143.08411982197876,0
False,7,15,0,True,144.444,12128,-42,2412,1.000184,143.08435255861713,0
False,7,15,0,True,144.444,12128,-44,2412,1.000197,143.08458521560573,0
False,7,15,0,True,144.444,12128,0,2412,1.00021,143.08481779298546,0
False,7,15,0,True,144.444,12128,-39,2412,1.002485,143.0850502907971,0
False,7,15,0,True,144.444,12128,0,2412,1.0025019999999998,143.08528270908158,0
False,7,15,0,True,144.444,12128,-40,2412,1.002516,143.0855150478796,0
False,7,15,0,True,144.444,12128,0,2412,1.0025659999999998,143.085747307232,0
False,7,15,0,True,144.444,12128,0,2412,1.0025789999999999,143.0859794871795,0
False,7,15,0,True,144.444,12128,-35,2412,1.002592,143.08621158776276,0
False,7,15,0,True,144.444,12128,0,2412,1.0026039999999998,143.08644360902255,0
False,7,15,0,True,144.444,12128,0,2412,1.0026169999999999,143.08667555099947,0
False,7,15,0,True,144.444,12128,-36,2412,1.0026289999999998,143.0869074137342,0
False,7,15,0,True,144.444,12128,-35,2412,1.002643,143.08713919726728,0
False,7,15,0,True,144.444,12128,-36,2412,1.0026570000000001,143.08737090163933,0
False,7,15,0,True,144.444,12128,-41,2412,1.0026700000000002,143.0876025268909,0
False,7,15,0,True,144.444,12128,0,2412,1.002684,143.08783407306245,0
False,7,15,0,True,144.444,12128,-37,2412,1.002697,143.08806554019458,0
False,7,15,0,True,144.444,12128,0,2412,1.00271,143.08829692832765,0
False,7,15,0,True,144.444,12128,-40,2412,1.0027240000000002,143.08852823750212,0
False,7,15,0,True,144.444,12128,0,2412,1.002736,143.08875946775845,0
False,7,15,0,True,144.444,12128,0,2412,1.002748,143.08899061913695,0
False,7,15,0,True,144.444,12128,0,2412,1.002761,143.08922169167803,0
False,7,15,0,True,144.444,12128,-41,2412,1.0027750000000002,143.08945268542197,0
False,7,15,0,True,144.444,12128,-36,2412,1.002789,143.08968360040913,0
False,7,15,0,True,144.444,12128,0,2412,1.0028039999999998,143.08991443667972,0
False,7,15,0,True,144.444,12128,-39,2412,1.0028190000000001,143.09014519427402,0
False,7,15,0,True,144.444,12128,-44,2412,1.00536,143.09037587323223,0
False,7,15,0,True,144.444,12128,-42,2412,1.005373,143.09060647359453,0
False,7,15,0,True,144.444,12128,-41,2412,1.005388,143.0908369954011,0
False,7,15,0,True,144.444,12128,0,2412,1.0054020000000001,143.09106743869208,0
False,7,15,0,True,144.444,12128,0,2412,1.005414,143.09129780350756,0
False,7,15,0,True,144.444,12128,0,2412,1.005426,143.09152808988762,0
False,7,15,0,True,144.444,12128,-44,2412,1.0054409999999998,143.09175829787233,0
False,7,15,0,True,144.444,12128,0,2412,1.0054530000000002,143.0919884275017,0
False,7,15,0,True,144.444,12128,0,2412,1.0054669999999999,143.0922184788157,0
False,7,15,0,True,144.444,12128,-37,2412,1.005481,143.09244845185435,0
False,7,15,0,True,144.444,12128,0,2412,1.005494,143.09267834665758,0
False,7,15,0,True,144.444,12128,0,2412,1.0066229999999998,143.0929081632653,0
False,7,15,0,True,144.444,12128,0,2412,1.0066419999999998,143.0931379017174,0
False,7,15,0,True,144.444,12128,0,2412,1.0066549999999999,143.09336756205371,0
False,7,15,0,True,144.444,12128,0,2412,1.006669,143.09359714431412,0
False,7,15,0,True,144.444,12128,-39,2412,1.006681,143.0938266485384,0
False,7,15,0,True,144.444,12128,0,2412,1.0067309999999998,143.09405607476634,0
False,7,15,0,True,144.444,12128,-39,2412,1.006745,143.0942854230377,0
False,7,15,0,True,144.444,12128,0,2412,1.0067590000000002,143.0945146933922,0
False,7,15,0,True,144.444,12128,0,2412,1.0067719999999998,143.09474388586955,0
False,7,15,0,True,144.444,12128,0,2412,1.0067849999999998,143.0949730005094,0
False,7,15,0,True,144.444,12128,0,2412,1.0067979999999999,143.0952020373514,0
False,7,15,0,True,144.444,12128,-36,2412,1.0068100000000002,143.09543099643523,0
False,7,15,0,True,144.444,12128,0,2412,1.007841,143.0956598778004,0
False,7,15,0,True,144.444,12128,0,2412,1.0078580000000001,143.0958886814865,0
False,7,15,0,True,144.444,12128,-36,2412,1.00787,143.0961174075331,0
False,7,15,0,True,144.444,12128,0,2412,1.007883,143.09634605597964,0
False,7,15,0,True,144.444,12128,-39,2412,1.0078960000000001,143.09657462686567,0
False,7,15,0,True,144.444,12128,-35,2412,1.0079069999999999,143.09680312023062,0
False,7,15,0,True,144.444,12128,0,2412,1.0104760000000002,143.09703153611392,0
False,7,15,0,True,144.444,12128,-44,2412,1.0104920000000002,143.097259874555,0
False,7,15,0,True,144.444,12128,-40,2412,1.010506,143.0974881355932,0
False,7,15,0,True,144.444,12128,-41,2412,1.010558,143.0977163192679,0
False,7,15,0,True,144.444,12128,-36,2412,1.01057,143.0979444256184,0
False,7,15,0,True,144.444,12128,0,2412,1.0105840000000001,143.09817245468406,0
False,7,15,0,True,144.444,12128,-35,2412,1.010596,143.09840040650406,0
False,7,15,0,True,144.444,12128,0,2412,1.010609,143.0986282811177,0
False,7,15,0,True,144.444,12128,0,2412,1.0106229999999998,143.09885607856415,0
False,7,15,0,True,144.444,12128,-39,2412,1.010637,143.09908379888267,0
False,7,15,0,True,144.444,12128,-35,2412,1.01065,143.0993114421124,0
False,7,15,0,True,144.444,12128,-36,2412,1.010662,143.09953900829242,0
False,7,15,0,True,144.444,12128,-41,2412,1.0106739999999999,143.0997664974619,0
False,7,15,0,True,144.444,12128,-36,2412,1.0106890000000002,143.09999390965996,0
False,7,15,0,True,144.444,12128,0,2412,1.010703,143.10022124492556,0
False,7,15,0,True,144.444,12128,-37,2412,1.010716,143.10044850329783,0
False,7,15,0,True,144.444,12128,0,2412,1.010729,143.10067568481568,0
False,7,15,0,True,144.444,12128,0,2412,1.010741,143.10090278951816,0
False,7,15,0,True,144.444,12128,0,2412,1.0107529999999998,143.10112981744422,0
False,7,15,0,True,144.444,12128,-39,2412,1.010767,143.10135676863274,0
False,7,15,0,True,144.444,12128,0,2412,1.0116809999999998,143.10158364312267,0
False,7,15,0,True,144.444,12128,0,2412,1.011695,143.10181044095285,0
False,7,15,0,True,144.444,12128,0,2412,1.0119340000000001,143.10203716216213,0
False,7,15,0,True,144.444,12128,-39,2412,1.0119509999999998,143.10226380678938,0
False,7,15,0,True,144.444,12128,0,2412,1.011965,143.10249037487333,0
False,7,15,0,True,144.444,12128,0,2412,1.0119799999999999,143.1027168664528,0
False,7,15,0,True,144.444,12128,-43,2412,1.0137010000000002,143.1029432815665,0
False,7,15,0,True,144.444,12128,0,2412,1.0141680000000002,143.10316962025317,0
False,7,15,0,True,144.444,12128,0,2412,1.014182,143.10339588255147,0
False,7,15,0,True,144.444,12128,-42,2412,1.0141930000000001,143.10362206850007,0
False,7,15,0,True,144.444,12128,0,2412,1.014208,143.10384817813764,0
False,7,15,0,True,144.444,12128,-40,2412,1.014221,143.10407421150276,0
False,7,15,0,True,144.444,12128,0,2412,1.014234,143.10430016863407,0
False,7,15,0,True,144.444,12128,0,2412,1.0142479999999998,143.10452604957004,0
False,7,15,0,True,144.444,12128,0,2412,1.014262,143.10475185434927,0
False,7,15,0,True,144.444,12128,0,2412,1.0142760000000002,143.10497758301025,0
False,7,15,0,True,144.444,12128,0,2412,1.0142889999999998,143.1052032355915,0
False,7,15,0,True,144.444,12128,0,2412,1.0147689999999998,143.1054288121314,0
False,7,15,0,True,144.444,12128,0,2412,1.014787,143.10565431266846,0
False,7,15,0,True,144.444,12128,-40,2412,1.014802,143.10587973724103,0
False,7,15,0,True,144.444,12128,0,2412,1.0150860000000002,143.1061050858875,0
False,7,15,0,True,144.444,12128,-40,2412,1.0150990000000002,143.1063303586462,0
False,7,15,0,True,144.444,12128,-42,2412,1.015114,143.10655555555553,0
False,7,15,0,True,144.444,12128,-41,2412,1.015126,143.10678067665376,0
False,7,15,0,True,144.444,12128,0,2412,1.015139,143.1070057219791,0
False,7,15,0,True,144.444,12128,-35,2412,1.015151,143.1072306915699,0
False,7,15,0,True,144.444,12128,-44,2412,1.015164,143.10745558546432,0
False,7,15,0,True,144.444,12128,-44,2412,1.015177,143.10768040370058,0
False,7,15,0,True,144.444,12128,-36,2412,1.015189,143.10790514631685,0
False,7,15,0,True,144.444,12128,-41,2412,1.015203,143.10812981335124,0
False,7,15,0,True,144.444,12128,0,2412,1.015221,143.10835440484195,0
False,7,15,0,True,144.444,12128,0,2412,1.015234,143.108578920827,0
False,7,15,0,True,144.444,12128,0,2412,1.0159729999999998,143.10880336134454,0
False,7,15,0,True,144.444,12128,-34,2412,1.01599,143.10902772643252,0
False,7,15,0,True,144.444,12128,0,2412,1.0160040000000001,143.109252016129,0
False,7,15,0,True,144.444,12128,-40,2412,1.016016,143.109476230472,0
False,7,15,0,True,144.444,12128,0,2412,1.0184790000000001,143.10970036949948,0
False,7,15,0,True,144.444,12128,0,2412,1.0184920000000002,143.10992443324935,0
False,7,15,0,True,144.444,12128,-43,2412,1.018504,143.11014842175956,0
False,7,15,0,True,144.444,12128,-39,2412,1.0185170000000001,143.11037233506798,0
False,7,15,0,True,144.444,12128,0,2412,1.0185300000000002,143.11059617321246,0
False,7,15,0,True,144.444,12128,-42,2412,1.0185430000000002,143.1108199362309,0
False,7,15,0,True,144.444,12128,0,2412,1.018555,143.11104362416106,0
False,7,15,0,True,144.444,12128,0,2412,1.018567,143.11126723704075,0
False,7,15,0,True,144.444,12128,0,2412,1.0185819999999999,143.11149077490774,0
False,7,15,0,True,144.444,12128,0,2412,1.018596,143.11171423779976,0
False,7,15,0,True,144.444,12128,0,2412,1.018609,143.1119376257545,0
False,7,15,0,True,144.444,12128,-40,2412,1.0186229999999998,143.1121609388097,0
False,7,15,0,True,144.444,12128,0,2412,1.0209449999999998,143.112384177003,0
False,7,15,0,True,144.444,12128,0,2412,1.0209579999999998,143.11260734037202,0
False,7,15,0,True,144.444,12128,0,2412,1.0209709999999999,143.11283042895442,0
False,7,15,0,True,144.444,12128,0,2412,1.020985,143.11305344278773,0
False,7,15,0,True,144.444,12128,0,2412,1.0209989999999998,143.11327638190954,0
False,7,15,0,True,144.444,12128,0,2412,1.021013,143.11349924635738,0
False,7,15,0,True,144.444,12128,-39,2412,1.0210270000000001,143.11372203616878,0
False,7,15,0,True,144.444,12128,-35,2412,1.0210409999999999,143.1139447513812,0
False,7,15,0,True,144.444,12128,-41,2412,1.0210529999999998,143.11416739203213,0
False,7,15,0,True,144.444,12128,-36,2412,1.0210659999999998,143.11438995815897,0
False,7,15,0,True,144.444,12128,0,2412,1.0210849999999998,143.11461244979918,0
False,7,15,0,True,144.444,12128,-35,2412,1.0210979999999998,143.11483486699012,0
False,7,15,0,True,144.444,12128,0,2412,1.0211109999999999,143.11505720976913,0
False,7,15,0,True,144.444,12128,-44,2412,1.022004,143.1152794781736,0
False,7,15,0,True,144.444,12128,-40,2412,1.022021,143.11550167224078,0
False,7,15,0,True,144.444,12128,0,2412,1.0220349999999998,143.115723792008,0
False,7,15,0,True,144.444,12128,-39,2412,1.0220500000000001,143.11594583751253,0
False,7,15,0,True,144.444,12128,-40,2412,1.0220630000000002,143.11616780879157,0
False,7,15,0,True,144.444,12128,-35,2412,1.0239129999999999,143.11638970588234,0
False,7,15,0,True,144.444,12128,0,2412,1.023926,143.11661152882206,0
False,7,15,0,True,144.444,12128,0,2412,1.023939,143.11683327764783,0
False,7,15,0,True,144.444,12128,0,2412,1.0239530000000001,143.11705495239684,0
False,7,15,0,True,144.444,12128,-34,2412,1.023965,143.1172765531062,0
False,7,15,0,True,144.444,12128,0,2412,1.0239759999999998,143.11749807981298,0
False,7,15,0,True,144.444,12128,-41,2412,1.02399,143.11771953255425,0
False,7,15,0,True,144.444,12128,-41,2412,1.0240019999999999,143.11794091136704,0
False,7,15,0,True,144.444,12128,0,2412,1.0240140000000002,143.11816221628837,0
False,7,15,0,True,144.444,12128,-36,2412,1.0240269999999998,143.11838344735523,0
False,7,15,0,True,144.444,12128,0,2412,1.0240399999999998,143.1186046046046,0
False,7,15,0,True,144.444,12128,-36,2412,1.0240529999999999,143.1188256880734,0
False,7,15,0,True,144.444,12128,-36,2412,1.0240649999999998,143.11904669779852,0
False,7,15,0,True,144.444,12128,0,2412,1.0240839999999998,143.1192676338169,0
False,7,15,0,True,144.444,12128,0,2412,1.024098,143.1194884961654,0
False,7,15,0,True,144.444,12128,-39,2412,1.024111,143.1197092848808,0
False,7,15,0,True,144.444,12128,0,2412,1.0249229999999998,143.11992999999998,0
False,7,15,0,True,144.444,12128,0,2412,1.0249380000000001,143.12015064155975,0
False,7,15,0,True,144.444,12128,0,2412,1.0249519999999999,143.12037120959678,0
False,7,15,0,True,144.444,12128,0,2412,1.0249639999999998,143.1205917041479,0
False,7,15,0,True,144.444,12128,-43,2412,1.024975,143.1208121252498,0
False,7,15,0,True,144.444,12128,0,2412,1.0249869999999999,143.1210324729392,0
False,7,15,0,True,144.444,12128,-42,2412,1.025,143.12125274725275,0
False,7,15,0,True,144.444,12128,0,2412,1.0250119999999998,143.12147294822705,0
False,7,15,0,True,144.444,12128,-39,2412,1.0250240000000002,143.1216930758988,0
False,7,15,0,True,144.444,12128,0,2412,1.025036,143.12191313030453,0
False,7,15,0,True,144.444,12128,0,2412,1.025049,143.12213311148085,0
False,7,15,0,True,144.444,12128,0,2412,1.025067,143.1223530194643,0
False,7,15,0,True,144.444,12128,0,2412,1.0262449999999999,143.1225728542914,0
False,7,15,0,True,144.444,12128,-36,2412,1.026265,143.12279261599866,0
False,7,15,0,True,144.444,12128,-40,2412,1.0281729999999998,143.12301230462253,0
False,7,15,0,True,144.444,12128,0,2412,1.028193,143.1232319201995,0
False,7,15,0,True,144.444,12128,-40,2412,1.028207,143.12345146276596,0
False,7,15,0,True,144.444,12128,-36,2412,1.0283349999999998,143.12367093235832,0
False,7,15,0,True,144.444,12128,-35,2412,1.028349,143.12389032901297,0
False,7,15,0,True,144.444,12128,-39,2412,1.028362,143.12410965276624,0
False,7,15,0,True,144.444,12128,0,2412,1.0283760000000002,143.12432890365446,0
False,7,15,0,True,144.444,12128,-35,2412,1.0283889999999998,143.12454808171398,0
False,7,15,0,True,144.444,12128,-40,2412,1.0284019999999998,143.12476718698105,0
False,7,15,0,True,144.444,12128,-44,2412,1.0284140000000002,143.12498621949194,0
False,7,15,0,True,144.444,12128,0,2412,1.0284270000000002,143.12520517928286,0
False,7,15,0,True,144.444,12128,0,2412,1.0284399999999998,143.12542406639002,0
False,7,15,0,True,144.444,12128,-36,2412,1.0284529999999998,143.12564288084965,0
False,7,15,0,True,144.444,12128,0,2412,1.0284650000000002,143.12586162269784,0
False,7,15,0,True,144.444,12128,0,2412,1.02848,143.1260802919708,0
False,7,15,0,True,144.444,12128,-39,2412,1.028492,143.12629888870458,0
False,7,15,0,True,144.444,12128,0,2412,1.0285060000000001,143.1265174129353,0
False,7,15,0,True,144.444,12128,-37,2412,1.0285199999999999,143.12673586469904,0
False,7,15,0,True,144.444,12128,0,2412,1.028534,143.12695424403182,0
False,7,15,0,True,144.444,12128,0,2412,1.028547,143.12717255096965,0
False,7,15,0,True,144.444,12128,-39,2412,1.0285630000000001,143.12739078554856,0
False,7,15,0,True,144.444,12128,-35,2412,1.029626,143.12760894780445,0
False,7,15,0,True,144.444,12128,-41,2412,1.029639,143.12782703777336,0
False,7,15,0,True,144.444,12128,0,2412,1.0296539999999998,143.12804505549113,0
False,7,15,0,True,144.444,12128,-41,2412,1.029668,143.12826300099368,0
False,7,15,0,True,144.444,12128,0,2412,1.0296819999999998,143.12848087431692,0
False,7,15,0,True,144.444,12128,-36,2412,1.029696,143.12869867549668,0
False,7,15,0,True,144.444,12128,0,2412,1.029709,143.12891640456877,0
False,7,15,0,True,144.444,12128,0,2412,1.029722,143.129134061569,0
False,7,15,0,True,144.444,12128,-36,2412,1.0297329999999998,143.12935164653317,0
False,7,15,0,True,144.444,12128,-36,2412,1.0297450000000001,143.129569159497,0
False,7,15,0,True,144.444,12128,-34,2412,1.0297580000000002,143.12978660049626,0
False,7,15,0,True,144.444,12128,-44,2412,1.0297709999999998,143.13000396956664,0
False,7,15,0,True,144.444,12128,0,2412,1.0297830000000001,143.13022126674383,0
False,7,15,0,True,144.444,12128,0,2412,1.029801,143.1304384920635,0
False,7,15,0,True,144.444,12128,0,2412,1.029814,143.13065564556123,0
False,7,15,0,True,144.444,12128,0,2412,1.0298310000000002,143.13087272727273,0
False,7,15,0,True,144.444,12128,0,2412,1.029845,143.1310897372335,0
False,7,15,0,True,144.444,12128,0,2412,1.0326399999999998,143.13130667547915,0
False,7,15,0,True,144.444,12128,0,2412,1.032658,143.13152354204524,0
False,7,15,0,True,144.444,12128,-39,2412,1.0326710000000001,143.13174033696728,0
False,7,15,0,True,144.444,12128,-36,2412,1.0328110000000001,143.13195706028074,0
False,7,15,0,True,144.444,12128,-41,2412,1.0328309999999998,143.13217371202114,0
False,7,15,0,True,144.444,12128,0,2412,1.0328439999999999,143.13239029222387,0
False,7,15,0,True,144.444,12128,-40,2412,1.0328559999999998,143.13260680092438,0
False,7,15,0,True,144.444,12128,-36,2412,1.0328689999999998,143.1328232381581,0
False,7,15,0,True,144.444,12128,-37,2412,1.0328810000000002,143.13303960396038,0
False,7,15,0,True,144.444,12128,0,2412,1.032893,143.1332558983666,0
False,7,15,0,True,144.444,12128,0,2412,1.032906,143.13347212141207,0
False,7,15,0,True,144.444,12128,-41,2412,1.0329190000000001,143.1336882731321,0
False,7,15,0,True,144.444,12128,0,2412,1.032931,143.13390435356197,0
False,7,15,0,True,144.444,12128,0,2412,1.032944,143.134120362737,0
False,7,15,0,True,144.444,12128,0,2412,1.0329570000000001,143.13433630069235,0
False,7,15,0,True,144.444,12128,0,2412,1.0329679999999999,143.1345521674633,0
False,7,15,0,True,144.444,12128,-39,2412,1.032981,143.13476796308504,0
False,7,15,0,True,144.444,12128,-40,2412,1.0329929999999998,143.13498368759267,0
False,7,15,0,True,144.444,12128,-35,2412,1.0330050000000002,143.1351993410214,0
False,7,15,0,True,144.444,12128,-35,2412,1.033017,143.13541492340636,0
False,7,15,0,True,144.444,12128,-36,2412,1.033029,143.1356304347826,0
False,7,15,0,True,144.444,12128,-36,2412,1.0330409999999999,143.13584587518523,0
False,7,15,0,True,144.444,12128,-41,2412,1.0330529999999998,143.1360612446493,0
False,7,15,0,True,144.444,12128,0,2412,1.036705,143.13627654320987,0
False,7,15,0,True,144.444,12128,0,2412,1.036721,143.1364917709019,0
False,7,15,0,True,144.444,12128,-36,2412,1.0367359999999999,143.1367069277604,0
False,7,15,0,True,144.444,12128,0,2412,1.03675,143.13692201382034,0
False,7,15,0,True,144.444,12128,-44,2412,1.036763,143.13713702911662,0
False,7,15,0,True,144.444,12128,-34,2412,1.036775,143.1373519736842,0
False,7,15,0,True,144.444,12128,-36,2412,1.0367890000000002,143.13756684755796,0
False,7,15,0,True,144.444,12128,0,2412,1.0368019999999998,143.13778165077278,0
False,7,15,0,True,144.444,12128,0,2412,1.0368149999999998,143.13799638336346,0
False,7,15,0,True,144.444,12128,0,2412,1.0368300000000001,143.13821104536487,0
False,7,15,0,True,144.444,12128,0,2412,1.0368439999999999,143.13842563681183,0
False,7,15,0,True,144.444,12128,-43,2412,1.0368559999999998,143.13864015773905,0
False,7,15,0,True,144.444,12128,0,2412,1.0368689999999998,143.13885460818136,0
False,7,15,0,True,144.444,12128,0,2412,1.0368819999999999,143.13906898817345,0
False,7,15,0,True,144.444,12128,0,2412,1.036895,143.13928329775,0
False,7,15,0,True,144.444,12128,-44,2412,1.036908,143.13949753694578,0
False,7,15,0,True,144.444,12128,-39,2412,1.0369199999999998,143.13971170579543,0
False,7,15,0,True,144.444,12128,0,2412,1.0369730000000001,143.13992580433353,0
False,7,15,0,True,144.444,12128,0,2412,1.0369869999999999,143.14013983259477,0
False,7,15,0,True,144.444,12128,-39,2412,1.037001,143.14035379061372,0
False,7,15,0,True,144.444,12128,0,2412,1.037014,143.14056767842493,0
False,7,15,0,True,144.444,12128,-41,2412,1.0370270000000001,143.140781496063,0
False,7,15,0,True,144.444,12128,-40,2412,1.0370409999999999,143.1409952435624,0
False,7,15,0,True,144.444,12128,0,2412,1.0370529999999998,143.1412089209577,0
False,7,15,0,True,144.444,12128,-37,2412,1.0370650000000001,143.1414225282833,0
False,7,15,0,True,144.444,12128,0,2412,1.0370780000000002,143.14163606557375,0
False,7,15,0,True,144.444,12128,0,2412,1.037093,143.14184953286346,0
False,7,15,0,True,144.444,12128,0,2412,1.0371069999999998,143.1420629301868,0
False,7,15,0,True,144.444,12128,0,2412,1.0371199999999998,143.14227625757823,0
False,7,15,0,True,144.444,12128,0,2412,1.0371350000000001,143.14248951507207,0
False,7,15,0,True,144.444,12128,0,2412,1.0371480000000002,143.14270270270268,0
False,7,15,0,True,144.444,12128,0,2412,1.0380479999999999,143.1429158205044,0
False,7,15,0,True,144.444,12128,-42,2412,1.038068,143.14312886851155,0
False,7,15,0,True,144.444,12128,-40,2412,1.0380820000000002,143.14334184675835,0
False,7,15,0,True,144.444,12128,-35,2412,1.0381360000000002,143.1435547552791,0
False,7,15,0,True,144.444,12128,0,2412,1.0381489999999998,143.143767594108,0
False,7,15,0,True,144.444,12128,-44,2412,1.038163,143.14398036327933,0
False,7,15,0,True,144.444,12128,0,2412,1.0381770000000001,143.1441930628272,0
False,7,15,0,True,144.444,12128,0,2412,1.0381879999999999,143.14440569278585,0
False,7,15,0,True,144.444,12128,-36,2412,1.038202,143.1446182531894,0
False,7,15,0,True,144.444,12128,-36,2412,1.038217,143.14483074407195,0
False,7,15,0,True,144.444,12128,-35,2412,1.03823,143.14504316546763,0
False,7,15,0,True,144.444,12128,-35,2412,1.0382440000000002,143.14525551741048,0
False,7,15,0,True,144.444,12128,-40,2412,1.0382569999999998,143.1454677999346,0
False,7,15,0,True,144.444,12128,-39,2412,1.0382699999999998,143.145680013074,0
False,7,15,0,True,144.444,12128,0,2412,1.0407289999999998,143.14589215686274,0
False,7,15,0,True,144.444,12128,0,2412,1.040752,143.14610423133473,0
False,7,15,0,True,144.444,12128,0,2412,1.040766,143.146316236524,0
False,7,15,0,True,144.444,12128,0,2412,1.040778,143.14652817246449,0
False,7,15,0,True,144.444,12128,-40,2412,1.040791,143.14674003919006,0
True,7,15,0,True,144.444,12128,-37,2412,1.0408279999999999,143.12336914285714,0
True,7,15,0,True,144.444,12128,-36,2412,1.0408399999999998,143.10000587659158,0
True,7,15,0,True,144.444,12128,-40,2412,1.0408529999999998,143.0766502366574,0
True,7,15,0,True,144.444,12128,0,2412,1.0408650000000002,143.05330221932113,0
True,7,15,0,True,144.444,12128,0,2412,1.0408789999999999,143.02996182085167,0
True,7,15,0,True,144.444,12128,-41,2412,1.0408909999999998,143.00662903752038,0
True,7,15,0,True,144.444,12128,0,2412,1.0409030000000001,142.98330386560102,0
True,7,15,0,True,144.444,12128,0,2412,1.040937,142.95998630136984,0
True,7,15,0,True,144.444,12128,-35,2412,1.04095,142.93667634110548,0
True,7,15,0,True,144.444,12128,-41,2412,1.040962,142.913373981089,0
True,7,15,0,True,144.444,12128,0,2412,1.0409739999999998,142.8900792176039,0
True,7,15,0,True,144.444,12128,-44,2412,1.0409869999999999,142.8667920469361,0
True,7,15,0,True,144.444,12128,-34,2412,1.0409989999999998,142.84351246537395,0
True,7,15,0,True,144.444,12128,0,2412,1.0410110000000001,142.8202404692082,0
True,7,15,0,True,144.444,12128,0,2412,1.041023,142.79697605473203,0
True,7,15,0,True,144.444,12128,-39,2412,1.041036,142.77371921824104,0
False,7,15,0,True,144.444,12128,-37,2412,1.041216,142.77399120664384,0
False,7,15,0,True,144.444,12128,0,2412,1.0412309999999998,142.77426310647996,0
False,7,15,0,True,144.444,12128,0,2412,1.0412439999999998,142.7745349177926,0
False,7,15,0,True,144.444,12128,0,2412,1.0412569999999999,142.77480664062497,0
False,7,15,0,True,144.444,12128,0,2412,1.04127,142.77507827502032,0
False,7,15,0,True,144.444,12128,0,2412,1.0412819999999998,142.7753498210218,0
False,7,15,0,True,144.444,12128,0,2412,1.041296,142.7756212786725,0
False,7,15,0,True,144.444,12128,0,2412,1.0413100000000002,142.7758926480156,0
False,7,15,0,True,144.444,12128,-39,2412,1.0417429999999999,142.77616392909414,0
False,7,15,0,True,144.444,12128,0,2412,1.04176,142.7764351219512,0
False,7,15,0,True,144.444,12128,-41,2412,1.0420859999999998,142.7767062266298,0
False,7,15,0,True,144.444,12128,-36,2412,1.0421040000000001,142.77697724317295,0
False,7,15,0,True,144.444,12128,-42,2412,1.0421179999999999,142.7772481716236,0
False,7,15,0,True,144.444,12128,0,2412,1.042132,142.7775190120247,0
False,7,15,0,True,144.444,12128,0,2412,1.045092,142.77778976441917,0
False,7,15,0,True,144.444,12128,-40,2412,1.045108,142.7780604288499,0
False,7,15,0,True,144.444,12128,0,2412,1.045483,142.77833100535975,0
False,7,15,0,True,144.444,12128,-39,2412,1.0455359999999998,142.77860149399154,0
False,7,15,0,True,144.444,12128,0,2412,1.0455510000000001,142.7788718947881,0
False,7,15,0,True,144.444,12128,0,2412,1.0455649999999999,142.7791422077922,0
False,7,15,0,True,144.444,12128,0,2412,1.0455770000000002,142.7794124330466,0
False,7,15,0,True,144.444,12128,-42,2412,1.045589,142.77968257059396,0
False,7,15,0,True,144.444,12128,0,2412,1.045601,142.77995262047702,0
False,7,15,0,True,144.444,12128,-44,2412,1.045614,142.78022258273847,0
False,7,15,0,True,144.444,12128,-44,2412,1.0456249999999998,142.7804924574209,0
False,7,15,0,True,144.444,12128,0,2412,1.0456370000000001,142.78076224456697,0
False,7,15,0,True,144.444,12128,0,2412,1.045649,142.78103194421922,0
False,7,15,0,True,144.444,12128,0,2412,1.045661,142.78130155642023,0
False,7,15,0,True,144.444,12128,-43,2412,1.045674,142.78157108121252,0
False,7,15,0,True,144.444,12128,0,2412,1.045687,142.78184051863857,0
False,7,15,0,True,144.444,12128,0,2412,1.045699,142.78210986874086,0
False,7,15,0,True,144.444,12128,0,2412,1.0457130000000001,142.78237913156187,0
False,7,15,0,True,144.444,12128,0,2412,1.045725,142.782648307144,0
False,7,15,0,True,144.444,12128,0,2412,1.045738,142.78291739552964,0
False,7,15,0,True,144.444,12128,-44,2412,1.0457489999999998,142.78318639676112,0
False,7,15,0,True,144.444,12128,-41,2412,1.045763,142.7834553108808,0
False,7,15,0,True,144.444,12128,0,2412,1.049465,142.78372413793102,0
False,7,15,0,True,144.444,12128,-42,2412,1.0494819999999998,142.78399287795403,0
False,7,15,0,True,144.444,12128,-36,2412,1.0494949999999998,142.78426153099204,0
False,7,15,0,True,144.444,12128,-39,2412,1.0495070000000002,142.78453009708736,0
False,7,15,0,True,144.444,12128,0,2412,1.049521,142.78479857628213,0
False,7,15,0,True,144.444,12128,0,2412,1.049535,142.78506696861857,0
False,7,15,0,True,144.444,12128,0,2412,1.04955,142.78533527413876,0
False,7,15,0,True,144.444,12128,0,2412,1.0495640000000002,142.78560349288486,0
False,7,15,0,True,144.444,12128,0,2412,1.0495770000000002,142.78587162489893,0
False,7,15,0,True,144.444,12128,0,2412,1.049591,142.7861396702231,0
False,7,15,0,True,144.444,12128,-37,2412,1.0496050000000001,142.7864076288993,0
False,7,15,0,True,144.444,12128,0,2412,1.049617,142.7866755009696,0
False,7,15,0,True,144.444,12128,0,2412,1.04963,142.786943286476,0
False,7,15,0,True,144.444,12128,0,2412,1.0496400000000001,142.7872109854604,0
False,7,15,0,True,144.444,12128,-36,2412,1.049652,142.7874785979648,0
False,7,15,0,True,144.444,12128,-36,2412,1.049665,142.787746124031,0
False,7,15,0,True,144.444,12128,0,2412,1.049678,142.78801356370093,0
False,7,15,0,True,144.444,12128,0,2412,1.04969,142.78828091701646,0
False,7,15,0,True,144.444,12128,-34,2412,1.049703,142.78854818401936,0
False,7,15,0,True,144.444,12128,-39,2412,1.049716,142.78881536475146,0
False,7,15,0,True,144.444,12128,-39,2412,1.049922,142.78908245925447,0
False,7,15,0,True,144.444,12128,-42,2412,1.049935,142.7893494675702,0
False,7,15,0,True,144.444,12128,-41,2412,1.049948,142.78961638974027,0
False,7,15,0,True,144.444,12128,-35,2412,1.0499610000000001,142.78988322580645,0
False,7,15,0,True,144.444,12128,0,2412,1.0499740000000002,142.79014997581035,0
False,7,15,0,True,144.444,12128,0,2412,1.0499869999999998,142.79041663979362,0
False,7,15,0,True,144.444,12128,-41,2412,1.050001,142.79068321779783,0
False,7,15,0,True,144.444,12128,0,2412,1.050014,142.7909497098646,0
False,7,15,0,True,144.444,12128,0,2412,1.050026,142.79121611603546,0
False,7,15,0,True,144.444,12128,-40,2412,1.050039,142.79148243635188,0
False,7,15,0,True,144.444,12128,-36,2412,1.0500509999999998,142.79174867085547,0
False,7,15,0,True,144.444,12128,-37,2412,1.0500630000000002,142.79201481958762,0
False,7,15,0,True,144.444,12128,0,2412,1.050078,142.79228088258978,0
False,7,15,0,True,144.444,12128,0,2412,1.050091,142.79254685990335,0
False,7,15,0,True,144.444,12128,0,2412,1.050151,142.79281275156978,0
False,7,15,0,True,144.444,12128,-41,2412,1.0501679999999998,142.7930785576304,0
False,7,15,0,True,144.444,12128,0,2412,1.050182,142.79334427812648,0
False,7,15,0,True,144.444,12128,0,2412,1.050195,142.79360991309943,0
False,7,15,0,True,144.444,12128,-44,2412,1.050208,142.7938754625905,0
False,7,15,0,True,144.444,12128,-40,2412,1.05022,142.79414092664092,0
False,7,15,0,True,144.444,12128,-39,2412,1.053823,142.79440630529191,0
False,7,15,0,True,144.444,12128,-36,2412,1.0538349999999999,142.79467159858476,0
False,7,15,0,True,144.444,12128,-42,2412,1.053848,142.79493680656051,0
False,7,15,0,True,144.444,12128,0,2412,1.053861,142.79520192926043,0
False,7,15,0,True,144.444,12128,0,2412,1.0538729999999998,142.7954669667256,0
False,7,15,0,True,144.444,12128,0,2412,1.0538850000000002,142.7957319189971,0
False,7,15,0,True,144.444,12128,0,2412,1.053896,142.795996786116,0
False,7,15,0,True,144.444,12128,0,2412,1.053909,142.79626156812338,0
False,7,15,0,True,144.444,12128,0,2412,1.0539209999999999,142.79652626506024,0
False,7,15,0,True,144.444,12128,-37,2412,1.053934,142.79679087696755,0
False,7,15,0,True,144.444,12128,0,2412,1.0539459999999998,142.7970554038863,0
False,7,15,0,True,144.444,12128,-36,2412,1.05396,142.7973198458574,0
False,7,15,0,True,144.444,12128,0,2412,1.053973,142.7975842029218,0
False,7,15,0,True,144.444,12128,0,2412,1.053985,142.7978484751204,0
False,7,15,0,True,144.444,12128,0,2412,1.053998,142.79811266249396,0
False,7,15,0,True,144.444,12128,0,2412,1.054011,142.79837676508342,0
False,7,15,0,True,144.444,12128,0,2412,1.054023,142.79864078292954,0
False,7,15,0,True,144.444,12128,0,2412,1.0540349999999998,142.79890471607314,0
False,7,15,0,True,144.444,12128,-44,2412,1.054049,142.79916856455492,0
False,7,15,0,True,144.444,12128,-39,2412,1.054062,142.79943232841563,0
False,7,15,0,True,144.444,12128,-39,2412,1.0866029999999998,142.799696007696,0
False,7,15,0,True,144.444,12128,0,2412,1.093738,142.79995960243667,0
False,7,15,0,True,144.444,12128,0,2412,1.0937510000000001,142.8002231126783,0
False,7,15,0,True,144.444,12128,-41,2412,1.093766,142.80048653846154,0
False,7,15,0,True,144.444,12128,-40,2412,1.093794,142.80074987982692,0
False,7,15,0,True,144.444,12128,-43,2412,1.0938080000000001,142.80101313681513,0
False,7,15,0,True,144.444,12128,0,2412,1.0938219999999998,142.8012763094666,0
False,7,15,0,True,144.444,12128,-37,2412,1.093836,142.8015393978219,0
False,7,15,0,True,144.444,12128,0,2412,1.093849,142.80180240192152,0
False,7,15,0,True,144.444,12128,0,2412,1.0938620000000001,142.80206532180594,0
False,7,15,0,True,144.444,12128,-40,2412,1.094487,142.8023281575156,0
True,7,15,0,True,144.444,12128,-37,2412,1.094557,142.77947247119076,0
True,7,15,0,True,144.444,12128,0,2412,1.09457,142.75662409985597,0
True,7,15,0,True,144.444,12128,-40,2412,1.094586,142.73378304,0
True,7,15,0,True,144.444,12128,0,2412,1.094601,142.71094928811388,0
True,7,15,0,True,144.444,12128,0,2412,1.094617,142.68812284069097,0
True,7,15,0,True,144.444,12128,-44,2412,1.0946319999999998,142.66530369422676,0
True,7,15,0,True,144.444,12128,-40,2412,1.0946470000000001,142.64249184521904,0
True,7,15,0,True,144.444,12128,0,2412,1.094662,142.61968729016786,0
True,7,15,0,True,144.444,12128,0,2412,1.0946760000000002,142.59689002557545,0
True,7,15,0,True,144.444,12128,0,2412,1.094691,142.57410004794627,0
True,7,15,0,True,144.444,12128,0,2412,1.0947040000000001,142.55131735378714,0
True,7,15,0,True,144.444,12128,-36,2412,1.0947179999999999,142.52854193960695,0
True,7,15,0,True,144.444,12128,-41,2412,1.0947369999999998,142.50577380191692,0
True,7,15,0,True,144.444,12128,0,2412,1.094751,142.48301293723046,0
True,7,15,0,True,144.444,12128,-40,2412,1.0947649999999998,142.4602593420632,0
False,7,15,0,True,144.444,12128,0,2412,1.097229,142.46057608174996,0
False,7,15,0,True,144.444,12128,0,2412,1.097242,142.4608927203065,0
False,7,15,0,True,144.444,12128,0,2412,1.097257,142.46120925778132,0
False,7,15,0,True,144.444,12128,0,2412,1.097271,142.4615256942228,0
False,7,15,0,True,144.444,12128,-35,2412,1.097286,142.46184202967925,0
False,7,15,0,True,144.444,12128,-36,2412,1.0973009999999999,142.4621582641991,0
False,7,15,0,True,144.444,12128,-42,2412,1.097315,142.4624743978306,0
False,7,15,0,True,144.444,12128,-41,2412,1.0973289999999998,142.462790430622,0
False,7,15,0,True,144.444,12128,-39,2412,1.0973410000000001,142.46310636262157,0
False,7,15,0,True,144.444,12128,0,2412,1.097356,142.46342219387753,0
False,7,15,0,True,144.444,12128,-39,2412,1.0973700000000002,142.46373792443805,0
False,7,15,0,True,144.444,12128,-40,2412,1.0973829999999998,142.4640535543513,0
False,7,15,0,True,144.444,12128,-36,2412,1.097397,142.46436908366533,0
False,7,15,0,True,144.444,12128,-41,2412,1.0974110000000001,142.46468451242828,0
False,7,15,0,True,144.444,12128,-35,2412,1.0974249999999999,142.4649998406882,0
False,7,15,0,True,144.444,12128,-36,2412,1.0974400000000002,142.46531506849314,0
False,7,15,0,True,144.444,12128,-41,2412,1.097454,142.46563019589107,0
False,7,15,0,True,144.444,12128,0,2412,1.097476,142.46594522292992,0
False,7,15,0,True,144.444,12128,0,2412,1.09749,142.4662601496577,0
False,7,15,0,True,144.444,12128,-39,2412,1.0975069999999998,142.46657497612225,0
False,7,15,0,True,144.444,12128,0,2412,1.0977679999999999,142.46688970237147,0
False,7,15,0,True,144.444,12128,0,2412,1.097782,142.46720432845322,0
False,7,15,0,True,144.444,12128,-36,2412,1.097797,142.46751885441526,0
False,7,15,0,True,144.444,12128,0,2412,1.09781,142.46783328030543,0
False,7,15,0,True,144.444,12128,0,2412,1.0978249999999998,142.46814760617144,0
False,7,15,0,True,144.444,12128,-34,2412,1.0978379999999999,142.46846183206105,0
False,7,15,0,True,144.444,12128,-44,2412,1.097852,142.46877595802195,0
False,7,15,0,True,144.444,12128,0,2412,1.0978659999999998,142.46908998410174,0
False,7,15,0,True,144.444,12128,0,2412,1.097881,142.4694039103481,0
False,7,15,0,True,144.444,12128,0,2412,1.0979169999999998,142.46971773680863,0
False,7,15,0,True,144.444,12128,0,2412,1.097931,142.4700314635309,0
False,7,15,0,True,144.444,12128,0,2412,1.097944,142.47034509056243,0
False,7,15,0,True,144.444,12128,0,2412,1.097957,142.47065861795076,0
False,7,15,0,True,144.444,12128,-36,2412,1.097978,142.4709720457433,0
False,7,15,0,True,144.444,12128,0,2412,1.097994,142.4712853739876,0
False,7,15,0,True,144.444,12128,-37,2412,1.0980089999999998,142.471598602731,0
False,7,15,0,True,144.444,12128,0,2412,1.098761,142.47191173202094,0
False,7,15,0,True,144.444,12128,-36,2412,1.098779,142.47222476190476,0
False,7,15,0,True,144.444,12128,0,2412,1.098792,142.47253769242977,0
False,7,15,0,True,144.444,12128,-40,2412,1.098808,142.47285052364327,0
False,7,15,0,True,144.444,12128,-40,2412,1.100403,142.47316325559257,0
False,7,15,0,True,144.444,12128,-35,2412,1.100416,142.47347588832486,0
False,7,15,0,True,144.444,12128,-41,2412,1.100432,142.47378842188738,0
False,7,15,0,True,144.444,12128,-39,2412,1.100447,142.47410085632728,0
False,7,15,0,True,144.444,12128,-41,2412,1.100463,142.47441319169175,0
False,7,15,0,True,144.444,12128,0,2412,1.100476,142.47472542802788,0
False,7,15,0,True,144.444,12128,0,2412,1.100489,142.4750375653828,0
False,7,15,0,True,144.444,12128,0,2412,1.1005029999999998,142.47534960380347,0
False,7,15,0,True,144.444,12128,0,2412,1.100517,142.47566154333703,0
False,7,15,0,True,144.444,12128,-37,2412,1.10053,142.47597338403042,0
False,7,15,0,True,144.444,12128,-35,2412,1.1005449999999999,142.47628512593062,0
False,7,15,0,True,144.444,12128,-41,2412,1.1005600000000002,142.47659676908455,0
False,7,15,0,True,144.444,12128,-36,2412,1.100575,142.47690831353918,0
False,7,15,0,True,144.444,12128,0,2412,1.1005889999999998,142.47721975934135,0
False,7,15,0,True,144.444,12128,-39,2412,1.100603,142.4775311065379,0
False,7,15,0,True,144.444,12128,-42,2412,1.1006170000000002,142.47784235517568,0
False,7,15,0,True,144.444,12128,0,2412,1.100635,142.47815350530146,0
False,7,15,0,True,144.444,12128,0,2412,1.100647,142.47846455696202,0
False,7,15,0,True,144.444,12128,0,2412,1.101433,142.47877551020406,0
False,7,15,0,True,144.444,12128,-40,2412,1.101451,142.47908636507432,0
False,7,15,0,True,144.444,12128,-34,2412,1.103507,142.47939712161948,0
False,7,15,0,True,144.444,12128,0,2412,1.103522,142.47970777988616,0
False,7,15,0,True,144.444,12128,0,2412,1.103536,142.48001833992095,0
False,7,15,0,True,144.444,12128,-36,2412,1.1035490000000001,142.48032880177047,0
False,7,15,0,True,144.444,12128,-37,2412,1.1035629999999998,142.48063916548125,0
False,7,15,0,True,144.444,12128,-40,2412,1.103577,142.48094943109987,0
False,7,15,0,True,144.444,12128,-41,2412,1.10359,142.48125959867278,0
False,7,15,0,True,144.444,12128,-39,2412,1.103606,142.48156966824644,0
False,7,15,0,True,144.444,12128,0,2412,1.103621,142.4818796398673,0
False,7,15,0,True,144.444,12128,0,2412,1.103637,142.4821895135818,0
False,7,15,0,True,144.444,12128,-44,2412,1.1036510000000002,142.48249928943628,0
False,7,15,0,True,144.444,12128,0,2412,1.103666,142.4828089674771,0
False,7,15,0,True,144.444,12128,0,2412,1.103681,142.4831185477506,0
False,7,15,0,True,144.444,12128,-40,2412,1.103694,142.483428030303,0
False,7,15,0,True,144.444,12128,-43,2412,1.1037089999999998,142.48373741518068,0
False,7,15,0,True,144.444,12128,0,2412,1.1037210000000002,142.48404670242977,0
False,7,15,0,True,144.444,12128,0,2412,1.1037339999999998,142.48435589209654,0
False,7,15,0,True,144.444,12128,0,2412,1.103748,142.48466498422712,0
False,7,15,0,True,144.444,12128,0,2412,1.1054650000000001,142.48497397886766,0
False,7,15,0,True,144.444,12128,-41,2412,1.1054819999999999,142.48528287606433,0
False,7,15,0,True,144.444,12128,0,2412,1.108857,142.48559167586313,0
False,7,15,0,True,144.444,12128,0,2412,1.1088689999999999,142.4859003783102,0
False,7,15,0,True,144.444,12128,-35,2412,1.1088840000000002,142.48620898345152,0
False,7,15,0,True,144.444,12128,-41,2412,1.108899,142.48651749133313,0
False,7,15,0,True,144.444,12128,0,2412,1.1089120000000001,142.48682590200093,0
False,7,15,0,True,144.444,12128,0,2412,1.1089259999999999,142.48713421550093,0
False,7,15,0,True,144.444,12128,0,2412,1.108939,142.48744243187903,0
False,7,15,0,True,144.444,12128,-36,2412,1.1089600000000002,142.48775055118108,0
False,7,15,0,True,144.444,12128,0,2412,1.108972,142.48805857345297,0
False,7,15,0,True,144.444,12128,-44,2412,1.1089829999999998,142.48836649874053,0
False,7,15,0,True,144.444,12128,0,2412,1.1089959999999999,142.48867432708957,0
False,7,15,0,True,144.444,12128,0,2412,1.109007,142.4889820585458,0
False,7,15,0,True,144.444,12128,-36,2412,1.109019,142.48928969315497,0
False,7,15,0,True,144.444,12128,-37,2412,1.1090309999999999,142.48959723096286,0
False,7,15,0,True,144.444,12128,0,2412,1.109042,142.4899046720151,0
False,7,15,0,True,144.444,12128,-34,2412,1.1090550000000001,142.49021201635733,0
False,7,15,0,True,144.444,12128,0,2412,1.109067,142.4905192640352,0
False,7,15,0,True,144.444,12128,-37,2412,1.109079,142.49082641509432,0
False,7,15,0,True,144.444,12128,-36,2412,1.1090909999999998,142.49113346958023,0
False,7,15,0,True,144.444,12128,-39,2412,1.1091039999999999,142.4914404275385,0
False,7,15,0,True,144.444,12128,-44,2412,1.10915,142.4917472890146,0
False,7,15,0,True,144.444,12128,0,2412,1.1091630000000001,142.49205405405405,0
False,7,15,0,True,144.444,12128,0,2412,1.109175,142.49236072270227,0
False,7,15,0,True,144.444,12128,-40,2412,1.109187,142.4926672950047,0
False,7,15,0,True,144.444,12128,0,2412,1.1092049999999998,142.49297377100675,0
False,7,15,0,True,144.444,12128,0,2412,1.1092170000000001,142.49328015075375,0
False,7,15,0,True,144.444,12128,-39,2412,1.1092300000000002,142.49358643429107,0
False,7,15,0,True,144.444,12128,0,2412,1.109244,142.49389262166403,0
False,7,15,0,True,144.444,12128,0,2412,1.1092559999999998,142.4941987129179,0
False,7,15,0,True,144.444,12128,0,2412,1.1092689999999998,142.4945047080979,0
False,7,15,0,True,144.444,12128,-43,2412,1.110077,142.49481060724932,0
False,7,15,0,True,144.444,12128,-35,2412,1.1100940000000001,142.4951164104173,0
False,7,15,0,True,144.444,12128,-42,2412,1.1101070000000002,142.49542211764705,0
False,7,15,0,True,144.444,12128,0,2412,1.110121,142.49572772898367,0
False,7,15,0,True,144.444,12128,0,2412,1.110135,142.4960332444723,0
False,7,15,0,True,144.444,12128,0,2412,1.112406,142.49633866415803,0
False,7,15,0,True,144.444,12128,0,2412,1.112422,142.4966439880859,0
False,7,15,0,True,144.444,12128,-41,2412,1.112437,142.49694921630092,0
False,7,15,0,True,144.444,12128,0,2412,1.1124900000000002,142.49725434884814,0
False,7,15,0,True,144.444,12128,0,2412,1.112504,142.49755938577246,0
False,7,15,0,True,144.444,12128,0,2412,1.112517,142.4978643271189,0
False,7,15,0,True,144.444,12128,0,2412,1.1125319999999999,142.4981691729323,0
False,7,15,0,True,144.444,12128,-39,2412,1.1125470000000002,142.49847392325762,0
False,7,15,0,True,144.444,12128,-35,2412,1.112562,142.49877857813968,0
False,7,15,0,True,144.444,12128,-41,2412,1.1125759999999998,142.49908313762327,0
False,7,15,0,True,144.444,12128,-39,2412,1.112591,142.49938760175328,0
False,7,15,0,True,144.444,12128,-36,2412,1.1126049999999998,142.49969197057442,0
False,7,15,0,True,144.444,12128,-36,2412,1.1126200000000002,142.49999624413144,0
False,7,15,0,True,144.444,12128,0,2412,1.112634,142.50030042246908,0
False,7,15,0,True,144.444,12128,-44,2412,1.112645,142.50060450563203,0
False,7,15,0,True,144.444,12128,-39,2412,1.1126610000000001,142.50090849366495,0
False,7,15,0,True,144.444,12128,-40,2412,1.1126749999999999,142.50121238661245,0
False,7,15,0,True,144.444,12128,0,2412,1.117079,142.50151618451915,0
False,7,15,0,True,144.444,12128,0,2412,1.1170930000000001,142.50181988742963,0
False,7,15,0,True,144.444,12128,-41,2412,1.1171060000000002,142.50212349538845,0
False,7,15,0,True,144.444,12128,-36,2412,1.117121,142.50242700844012,0
False,7,15,0,True,144.444,12128,-40,2412,1.1171349999999998,142.50273042662914,0
False,7,15,0,True,144.444,12128,0,2412,1.1171479999999998,142.50303375,0
False,7,15,0,True,144.444,12128,-42,2412,1.117162,142.50333697859708,0
False,7,15,0,True,144.444,12128,0,2412,1.1171769999999999,142.50364011246484,0
False,7,15,0,True,144.444,12128,-44,2412,1.1171920000000002,142.50394315164766,0
False,7,15,0,True,144.444,12128,-43,2412,1.1172049999999998,142.50424609618986,0
False,7,15,0,True,144.444,12128,0,2412,1.1172209999999998,142.50454894613583,0
False,7,15,0,True,144.444,12128,0,2412,1.1172369999999998,142.50485170152982,0
False,7,15,0,True,144.444,12128,0,2412,1.117251,142.5051543624161,0
False,7,15,0,True,144.444,12128,0,2412,1.117264,142.50545692883895,0
False,7,15,0,True,144.444,12128,0,2412,1.117279,142.50575940084255,0
False,7,15,0,True,144.444,12128,0,2412,1.1172900000000001,142.50606177847112,0
False,7,15,0,True,144.444,12128,-41,2412,1.1173030000000002,142.50636406176883,0
False,7,15,0,True,144.444,12128,0,2412,1.1173160000000002,142.50666625077977,0
False,7,15,0,True,144.444,12128,-40,2412,1.11733,142.5069683455481,0
False,7,15,0,True,144.444,12128,-39,2412,1.1173449999999998,142.50727034611785,0
False,7,15,0,True,144.444,12128,0,2412,1.119704,142.50757225253312,0
False,7,15,0,True,144.444,12128,0,2412,1.1197179999999998,142.5078740648379,0
False,7,15,0,True,144.444,12128,0,2412,1.119733,142.50817578307618,0
False,7,15,0,True,144.444,12128,0,2412,1.119748,142.50847740729196,0
False,7,15,0,True,144.444,12128,0,2412,1.119768,142.5087789375292,0
False,7,15,0,True,144.444,12128,-39,2412,1.119783,142.50908037383175,0
False,7,15,0,True,144.444,12128,-41,2412,1.1197979999999998,142.50938171624358,0
False,7,15,0,True,144.444,12128,-35,2412,1.119811,142.50968296480846,0
False,7,15,0,True,144.444,12128,-39,2412,1.119824,142.50998411957028,0
False,7,15,0,True,144.444,12128,-44,2412,1.12067,142.51028518057282,0
False,7,15,0,True,144.444,12128,-39,2412,1.1206869999999998,142.5105861478599,0
False,7,15,0,True,144.444,12128,0,2412,1.120702,142.51088702147524,0
False,7,15,0,True,144.444,12128,-42,2412,1.1207159999999998,142.51118780146257,0
False,7,15,0,True,144.444,12128,-41,2412,1.1207289999999999,142.51148848786556,0
False,7,15,0,True,144.444,12128,-37,2412,1.1207409999999998,142.51178908072794,0
False,7,15,0,True,144.444,12128,-35,2412,1.1207539999999998,142.51208958009332,0
False,7,15,0,True,144.444,12128,-39,2412,1.1207690000000001,142.51238998600527,0
False,7,15,0,True,144.444,12128,-36,2412,1.121915,142.51269029850744,0
False,7,15,0,True,144.444,12128,-36,2412,1.1219320000000002,142.51299051764337,0
False,7,15,0,True,144.444,12128,-40,2412,1.121944,142.51329064345663,0
False,7,15,0,True,144.444,12128,-40,2412,1.1223079999999999,142.51359067599066,0
False,7,15,0,True,144.444,12128,-40,2412,1.122322,142.513890615289,0
False,7,15,0,True,144.444,12128,0,2412,1.1223359999999998,142.51419046139506,0
False,7,15,0,True,144.444,12128,0,2412,1.1223489999999998,142.51449021435226,0
False,7,15,0,True,144.444,12128,0,2412,1.1223610000000002,142.51478987420407,0
False,7,15,0,True,144.444,12128,-34,2412,1.122379,142.5150894409938,0
False,7,15,0,True,144.444,12128,0,2412,1.122392,142.51538891476477,0
False,7,15,0,True,144.444,12128,-37,2412,1.122407,142.51568829556038,0
False,7,15,0,True,144.444,12128,-36,2412,1.1224210000000001,142.51598758342385,0
False,7,15,0,True,144.444,12128,0,2412,1.122436,142.5162867783985,0
False,7,15,0,True,144.444,12128,0,2412,1.1224530000000001,142.51658588052751,0
False,7,15,0,True,144.444,12128,-44,2412,1.1224660000000002,142.51688488985417,0
False,7,15,0,True,144.444,12128,0,2412,1.1231680000000002,142.51718380642157,0
False,7,15,0,True,144.444,12128,-36,2412,1.1231870000000002,142.51748263027295,0
False,7,15,0,True,144.444,12128,0,2412,1.123202,142.51778136145137,0
False,7,15,0,True,144.444,12128,0,2412,1.1232129999999998,142.51808,0
False,7,15,0,True,144.444,12128,0,2412,1.123227,142.51837854596187,0
False,7,15,0,True,144.444,12128,0,2412,1.12324,142.51867699938003,0
False,7,15,0,True,144.444,12128,0,2412,1.1232540000000002,142.51897536029753,0
False,7,15,0,True,144.444,12128,-39,2412,1.1232669999999998,142.51927362875736,0
False,7,15,0,True,144.444,12128,-39,2412,1.124343,142.51957180480247,0
False,7,15,0,True,144.444,12128,0,2412,1.124358,142.51986988847582,0
False,7,15,0,True,144.444,12128,-35,2412,1.124371,142.52016787982032,0
False,7,15,0,True,144.444,12128,-39,2412,1.1243850000000002,142.5204657788789,0
False,7,15,0,True,144.444,12128,-41,2412,1.1243979999999998,142.52076358569437,0
False,7,15,0,True,144.444,12128,0,2412,1.124412,142.52106130030958,0
False,7,15,0,True,144.444,12128,0,2412,1.1244260000000001,142.52135892276738,0
False,7,15,0,True,144.444,12128,-42,2412,1.1244390000000002,142.52165645311047,0
False,7,15,0,True,144.444,12128,0,2412,1.124453,142.5219538913817,0
False,7,15,0,True,144.444,12128,-37,2412,1.124467,142.52225123762375,0
False,7,15,0,True,144.444,12128,-41,2412,1.1244800000000001,142.52254849187935,0
False,7,15,0,True,144.444,12128,-39,2412,1.125343,142.52284565419114,0
False,7,15,0,True,144.444,12128,-44,2412,1.125362,142.52314272460183,0
False,7,15,0,True,144.444,12128,-37,2412,1.125375,142.523439703154,0
False,7,15,0,True,144.444,12128,0,2412,1.125387,142.52373658989023,0
False,7,15,0,True,144.444,12128,0,2412,1.1275749999999998,142.52403338485317,0
False,7,15,0,True,144.444,12128,0,2412,1.1275979999999999,142.5243300880853,0
False,7,15,0,True,144.444,12128,-39,2412,1.127611,142.52462669962915,0
False,7,15,0,True,144.444,12128,-35,2412,1.127669,142.52492321952727,0
False,7,15,0,True,144.444,12128,-43,2412,1.127681,142.52521964782204,0
False,7,15,0,True,144.444,12128,-35,2412,1.1276929999999998,142.52551598455597,0
False,7,15,0,True,144.444,12128,-42,2412,1.127704,142.52581222977145,0
False,7,15,0,True,144.444,12128,0,2412,1.127717,142.5261083835109,0
False,7,15,0,True,144.444,12128,0,2412,1.127729,142.5264044458166,0
False,7,15,0,True,144.444,12128,0,2412,1.127742,142.52670041673096,0
False,7,15,0,True,144.444,12128,-39,2412,1.127754,142.5269962962963,0
False,7,15,0,True,144.444,12128,0,2412,1.127767,142.52729208455483,0
False,7,15,0,True,144.444,12128,-36,2412,1.12778,142.5275877815489,0
False,7,15,0,True,144.444,12128,0,2412,1.127793,142.52788338732066,0
False,7,15,0,True,144.444,12128,0,2412,1.1283210000000001,142.52817890191238,0
False,7,15,0,True,144.444,12128,-44,2412,1.1283349999999999,142.5284743253662,0
False,7,15,0,True,144.444,12128,0,2412,1.128349,142.52876965772433,0
False,7,15,0,True,144.444,12128,0,2412,1.128361,142.5290648990288,0
False,7,15,0,True,144.444,12128,0,2412,1.1283729999999998,142.5293600493218,0
False,7,15,0,True,144.444,12128,-43,2412,1.128386,142.5296551086454,0
False,7,15,0,True,144.444,12128,0,2412,1.1296979999999999,142.52995007704158,0
False,7,15,0,True,144.444,12128,0,2412,1.129718,142.53024495455244,0
False,7,15,0,True,144.444,12128,-39,2412,1.129728,142.53053974121994,0
False,7,15,0,True,144.444,12128,-41,2412,1.129765,142.5308344370861,0
False,7,15,0,True,144.444,12128,0,2412,1.129775,142.5311290421928,0
False,7,15,0,True,144.444,12128,0,2412,1.129785,142.53142355658198,0
False,7,15,0,True,144.444,12128,0,2412,1.1297959999999998,142.53171798029555,0
False,7,15,0,True,144.444,12128,-34,2412,1.1298050000000002,142.5320123133754,0
False,7,15,0,True,144.444,12128,0,2412,1.1298149999999998,142.53230655586333,0
False,7,15,0,True,144.444,12128,0,2412,1.1298249999999999,142.5326007078012,0
False,7,15,0,True,144.444,12128,-36,2412,1.1298370000000002,142.53289476923075,0
False,7,15,0,True,144.444,12128,-37,2412,1.1298469999999998,142.53318874019382,0
False,7,15,0,True,144.444,12128,-44,2412,1.1298590000000002,142.53348262073206,0
False,7,15,0,True,144.444,12128,0,2412,1.1298689999999998,142.53377641088727,0
False,7,15,0,True,144.444,12128,0,2412,1.1298789999999999,142.5340701107011,0
False,7,15,0,True,144.444,12128,-36,2412,1.12989,142.53436372021523,0
False,7,15,0,True,144.444,12128,0,2412,1.1299009999999998,142.53465723947124,0
False,7,15,0,True,144.444,12128,-40,2412,1.1299109999999999,142.53495066851082,0
False,7,15,0,True,144.444,12128,0,2412,1.129921,142.53524400737552,0
False,7,15,0,True,144.444,12128,0,2412,1.129931,142.53553725610692,0
False,7,15,0,True,144.444,12128,-39,2412,1.129941,142.53583041474653,0
False,7,15,0,True,144.444,12128,0,2412,1.130029,142.5361234833359,0
False,7,15,0,True,144.444,12128,-42,2412,1.130045,142.53641646191645,0
False,7,15,0,True,144.444,12128,0,2412,1.130055,142.5367093505297,0
False,7,15,0,True,144.444,12128,0,2412,1.13007,142.53700214921705,0
False,7,15,0,True,144.444,12128,-41,2412,1.130083,142.53729485801995,0
False,7,15,0,True,144.444,12128,-37,2412,1.1300949999999998,142.53758747697972,0
False,7,15,0,True,144.444,12128,0,2412,1.131109,142.53788000613778,0
False,7,15,0,True,144.444,12128,-41,2412,1.131122,142.53817244553542,0
False,7,15,0,True,144.444,12128,0,2412,1.131132,142.53846479521397,0
False,7,15,0,True,144.444,12128,-37,2412,1.131141,142.53875705521472,0
False,7,15,0,True,144.444,12128,-44,2412,1.1311520000000002,142.53904922557888,0
False,7,15,0,True,144.444,12128,-39,2412,1.131163,142.53934130634775,0
False,7,15,0,True,144.444,12128,0,2412,1.1311740000000001,142.53963329756246,0
False,7,15,0,True,144.444,12128,-36,2412,1.1311849999999999,142.53992519926425,0
False,7,15,0,True,144.444,12128,-36,2412,1.1311969999999998,142.54021701149424,0
False,7,15,0,True,144.444,12128,-39,2412,1.1312090000000001,142.54050873429358,0
False,7,15,0,True,144.444,12128,0,2412,1.1312250000000001,142.54080036770338,0
False,7,15,0,True,144.444,12128,0,2412,1.1312389999999999,142.54109191176468,0
False,7,15,0,True,144.444,12128,0,2412,1.131249,142.5413833665186,0
False,7,15,0,True,144.444,12128,-40,2412,1.1312609999999999,142.5416747320061,0
False,7,15,0,True,144.444,12128,-44,2412,1.1340149999999998,142.54196600826825,0
False,7,15,0,True,144.444,12128,0,2412,1.134026,142.54225719534597,0
False,7,15,0,True,144.444,12128,0,2412,1.1340370000000002,142.54254829328025,0
False,7,15,0,True,144.444,12128,0,2412,1.134049,142.54283930211201,0
False,7,15,0,True,144.444,12128,0,2412,1.1340620000000001,142.54313022188217,0
False,7,15,0,True,144.444,12128,0,2412,1.1340729999999999,142.54342105263157,0
False,7,15,0,True,144.444,12128,-44,2412,1.1340849999999998,142.54371179440108,0
False,7,15,0,True,144.444,12128,0,2412,1.1340940000000002,142.54400244723155,0
False,7,15,0,True,144.444,12128,0,2412,1.134103,142.54429301116377,0
False,7,15,0,True,144.444,12128,-41,2412,1.134115,142.5445834862385,0
False,7,15,0,True,144.444,12128,0,2412,1.1341269999999999,142.54487387249654,0
False,7,15,0,True,144.444,12128,-40,2412,1.13414,142.5451641699786,0
False,7,15,0,True,144.444,12128,0,2412,1.1341510000000001,142.54545437872534,0
False,7,15,0,True,144.444,12128,-34,2412,1.1341610000000002,142.5457444987775,0
False,7,15,0,True,144.444,12128,0,2412,1.134173,142.5460345301757,0
False,7,15,0,True,144.444,12128,-41,2412,1.1341830000000002,142.54632447296058,0
False,7,15,0,True,144.444,12128,-44,2412,1.134195,142.54661432717273,0
False,7,15,0,True,144.444,12128,-37,2412,1.1354090000000001,142.54690409285277,0
False,7,15,0,True,144.444,12128,-36,2412,1.1354250000000001,142.54719377004122,0
False,7,15,0,True,144.444,12128,-40,2412,1.1354389999999999,142.5474833587786,0
False,7,15,0,True,144.444,12128,-39,2412,1.135628,142.54777285910546,0
False,7,15,0,True,144.444,12128,0,2412,1.1356410000000001,142.54806227106226,0
False,7,15,0,True,144.444,12128,-42,2412,1.135653,142.54835159468945,0
False,7,15,0,True,144.444,12128,0,2412,1.135666,142.54864083002747,0
False,7,15,0,True,144.444,12128,-41,2412,1.135679,142.5489299771167,0
False,7,15,0,True,144.444,12128,-37,2412,1.135691,142.54921903599754,0
False,7,15,0,True,144.444,12128,0,2412,1.1357050000000002,142.54950800671037,0
False,7,15,0,True,144.444,12128,0,2412,1.135717,142.54979688929552,0
False,7,15,0,True,144.444,12128,0,2412,1.135732,142.55008568379324,0
False,7,15,0,True,144.444,12128,-39,2412,1.135745,142.5503743902439,0
False,7,15,0,True,144.444,12128,-44,2412,1.135758,142.55066300868768,0
False,7,15,0,True,144.444,12128,-37,2412,1.13577,142.55095153916488,0
False,7,15,0,True,144.444,12128,0,2412,1.135783,142.55123998171567,0
False,7,15,0,True,144.444,12128,0,2412,1.135796,142.55152833638024,0
False,7,15,0,True,144.444,12128,-39,2412,1.135809,142.55181660319877,0
False,7,15,0,True,144.444,12128,-39,2412,1.135824,142.5521047822114,0
False,7,15,0,True,144.444,12128,-36,2412,1.1358449999999998,142.5523928734582,0
False,7,15,0,True,144.444,12128,-36,2412,1.135859,142.55268087697928,0
False,7,15,0,True,144.444,12128,-41,2412,1.1358799999999998,142.5529687928147,0
False,7,15,0,True,144.444,12128,-39,2412,1.135895,142.55325662100455,0
False,7,15,0,True,144.444,12128,-41,2412,1.1400290000000002,142.5535443615888,0
False,7,15,0,True,144.444,12128,0,2412,1.140044,142.55383201460742,0
False,7,15,0,True,144.444,12128,0,2412,1.1400579999999998,142.5541195801004,0
False,7,15,0,True,144.444,12128,0,2412,1.1400730000000001,142.5544070581077,0
False,7,15,0,True,144.444,12128,0,2412,1.1400869999999999,142.55469444866918,0
False,7,15,0,True,144.444,12128,-36,2412,1.1401,142.5549817518248,0
False,7,15,0,True,144.444,12128,-37,2412,1.140114,142.5552689676144,0
False,7,15,0,True,144.444,12128,-44,2412,1.1401270000000001,142.55555609607782,0
False,7,15,0,True,144.444,12128,-41,2412,1.1401409999999998,142.5558431372549,0
False,7,15,0,True,144.444,12128,0,2412,1.140155,142.5561300911854,0
False,7,15,0,True,144.444,12128,0,2412,1.140168,142.5564169579091,0
False,7,15,0,True,144.444,12128,-39,2412,1.140187,142.5567037374658,0
False,7,15,0,True,144.444,12128,0,2412,1.140202,142.55699042989517,0
False,7,15,0,True,144.444,12128,0,2412,1.1402160000000001,142.55727703523692,0
False,7,15,0,True,144.444,12128,-35,2412,1.1402290000000002,142.55756355353074,0
False,7,15,0,True,144.444,12128,0,2412,1.140243,142.55784998481627,0
False,7,15,0,True,144.444,12128,-39,2412,1.1402549999999998,142.55813632913313,0
False,7,15,0,True,144.444,12128,0,2412,1.143131,142.55842258652095,0
False,7,15,0,True,144.444,12128,-43,2412,1.1431580000000001,142.55870875701928,0
False,7,15,0,True,144.444,12128,-40,2412,1.143173,142.55899484066768,0
False,7,15,0,True,144.444,12128,-37,2412,1.143227,142.55928083750567,0
False,7,15,0,True,144.444,12128,-42,2412,1.1432410000000002,142.5595667475728,0
False,7,15,0,True,144.444,12128,0,2412,1.143253,142.55985257090853,0
False,7,15,0,True,144.444,12128,-44,2412,1.1432669999999998,142.5601383075523,0
False,7,15,0,True,144.444,12128,-39,2412,1.143281,142.56042395754358,0
False,7,15,0,True,144.444,12128,0,2412,1.143293,142.56070952092176,0
False,7,15,0,True,144.444,12128,0,2412,1.1433049999999998,142.56099499772623,0
False,7,15,0,True,144.444,12128,-37,2412,1.1433179999999998,142.56128038799636,0
False,7,15,0,True,144.444,12128,-39,2412,1.1433330000000002,142.56156569177148,0
False,7,15,0,True,144.444,12128,-39,2412,1.143348,142.5618509090909,0
False,7,15,0,True,144.444,12128,0,2412,1.143363,142.56213603999393,0
False,7,15,0,True,144.444,12128,0,2412,1.143377,142.56242108451983,0
False,7,15,0,True,144.444,12128,0,2412,1.1433900000000001,142.56270604270784,0
False,7,15,0,True,144.444,12128,-36,2412,1.1434039999999999,142.5629909145972,0
False,7,15,0,True,144.444,12128,-35,2412,1.143418,142.56327570022708,0
False,7,15,0,True,144.444,12128,0,2412,1.14343,142.56356039963669,0
False,7,15,0,True,144.444,12128,0,2412,1.1442890000000001,142.56384501286513,0
False,7,15,0,True,144.444,12128,-39,2412,1.144307,142.56412953995155,0
False,7,15,0,True,144.444,12128,0,2412,1.1445560000000001,142.5644139809351,0
False,7,15,0,True,144.444,12128,0,2412,1.144567,142.56469833585476,0
False,7,15,0,True,144.444,12128,-44,2412,1.1445789999999998,142.56498260474964,0
False,7,15,0,True,144.444,12128,0,2412,1.1445949999999998,142.5652667876588,0
False,7,15,0,True,144.444,12128,0,2412,1.1446100000000001,142.5655508846212,0
False,7,15,0,True,144.444,12128,0,2412,1.1446239999999999,142.56583489567583,0
False,7,15,0,True,144.444,12128,-34,2412,1.144638,142.56611882086167,0
False,7,15,0,True,144.444,12128,-41,2412,1.144651,142.56640266021765,0
False,7,15,0,True,144.444,12128,0,2412,1.1446640000000001,142.5666864137827,0
False,7,15,0,True,144.444,12128,0,2412,1.144679,142.56697008159563,0
False,7,15,0,True,144.444,12128,0,2412,1.144692,142.5672536636954,0
False,7,15,0,True,144.444,12128,0,2412,1.144704,142.56753716012085,0
False,7,15,0,True,144.444,12128,0,2412,1.144717,142.56782057091073,0
False,7,15,0,True,144.444,12128,-37,2412,1.14473,142.56810389610388,0
False,7,15,0,True,144.444,12128,-36,2412,1.1447409999999998,142.56838713573907,0
False,7,15,0,True,144.444,12128,0,2412,1.1447530000000001,142.56867028985505,0
False,7,15,0,True,144.444,12128,0,2412,1.1447720000000001,142.56895335849055,0
False,7,15,0,True,144.444,12128,-41,2412,1.1447859999999999,142.56923634168425,0
False,7,15,0,True,144.444,12128,-44,2412,1.1447980000000002,142.56951923947486,0
False,7,15,0,True,144.444,12128,-40,2412,1.1448109999999998,142.569802051901,0
False,7,15,0,True,144.444,12128,-40,2412,1.1453950000000002,142.57008477900135,0
False,7,15,0,True,144.444,12128,-44,2412,1.1454119999999999,142.57036742081448,0
False,7,15,0,True,144.444,12128,-41,2412,1.145428,142.57064997737896,0
False,7,15,0,True,144.444,12128,0,2412,1.145442,142.5709324487334,0
False,7,15,0,True,144.444,12128,0,2412,1.145454,142.5712148349163,0
False,7,15,0,True,144.444,12128,0,2412,1.1469040000000001,142.5714971359662,0
False,7,15,0,True,144.444,12128,-43,2412,1.1469230000000001,142.5717793519216,0
False,7,15,0,True,144.444,12128,-37,2412,1.1469369999999999,142.57206148282097,0
False,7,15,0,True,144.444,12128,0,2412,1.1469489999999998,142.5723435287027,0
False,7,15,0,True,144.444,12128,-44,2412,1.1469619999999998,142.5726254896053,0
False,7,15,0,True,144.444,12128,0,2412,1.1469740000000002,142.5729073655671,0
False,7,15,0,True,144.444,12128,0,2412,1.146986,142.57318915662648,0
False,7,15,0,True,144.444,12128,0,2412,1.146999,142.57347086282184,0
False,7,15,0,True,144.444,12128,-39,2412,1.1470120000000001,142.5737524841915,0
False,7,15,0,True,144.444,12128,-42,2412,1.1470250000000002,142.57403402077372,0
False,7,15,0,True,144.444,12128,0,2412,1.1479780000000002,142.57431547260686,0
False,7,15,0,True,144.444,12128,-39,2412,1.147996,142.5745968397291,0
False,7,15,0,True,144.444,12128,-39,2412,1.148009,142.57487812217875,0
False,7,15,0,True,144.444,12128,0,2412,1.148326,142.575159319994,0
False,7,15,0,True,144.444,12128,0,2412,1.1483400000000001,142.57544043321298,0
False,7,15,0,True,144.444,12128,-36,2412,1.1483539999999999,142.57572146187397,0
False,7,15,0,True,144.444,12128,0,2412,1.148367,142.57600240601502,0
False,7,15,0,True,144.444,12128,0,2412,1.1483789999999998,142.5762832656743,0
False,7,15,0,True,144.444,12128,-44,2412,1.148393,142.57656404088993,0
False,7,15,0,True,144.444,12128,-41,2412,1.1484079999999999,142.57684473169996,0
False,7,15,0,True,144.444,12128,-40,2412,1.148421,142.57712533814245,0
False,7,15,0,True,144.444,12128,-41,2412,1.1484450000000002,142.57740586025542,0
False,7,15,0,True,144.444,12128,-34,2412,1.148755,142.5776862980769,0
False,7,15,0,True,144.444,12128,0,2412,1.148768,142.57796665164486,0
False,7,15,0,True,144.444,12128,0,2412,1.1487820000000002,142.5782469209973,0
False,7,15,0,True,144.444,12128,0,2412,1.148794,142.5785271061721,0
False,7,15,0,True,144.444,12128,0,2412,1.148806,142.57880720720718,0
False,7,15,0,True,144.444,12128,0,2412,1.148819,142.5790872241405,0
False,7,15,0,True,144.444,12128,0,2412,1.148832,142.5793671570099,0
False,7,15,0,True,144.444,12128,0,2412,1.1488489999999998,142.5796470058532,0
False,7,15,0,True,144.444,12128,-36,2412,1.151075,142.57992677070828,0
False,7,15,0,True,144.444,12128,-41,2412,1.1511040000000001,142.5802064516129,0
False,7,15,0,True,144.444,12128,-40,2412,1.1511179999999999,142.58048604860485,0
False,7,15,0,True,144.444,12128,0,2412,1.151227,142.5807655617219,0
False,7,15,0,True,144.444,12128,0,2412,1.151239,142.5810449910018,0
False,7,15,0,True,144.444,12128,-40,2412,1.151252,142.58132433648223,0
False,7,15,0,True,144.444,12128,-43,2412,1.151265,142.5816035982009,0
False,7,15,0,True,144.444,12128,0,2412,1.151278,142.58188277619547,0
False,7,15,0,True,144.444,12128,-44,2412,1.151291,142.58216187050357,0
False,7,15,0,True,144.444,12128,0,2412,1.151303,142.58244088116288,0
False,7,15,0,True,144.444,12128,-37,2412,1.1513149999999999,142.58271980821095,0
False,7,15,0,True,144.444,12128,0,2412,1.151326,142.5829986516854,0
False,7,15,0,True,144.444,12128,0,2412,1.151338,142.5832774116237,0
False,7,15,0,True,144.444,12128,0,2412,1.1513499999999999,142.5835560880635,0
False,7,15,0,True,144.444,12128,-44,2412,1.1513619999999998,142.58383468104222,0
False,7,15,0,True,144.444,12128,-40,2412,1.1513749999999998,142.58411319059738,0
False,7,15,0,True,144.444,12128,-36,2412,1.1513879999999999,142.58439161676645,0
False,7,15,0,True,144.444,12128,0,2412,1.1514000000000002,142.58466995958688,0
False,7,15,0,True,144.444,12128,0,2412,1.1514129999999998,142.58494821909608,0
False,7,15,0,True,144.444,12128,-39,2412,1.15143,142.58522639533143,0
False,7,15,0,True,144.444,12128,0,2412,1.151443,142.58550448833032,0
False,7,15,0,True,144.444,12128,-42,2412,1.1514540000000002,142.58578249813013,0
False,7,15,0,True,144.444,12128,-39,2412,1.151466,142.58606042476816,0
False,7,15,0,True,144.444,12128,-36,2412,1.152288,142.58633826828174,0
False,7,15,0,True,144.444,12128,-36,2412,1.152316,142.5866160287081,0
False,7,15,0,True,144.444,12128,-41,2412,1.15233,142.5868937060846,0
False,7,15,0,True,144.444,12128,-42,2412,1.1523430000000001,142.5871713004484,0
False,7,15,0,True,144.444,12128,0,2412,1.1523569999999999,142.5874488118368,0
False,7,15,0,True,144.444,12128,-35,2412,1.15237,142.58772624028688,0
False,7,15,0,True,144.444,12128,-42,2412,1.152383,142.58800358583593,0
False,7,15,0,True,144.444,12128,0,2412,1.1523940000000001,142.58828084852107,0
False,7,15,0,True,144.444,12128,0,2412,1.1524070000000002,142.58855802837937,0
False,7,15,0,True,144.444,12128,0,2412,1.1524269999999999,142.588835125448,0
False,7,15,0,True,144.444,12128,0,2412,1.15244,142.58911213976407,0
False,7,15,0,True,144.444,12128,0,2412,1.153419,142.5893890713646,0
False,7,15,0,True,144.444,12128,0,2412,1.1534399999999998,142.5896659202866,0
False,7,15,0,True,144.444,12128,-36,2412,1.153454,142.58994268656716,0
False,7,15,0,True,144.444,12128,0,2412,1.153474,142.59021937024323,0
False,7,15,0,True,144.444,12128,-41,2412,1.155278,142.59049597135183,0
False,7,15,0,True,144.444,12128,-43,2412,1.1552959999999999,142.59077248992986,0
False,7,15,0,True,144.444,12128,-40,2412,1.1553110000000002,142.5910489260143,0
False,7,15,0,True,144.444,12128,0,2412,1.1554699999999998,142.59132527964206,0
False,7,15,0,True,144.444,12128,0,2412,1.1554829999999998,142.59160155085,0
False,7,15,0,True,144.444,12128,0,2412,1.1554959999999999,142.59187773967494,0
False,7,15,0,True,144.444,12128,-36,2412,1.1555110000000002,142.59215384615385,0
False,7,15,0,True,144.444,12128,0,2412,1.155525,142.59242987032343,0
False,7,15,0,True,144.444,12128,-37,2412,1.155539,142.59270581222054,0
False,7,15,0,True,144.444,12128,0,2412,1.155551,142.59298167188197,0
False,7,15,0,True,144.444,12128,0,2412,1.155564,142.59325744934446,0
False,7,15,0,True,144.444,12128,-41,2412,1.155577,142.5935331446447,0
False,7,15,0,True,144.444,12128,-36,2412,1.155592,142.59380875781946,0
False,7,15,0,True,144.444,12128,0,2412,1.1556039999999999,142.5940842889054,0
False,7,15,0,True,144.444,12128,-35,2412,1.1556160000000002,142.59435973793924,0
False,7,15,0,True,144.444,12128,-44,2412,1.1556289999999998,142.59463510495758,0
False,7,15,0,True,144.444,12128,-41,2412,1.155643,142.594910389997,0
False,7,15,0,True,144.444,12128,0,2412,1.155656,142.59518559309421,0
False,7,15,0,True,144.444,12128,0,2412,1.155668,142.5954607142857,0
False,7,15,0,True,144.444,12128,0,2412,1.155681,142.59573575360807,0
False,7,15,0,True,144.444,12128,-43,2412,1.1556929999999999,142.59601071109788,0
False,7,15,0,True,144.444,12128,-40,2412,1.155713,142.5962855867916,0
False,7,15,0,True,144.444,12128,-39,2412,1.1557270000000002,142.59656038072575,0
False,7,15,0,True,144.444,12128,0,2412,1.1582270000000001,142.59683509293677,0
False,7,15,0,True,144.444,12128,-36,2412,1.1582400000000002,142.5971097234612,0
False,7,15,0,True,144.444,12128,-40,2412,1.1582530000000002,142.59738427233535,0
False,7,15,0,True,144.444,12128,0,2412,1.158265,142.59765873959572,0
False,7,15,0,True,144.444,12128,0,2412,1.158277,142.59793312527864,0
False,7,15,0,True,144.444,12128,-39,2412,1.15829,142.5982074294205,0
False,7,15,0,True,144.444,12128,0,2412,1.158303,142.59848165205764,0
False,7,15,0,True,144.444,12128,0,2412,1.1583160000000001,142.5987557932264,0
False,7,15,0,True,144.444,12128,-42,2412,1.1583290000000002,142.599029852963,0
False,7,15,0,True,144.444,12128,-36,2412,1.158341,142.5993038313038,0
False,7,15,0,True,144.444,12128,-36,2412,1.158354,142.59957772828506,0
False,7,15,0,True,144.444,12128,0,2412,1.1583670000000001,142.59985154394298,0
False,7,15,0,True,144.444,12128,-42,2412,1.1583800000000002,142.60012527831378,0
False,7,15,0,True,144.444,12128,-41,2412,1.1583929999999998,142.60039893143366,0
False,7,15,0,True,144.444,12128,0,2412,1.1584050000000001,142.60067250333876,0
False,7,15,0,True,144.444,12128,0,2412,1.1584180000000002,142.60094599406526,0
False,7,15,0,True,144.444,12128,0,2412,1.1584309999999998,142.60121940364928,0
False,7,15,0,True,144.444,12128,0,2412,1.1601430000000001,142.60149273212696,0
False,7,15,0,True,144.444,12128,0,2412,1.1601689999999998,142.60176597953432,0
False,7,15,0,True,144.444,12128,-39,2412,1.160183,142.60203914590747,0
False,7,15,0,True,144.444,12128,-39,2412,1.160237,142.6023122312824,0
False,7,15,0,True,144.444,12128,0,2412,1.1602489999999999,142.60258523569522,0
False,7,15,0,True,144.444,12128,0,2412,1.160262,142.60285815918184,0
False,7,15,0,True,144.444,12128,0,2412,1.1602739999999998,142.6031310017783,0
False,7,15,0,True,144.444,12128,-43,2412,1.1602860000000002,142.6034037635205,0
False,7,15,0,True,144.444,12128,-41,2412,1.1602999999999999,142.60367644444443,0
False,7,15,0,True,144.444,12128,0,2412,1.160313,142.603949044586,0
False,7,15,0,True,144.444,12128,-36,2412,1.1603249999999998,142.60422156398104,0
False,7,15,0,True,144.444,12128,0,2412,1.1603370000000002,142.60449400266546,0
False,7,15,0,True,144.444,12128,-40,2412,1.1603499999999998,142.60476636067514,0
False,7,15,0,True,144.444,12128,-41,2412,1.1603629999999998,142.60503863804587,0
False,7,15,0,True,144.444,12128,0,2412,1.1603759999999999,142.60531083481348,0
False,7,15,0,True,144.444,12128,0,2412,1.160389,142.60558295101376,0
False,7,15,0,True,144.444,12128,0,2412,1.160402,142.60585498668243,0
False,7,15,0,True,144.444,12128,-41,2412,1.160415,142.6061269418553,0
False,7,15,0,True,144.444,12128,-34,2412,1.1604290000000002,142.60639881656803,0
False,7,15,0,True,144.444,12128,0,2412,1.1604420000000002,142.60667061085638,0
False,7,15,0,True,144.444,12128,-39,2412,1.1604549999999998,142.60694232475598,0
False,7,15,0,True,144.444,12128,-44,2412,1.1606429999999999,142.6072139583025,0
False,7,15,0,True,144.444,12128,0,2412,1.162559,142.60748551153162,0
False,7,15,0,True,144.444,12128,-39,2412,1.162589,142.60775698447893,0
False,7,15,0,True,144.444,12128,0,2412,1.1626029999999998,142.60802837718,0
False,7,15,0,True,144.444,12128,-40,2412,1.162617,142.60829968967045,0
False,7,15,0,True,144.444,12128,0,2412,1.1626310000000002,142.6085709219858,0
False,7,15,0,True,144.444,12128,0,2412,1.162645,142.6088420741616,0
False,7,15,0,True,144.444,12128,-37,2412,1.1626599999999998,142.60911314623337,0
False,7,15,0,True,144.444,12128,0,2412,1.162674,142.60938413823658,0
False,7,15,0,True,144.444,12128,0,2412,1.162687,142.60965505020673,0
False,7,15,0,True,144.444,12128,0,2412,1.1627,142.60992588217923,0
False,7,15,0,True,144.444,12128,-40,2412,1.1627139999999998,142.61019663418952,0
False,7,15,0,True,144.444,12128,-36,2412,1.1627269999999998,142.61046730627305,0
False,7,15,0,True,144.444,12128,0,2412,1.1627420000000002,142.61073789846517,0
False,7,15,0,True,144.444,12128,-44,2412,1.162756,142.61100841080122,0
False,7,15,0,True,144.444,12128,0,2412,1.1627679999999998,142.6112788433166,0
False,7,15,0,True,144.444,12128,-39,2412,1.1627800000000001,142.6115491960466,0
False,7,15,0,True,144.444,12128,0,2412,1.1628310000000002,142.61181946902653,0
False,7,15,0,True,144.444,12128,0,2412,1.162845,142.61208966229168,0
False,7,15,0,True,144.444,12128,-39,2412,1.162858,142.6123597758773,0
False,7,15,0,True,144.444,12128,-42,2412,1.1629079999999998,142.61262980981866,0
False,7,15,0,True,144.444,12128,0,2412,1.1629209999999999,142.61289976415094,0
False,7,15,0,True,144.444,12128,0,2412,1.162935,142.61316963890934,0
False,7,15,0,True,144.444,12128,0,2412,1.162948,142.61343943412908,0
False,7,15,0,True,144.444,12128,0,2412,1.1629610000000001,142.61370914984528,0
False,7,15,0,True,144.444,12128,0,2412,1.162976,142.6139787860931,0
False,7,15,0,True,144.444,12128,0,2412,1.1629900000000002,142.61424834290764,0
False,7,15,0,True,144.444,12128,0,2412,1.163008,142.614517820324,0
False,7,15,0,True,144.444,12128,0,2412,1.163021,142.61478721837727,0
False,7,15,0,True,144.444,12128,0,2412,1.1638259999999998,142.61505653710248,0
False,7,15,0,True,144.444,12128,0,2412,1.163843,142.61532577653466,0
False,7,15,0,True,144.444,12128,-39,2412,1.163856,142.61559493670885,0
False,7,15,0,True,144.444,12128,-35,2412,1.1638700000000002,142.61586401766004,0
False,7,15,0,True,144.444,12128,-42,2412,1.163882,142.6161330194232,0
False,7,15,0,True,144.444,12128,-41,2412,1.163894,142.61640194203324,0
False,7,15,0,True,144.444,12128,-43,2412,1.1639059999999999,142.61667078552514,0
False,7,15,0,True,144.444,12128,0,2412,1.163919,142.61693954993382,0
False,7,15,0,True,144.444,12128,-40,2412,1.1639309999999998,142.6172082352941,0
False,7,15,0,True,144.444,12128,0,2412,1.166883,142.61747684164092,0
False,7,15,0,True,144.444,12128,0,2412,1.1668949999999998,142.6177453690091,0
False,7,15,0,True,144.444,12128,-40,2412,1.166906,142.61801381743348,0
False,7,15,0,True,144.444,12128,0,2412,1.1669170000000002,142.61828218694885,0
False,7,15,0,True,144.444,12128,0,2412,1.1669269999999998,142.61855047759,0
False,7,15,0,True,144.444,12128,-34,2412,1.166938,142.6188186893917,0
False,7,15,0,True,144.444,12128,-41,2412,1.1669489999999998,142.6190868223887,0
False,7,15,0,True,144.444,12128,0,2412,1.1669610000000001,142.61935487661572,0
False,7,15,0,True,144.444,12128,0,2412,1.166973,142.61962285210748,0
False,7,15,0,True,144.444,12128,-36,2412,1.1669869999999998,142.61989074889868,0
False,7,15,0,True,144.444,12128,0,2412,1.1669999999999998,142.6201585670239,0
False,7,15,0,True,144.444,12128,0,2412,1.1670099999999999,142.62042630651788,0
False,7,15,0,True,144.444,12128,-44,2412,1.1670310000000002,142.6206939674152,0
False,7,15,0,True,144.444,12128,0,2412,1.1670440000000002,142.6209615497505,0
False,7,15,0,True,144.444,12128,0,2412,1.167967,142.6212290535583,0
False,7,15,0,True,144.444,12128,-39,2412,1.169915,142.62149647887324,0
False,7,15,0,True,144.444,12128,0,2412,1.169933,142.62176382572977,0
False,7,15,0,True,144.444,12128,-39,2412,1.169947,142.6220310941625,0
False,7,15,0,True,144.444,12128,0,2412,1.1699890000000002,142.6222982842059,0
False,7,15,0,True,144.444,12128,-43,2412,1.17,142.6225653958944,0
False,7,15,0,True,144.444,12128,-44,2412,1.1700119999999998,142.62283242926256,0
False,7,15,0,True,144.444,12128,-39,2412,1.170022,142.62309938434475,0
False,7,15,0,True,144.444,12128,0,2412,1.170033,142.62336626117542,0
False,7,15,0,True,144.444,12128,0,2412,1.1706629999999998,142.62363305978897,0
False,7,15,0,True,144.444,12128,0,2412,1.1706729999999999,142.62389978021977,0
False,7,15,0,True,144.444,12128,-40,2412,1.170684,142.62416642250219,0
False,7,15,0,True,144.444,12128,0,2412,1.1706949999999998,142.62443298667057,0
False,7,15,0,True,144.444,12128,0,2412,1.1707070000000002,142.62469947275923,0
False,7,15,0,True,144.444,12128,0,2412,1.170718,142.62496588080245,0
False,7,15,0,True,144.444,12128,0,2412,1.170728,142.62523221083455,0
False,7,15,0,True,144.444,12128,-37,2412,1.170738,142.62549846288977,0
False,7,15,0,True,144.444,12128,-44,2412,1.170747,142.62576463700233,0
False,7,15,0,True,144.444,12128,0,2412,1.1707580000000002,142.62603073320648,0
False,7,15,0,True,144.444,12128,-36,2412,1.17077,142.62629675153642,0
False,7,15,0,True,144.444,12128,-40,2412,1.170785,142.6265626920263,0
False,7,15,0,True,144.444,12128,-40,2412,1.170801,142.62682855471036,0
False,7,15,0,True,144.444,12128,0,2412,1.171309,142.62709433962263,0
False,7,15,0,True,144.444,12128,-40,2412,1.1713230000000001,142.6273600467973,0
False,7,15,0,True,144.444,12128,0,2412,1.1713360000000002,142.62762567626845,0
False,7,15,0,True,144.444,12128,0,2412,1.17135,142.62789122807015,0
False,7,15,0,True,144.444,12128,0,2412,1.171364,142.6281567022365,0
False,7,15,0,True,144.444,12128,-44,2412,1.1713770000000001,142.6284220988015,0
False,7,15,0,True,144.444,12128,-36,2412,1.1713909999999998,142.6286874177992,0
False,7,15,0,True,144.444,12128,0,2412,1.171405,142.62895265926358,0
False,7,15,0,True,144.444,12128,-39,2412,1.17142,142.62921782322863,0
False,7,15,0,True,144.444,12128,0,2412,1.171434,142.6294829097283,0
False,7,15,0,True,144.444,12128,0,2412,1.1714479999999998,142.62974791879654,0
False,7,15,0,True,144.444,12128,-44,2412,1.171462,142.63001285046727,0
False,7,15,0,True,144.444,12128,0,2412,1.1714760000000002,142.63027770477441,0
False,7,15,0,True,144.444,12128,0,2412,1.171491,142.63054248175183,0
False,7,15,0,True,144.444,12128,0,2412,1.1715049999999998,142.63080718143334,0
False,7,15,0,True,144.444,12128,-39,2412,1.1715209999999998,142.63107180385288,0
False,7,15,0,True,144.444,12128,-44,2412,1.172346,142.6313363490442,0
False,7,15,0,True,144.444,12128,-43,2412,1.1723620000000001,142.63160081704115,0
False,7,15,0,True,144.444,12128,0,2412,1.1731759999999998,142.63186520787747,0
False,7,15,0,True,144.444,12128,-39,2412,1.173193,142.63212952158693,0
False,7,15,0,True,144.444,12128,-41,2412,1.17346,142.63239375820328,0
False,7,15,0,True,144.444,12128,-36,2412,1.1734740000000001,142.63265791776027,0
False,7,15,0,True,144.444,12128,-37,2412,1.1734870000000002,142.6329220002916,0
False,7,15,0,True,144.444,12128,0,2412,1.1734999999999998,142.63318600583088,0
False,7,15,0,True,144.444,12128,-37,2412,1.173515,142.63344993441189,0
False,7,15,0,True,144.444,12128,-36,2412,1.1735289999999998,142.6337137860682,0
False,7,15,0,True,144.444,12128,-35,2412,1.1735440000000001,142.63397756083344,0
False,7,15,0,True,144.444,12128,0,2412,1.1735600000000002,142.63424125874124,0
False,7,15,0,True,144.444,12128,-39,2412,1.173575,142.6345048798252,0
False,7,15,0,True,144.444,12128,-41,2412,1.17359,142.63476842411885,0
False,7,15,0,True,144.444,12128,-35,2412,1.173604,142.63503189165573,0
False,7,15,0,True,144.444,12128,0,2412,1.173623,142.63529528246943,0
False,7,15,0,True,144.444,12128,0,2412,1.173638,142.63555859659337,0
False,7,15,0,True,144.444,12128,0,2412,1.173651,142.63582183406112,0
False,7,15,0,True,144.444,12128,-41,2412,1.1736659999999999,142.63608499490613,0
False,7,15,0,True,144.444,12128,-36,2412,1.173686,142.63634807916182,0
False,7,15,0,True,144.444,12128,0,2412,1.1737000000000002,142.63661108686162,0
False,7,15,0,True,144.444,12128,0,2412,1.176056,142.63687401803898,0
False,7,15,0,True,144.444,12128,0,2412,1.1760730000000001,142.63713687272727,0
False,7,15,0,True,144.444,12128,-41,2412,1.1760869999999999,142.63739965095985,0
False,7,15,0,True,144.444,12128,-36,2412,1.1762839999999999,142.6376623527701,0
False,7,15,0,True,144.444,12128,-44,2412,1.176297,142.63792497819134,0
False,7,15,0,True,144.444,12128,0,2412,1.17631,142.63818752725686,0
False,7,15,0,True,144.444,12128,0,2412,1.1763240000000001,142.63845,0
False,7,15,0,True,144.444,12128,0,2412,1.1763400000000002,142.638712396454,0
False,7,15,0,True,144.444,12128,-44,2412,1.176352,142.63897471665214,0
False,7,15,0,True,144.444,12128,0,2412,1.176367,142.6392369606276,0
False,7,15,0,True,144.444,12128,0,2412,1.17638,142.6394991284137,0
False,7,15,0,True,144.444,12128,-39,2412,1.1763919999999999,142.63976122004357,0
False,7,15,0,True,144.444,12128,-39,2412,1.176405,142.6400232355504,0
False,7,15,0,True,144.444,12128,-34,2412,1.1764169999999998,142.64028517496732,0
False,7,15,0,True,144.444,12128,-43,2412,1.1764290000000002,142.64054703832753,0
False,7,15,0,True,144.444,12128,0,2412,1.1764419999999998,142.6408088256641,0
False,7,15,0,True,144.444,12128,0,2412,1.1764549999999998,142.64107053701014,0
False,7,15,0,True,144.444,12128,0,2412,1.1764679999999998,142.64133217239876,0
False,7,15,0,True,144.444,12128,-40,2412,1.1764800000000002,142.64159373186303,0
False,7,15,0,True,144.444,12128,0,2412,1.176492,142.64185521543595,0
False,7,15,0,True,144.444,12128,-43,2412,1.1786819999999998,142.64211662315057,0
False,7,15,0,True,144.444,12128,-44,2412,1.178699,142.64237795503988,0
False,7,15,0,True,144.444,12128,-39,2412,1.1787139999999998,142.64263921113687,0
False,7,15,0,True,144.444,12128,-42,2412,1.1787640000000001,142.64290039147454,0
False,7,15,0,True,144.444,12128,-41,2412,1.178776,142.6431614960858,0
False,7,15,0,True,144.444,12128,0,2412,1.178789,142.64342252500361,0
False,7,15,0,True,144.444,12128,0,2412,1.1788020000000001,142.64368347826084,0
False,7,15,0,True,144.444,12128,-39,2412,1.1788150000000002,142.64394435589043,0
False,7,15,0,True,144.444,12128,0,2412,1.178827,142.64420515792523,0
False,7,15,0,True,144.444,12128,-36,2412,1.17884,142.64446588439807,0
False,7,15,0,True,144.444,12128,-35,2412,1.178852,142.64472653534182,0
False,7,15,0,True,144.444,12128,0,2412,1.1788660000000002,142.64498711078926,0
False,7,15,0,True,144.444,12128,0,2412,1.178878,142.64524761077323,0
False,7,15,0,True,144.444,12128,-40,2412,1.1788910000000001,142.64550803532646,0
False,7,15,0,True,144.444,12128,-36,2412,1.1789040000000002,142.64576838448176,0
False,7,15,0,True,144.444,12128,0,2412,1.178916,142.6460286582718,0
False,7,15,0,True,144.444,12128,-37,2412,1.1789299999999998,142.64628885672937,0
False,7,15,0,True,144.444,12128,-35,2412,1.1789429999999999,142.64654897988711,0
False,7,15,0,True,144.444,12128,-36,2412,1.178956,142.64680902777775,0
False,7,15,0,True,144.444,12128,-37,2412,1.178969,142.64706900043396,0
False,7,15,0,True,144.444,12128,-40,2412,1.178982,142.64732889788834,0
False,7,15,0,True,144.444,12128,0,2412,1.179891,142.64758872017353,0
False,7,15,0,True,144.444,12128,0,2412,1.1799050000000002,142.64784846732215,0
False,7,15,0,True,144.444,12128,-44,2412,1.1799179999999998,142.64810813936677,0
False,7,15,0,True,144.444,12128,-40,2412,1.1799300000000001,142.64836773633996,0
False,7,15,0,True,144.444,12128,-44,2412,1.1799430000000002,142.6486272582743,0
False,7,15,0,True,144.444,12128,0,2412,1.179958,142.6488867052023,0
False,7,15,0,True,144.444,12128,-39,2412,1.179973,142.64914607715647,0
False,7,15,0,True,144.444,12128,-39,2412,1.1799870000000001,142.6494053741693,0
False,7,15,0,True,144.444,12128,0,2412,1.1800000000000002,142.64966459627328,0
False,7,15,0,True,144.444,12128,0,2412,1.180012,142.64992374350084,0
False,7,15,0,True,144.444,12128,-43,2412,1.1800320000000002,142.65018281588445,0
False,7,15,0,True,144.444,12128,-34,2412,1.180046,142.65044181345652,0
False,7,15,0,True,144.444,12128,0,2412,1.1800579999999998,142.65070073624946,0
False,7,15,0,True,144.444,12128,0,2412,1.180072,142.6509595842956,0
False,7,15,0,True,144.444,12128,-40,2412,1.180085,142.65121835762736,0
False,7,15,0,True,144.444,12128,0,2412,1.1807889999999999,142.65147705627703,0
False,7,15,0,True,144.444,12128,0,2412,1.1808070000000002,142.651735680277,0
False,7,15,0,True,144.444,12128,-36,2412,1.180821,142.65199422965955,0
False,7,15,0,True,144.444,12128,0,2412,1.180835,142.65225270445694,0
False,7,15,0,True,144.444,12128,-39,2412,1.1808480000000001,142.65251110470146,0
False,7,15,0,True,144.444,12128,-35,2412,1.1821130000000002,142.65276943042537,0
False,7,15,0,True,144.444,12128,-36,2412,1.182131,142.6530276816609,0
False,7,15,0,True,144.444,12128,0,2412,1.182146,142.65328585844023,0
False,7,15,0,True,144.444,12128,-39,2412,1.182159,142.6535439607956,0
False,7,15,0,True,144.444,12128,-36,2412,1.1821730000000001,142.65380198875917,0
False,7,15,0,True,144.444,12128,-40,2412,1.1821869999999999,142.6540599423631,0
False,7,15,0,True,144.444,12128,-37,2412,1.182201,142.65431782163952,0
False,7,15,0,True,144.444,12128,0,2412,1.1822149999999998,142.65457562662056,0
False,7,15,0,True,144.444,12128,0,2412,1.182229,142.6548333573383,0
False,7,15,0,True,144.444,12128,0,2412,1.1822430000000002,142.6550910138249,0
False,7,15,0,True,144.444,12128,0,2412,1.182258,142.6553485961123,0
False,7,15,0,True,144.444,12128,-35,2412,1.1822689999999998,142.65560610423265,0
False,7,15,0,True,144.444,12128,-41,2412,1.1822840000000001,142.65586353821791,0
False,7,15,0,True,144.444,12128,-37,2412,1.1822979999999998,142.65612089810017,0
False,7,15,0,True,144.444,12128,-36,2412,1.182318,142.65637818391133,0
False,7,15,0,True,144.444,12128,-35,2412,1.1823320000000002,142.65663539568345,0
False,7,15,0,True,144.444,12128,0,2412,1.1833930000000001,142.6568925334484,0
False,7,15,0,True,144.444,12128,0,2412,1.1834129999999998,142.6571495972382,0
False,7,15,0,True,144.444,12128,-41,2412,1.1834280000000001,142.6574065870847,0
False,7,15,0,True,144.444,12128,-39,2412,1.1834419999999999,142.65766350301982,0
False,7,15,0,True,144.444,12128,0,2412,1.1835,142.65792034507547,0
False,7,15,0,True,144.444,12128,0,2412,1.1835149999999999,142.65817711328347,0
False,7,15,0,True,144.444,12128,-39,2412,1.183529,142.65843380767572,0
False,7,15,0,True,144.444,12128,0,2412,1.183542,142.658690428284,0
False,7,15,0,True,144.444,12128,0,2412,1.1835559999999998,142.65894697514008,0
False,7,15,0,True,144.444,12128,-36,2412,1.18357,142.65920344827586,0
False,7,15,0,True,144.444,12128,0,2412,1.183592,142.659459847723,0
False,7,15,0,True,144.444,12128,0,2412,1.184568,142.65971617351335,0
False,7,15,0,True,144.444,12128,0,2412,1.1845849999999998,142.65997242567857,0
False,7,15,0,True,144.444,12128,0,2412,1.1846009999999998,142.66022860425042,0
False,7,15,0,True,144.444,12128,0,2412,1.1846169999999998,142.66048470926057,0
False,7,15,0,True,144.444,12128,0,2412,1.1846299999999998,142.66074074074072,0
False,7,15,0,True,144.444,12128,-41,2412,1.184644,142.66099669872256,0
False,7,15,0,True,144.444,12128,0,2412,1.1846579999999998,142.66125258323765,0
False,7,15,0,True,144.444,12128,-44,2412,1.1846709999999998,142.66150839431768,0
False,7,15,0,True,144.444,12128,-37,2412,1.187052,142.66176413199426,0
False,7,15,0,True,144.444,12128,0,2412,1.1870690000000002,142.66201979629895,0
False,7,15,0,True,144.444,12128,-39,2412,1.1870820000000002,142.66227538726332,0
False,7,15,0,True,144.444,12128,-44,2412,1.187134,142.66253090491895,0
False,7,15,0,True,144.444,12128,0,2412,1.187147,142.66278634929736,0
False,7,15,0,True,144.444,12128,-44,2412,1.1871589999999999,142.6630417204301,0
False,7,15,0,True,144.444,12128,0,2412,1.1871740000000002,142.6632970183486,0
False,7,15,0,True,144.444,12128,0,2412,1.187189,142.6635522430844,0
False,7,15,0,True,144.444,12128,-34,2412,1.187201,142.66380739466894,0
False,7,15,0,True,144.444,12128,-43,2412,1.1872159999999998,142.66406247313367,0
False,7,15,0,True,144.444,12128,-39,2412,1.18723,142.66431747851001,0
False,7,15,0,True,144.444,12128,-40,2412,1.1872440000000002,142.66457241082938,0
False,7,15,0,True,144.444,12128,0,2412,1.1872569999999998,142.66482727012317,0
False,7,15,0,True,144.444,12128,0,2412,1.187271,142.66508205642273,0
False,7,15,0,True,144.444,12128,-39,2412,1.1872859999999998,142.66533676975945,0
False,7,15,0,True,144.444,12128,0,2412,1.1873010000000002,142.66559141016464,0
False,7,15,0,True,144.444,12128,0,2412,1.187316,142.66584597766962,0
False,7,15,0,True,144.444,12128,0,2412,1.1873299999999998,142.6661004723057,0
False,7,15,0,True,144.444,12128,-35,2412,1.1873420000000001,142.66635489410416,0
False,7,15,0,True,144.444,12128,0,2412,1.187357,142.66660924309627,0
False,7,15,0,True,144.444,12128,-40,2412,1.1873710000000002,142.6668635193133,0
False,7,15,0,True,144.444,12128,-42,2412,1.187427,142.66711772278643,0
False,7,15,0,True,144.444,12128,-36,2412,1.187439,142.6673718535469,0
False,7,15,0,True,144.444,12128,-35,2412,1.1874539999999998,142.6676259116259,0
False,7,15,0,True,144.444,12128,-39,2412,1.187468,142.6678798970546,0
False,7,15,0,True,144.444,12128,0,2412,1.1874799999999999,142.66813380986417,0
False,7,15,0,True,144.444,12128,0,2412,1.187494,142.66838765008575,0
False,7,15,0,True,144.444,12128,-36,2412,1.1879149999999998,142.66864141775045,0
False,7,15,0,True,144.444,12128,-40,2412,1.1879309999999998,142.66889511288937,0
False,7,15,0,True,144.444,12128,-36,2412,1.1879439999999999,142.66914873553364,0
False,7,15,0,True,144.444,12128,0,2412,1.1879589999999998,142.66940228571428,0
False,7,15,0,True,144.444,12128,0,2412,1.1879719999999998,142.66965576346234,0
False,7,15,0,True,144.444,12128,0,2412,1.1879849999999998,142.6699091688089,0
False,7,15,0,True,144.444,12128,-37,2412,1.1879970000000002,142.67016250178494,0
False,7,15,0,True,144.444,12128,-37,2412,1.188012,142.67041576242147,0
False,7,15,0,True,144.444,12128,-41,2412,1.188542,142.67066895074944,0
False,7,15,0,True,144.444,12128,-35,2412,1.1885590000000001,142.67092206679987,0
False,7,15,0,True,144.444,12128,-36,2412,1.1885729999999999,142.67117511060368,0
False,7,15,0,True,144.444,12128,-39,2412,1.188586,142.67142808219177,0
False,7,15,0,True,144.444,12128,-41,2412,1.1886450000000002,142.67168098159507,0
False,7,15,0,True,144.444,12128,0,2412,1.188659,142.6719338088445,0
False,7,15,0,True,144.444,12128,0,2412,1.1900270000000002,142.67218656397088,0
False,7,15,0,True,144.444,12128,-41,2412,1.1900439999999999,142.67243924700512,0
False,7,15,0,True,144.444,12128,-39,2412,1.1900590000000002,142.67269185797804,0
False,7,15,0,True,144.444,12128,0,2412,1.190073,142.67294439692043,0
False,7,15,0,True,144.444,12128,0,2412,1.190086,142.67319686386313,0
False,7,15,0,True,144.444,12128,0,2412,1.1900979999999999,142.67344925883694,0
False,7,15,0,True,144.444,12128,0,2412,1.1901130000000002,142.6737015818726,0
False,7,15,0,True,144.444,12128,-36,2412,1.190127,142.67395383300084,0
False,7,15,0,True,144.444,12128,0,2412,1.19014,142.67420601225245,0
False,7,15,0,True,144.444,12128,0,2412,1.190153,142.6744581196581,0
False,7,15,0,True,144.444,12128,0,2412,1.1901670000000002,142.67471015524853,0
False,7,15,0,True,144.444,12128,0,2412,1.1901799999999998,142.67496211905438,0
False,7,15,0,True,144.444,12128,-41,2412,1.190194,142.67521401110636,0
False,7,15,0,True,144.444,12128,0,2412,1.190207,142.67546583143508,0
False,7,15,0,True,144.444,12128,0,2412,1.191347,142.67571758007117,0
False,7,15,0,True,144.444,12128,-39,2412,1.191363,142.67596925704527,0
False,7,15,0,True,144.444,12128,-44,2412,1.1914829999999998,142.67622086238794,0
False,7,15,0,True,144.444,12128,0,2412,1.1914959999999999,142.67647239612975,0
False,7,15,0,True,144.444,12128,-43,2412,1.1915079999999998,142.67672385830133,0
False,7,15,0,True,144.444,12128,-34,2412,1.191519,142.67697524893313,0
False,7,15,0,True,144.444,12128,-40,2412,1.191532,142.67722656805574,0
False,7,15,0,True,144.444,12128,-39,2412,1.191545,142.67747781569963,0
False,7,15,0,True,144.444,12128,0,2412,1.191557,142.67772899189535,0
False,7,15,0,True,144.444,12128,0,2412,1.1915689999999999,142.67798009667328,0
False,7,15,0,True,144.444,12128,0,2412,1.191583,142.67823113006395,0
False,7,15,0,True,144.444,12128,0,2412,1.191595,142.67848209209777,0
False,7,15,0,True,144.444,12128,0,2412,1.1916129999999998,142.67873298280517,0
False,7,15,0,True,144.444,12128,-39,2412,1.192554,142.67898380221652,0
False,7,15,0,True,144.444,12128,0,2412,1.19257,142.67923455036225,0
False,7,15,0,True,144.444,12128,0,2412,1.192583,142.67948522727272,0
False,7,15,0,True,144.444,12128,-43,2412,1.192596,142.67973583297825,0
False,7,15,0,True,144.444,12128,-41,2412,1.192608,142.6799863675092,0
False,7,15,0,True,144.444,12128,0,2412,1.192622,142.68023683089592,0
False,7,15,0,True,144.444,12128,-44,2412,1.19482,142.68048722316865,0
False,7,15,0,True,144.444,12128,0,2412,1.1948379999999998,142.6807375443577,0
False,7,15,0,True,144.444,12128,-39,2412,1.1948509999999999,142.68098779449332,0
False,7,15,0,True,144.444,12128,0,2412,1.1950249999999998,142.68123797360576,0
False,7,15,0,True,144.444,12128,0,2412,1.1950379999999998,142.68148808172532,0
False,7,15,0,True,144.444,12128,0,2412,1.1950500000000002,142.6817381188821,0
False,7,15,0,True,144.444,12128,0,2412,1.1950629999999998,142.68198808510638,0
False,7,15,0,True,144.444,12128,-35,2412,1.195075,142.6822379804283,0
False,7,15,0,True,144.444,12128,0,2412,1.195087,142.68248780487804,0
False,7,15,0,True,144.444,12128,0,2412,1.1951,142.68273755848574,0
False,7,15,0,True,144.444,12128,0,2412,1.195113,142.68298724128152,0
False,7,15,0,True,144.444,12128,-41,2412,1.195125,142.6832368532955,0
False,7,15,0,True,144.444,12128,-36,2412,1.195137,142.6834863945578,0
False,7,15,0,True,144.444,12128,-39,2412,1.1951489999999998,142.68373586509847,0
False,7,15,0,True,144.444,12128,-41,2412,1.1951610000000001,142.68398526494758,0
False,7,15,0,True,144.444,12128,0,2412,1.195173,142.68423459413515,0
False,7,15,0,True,144.444,12128,-35,2412,1.195185,142.68448385269122,0
False,7,15,0,True,144.444,12128,0,2412,1.1951990000000001,142.6847330406458,0
False,7,15,0,True,144.444,12128,0,2412,1.195211,142.68498215802887,0
False,7,15,0,True,144.444,12128,0,2412,1.195223,142.68523120487043,0
False,7,15,0,True,144.444,12128,0,2412,1.1952349999999998,142.68548018120043,0
False,7,15,0,True,144.444,12128,0,2412,1.1952470000000002,142.68572908704883,0
False,7,15,0,True,144.444,12128,-39,2412,1.195259,142.68597792244552,0
False,7,15,0,True,144.444,12128,-37,2412,1.197149,142.6862266874204,0
False,7,15,0,True,144.444,12128,-44,2412,1.1971669999999999,142.68647538200338,0
False,7,15,0,True,144.444,12128,0,2412,1.197181,142.68672400622435,0
False,7,15,0,True,144.444,12128,0,2412,1.197194,142.68697256011313,0
False,7,15,0,True,144.444,12128,-36,2412,1.197209,142.68722104369962,0
False,7,15,0,True,144.444,12128,-34,2412,1.1972230000000001,142.68746945701358,0
False,7,15,0,True,144.444,12128,-43,2412,1.1972390000000002,142.6877178000848,0
False,7,15,0,True,144.444,12128,0,2412,1.197251,142.68796607294314,0
False,7,15,0,True,144.444,12128,-44,2412,1.197264,142.68821427561838,0
False,7,15,0,True,144.444,12128,0,2412,1.1972770000000001,142.68846240814017,0
False,7,15,0,True,144.444,12128,0,2412,1.1972909999999999,142.68871047053835,0
False,7,15,0,True,144.444,12128,0,2412,1.1973029999999998,142.6889584628426,0
False,7,15,0,True,144.444,12128,0,2412,1.197317,142.68920638508263,0
False,7,15,0,True,144.444,12128,-39,2412,1.1973289999999999,142.68945423728812,0
False,7,15,0,True,144.444,12128,0,2412,1.1973440000000002,142.68970201948875,0
False,7,15,0,True,144.444,12128,-39,2412,1.197358,142.6899497317142,0
False,7,15,0,True,144.444,12128,0,2412,1.197371,142.69019737399407,0
False,7,15,0,True,144.444,12128,-40,2412,1.1973829999999999,142.69044494635799,0
False,7,15,0,True,144.444,12128,0,2412,1.197397,142.69069244883556,0
False,7,15,0,True,144.444,12128,-40,2412,1.19741,142.6909398814564,0
False,7,15,0,True,144.444,12128,-35,2412,1.198385,142.69118724425002,0
False,7,15,0,True,144.444,12128,0,2412,1.1984020000000002,142.69143453724604,0
False,7,15,0,True,144.444,12128,-44,2412,1.198416,142.69168176047395,0
False,7,15,0,True,144.444,12128,0,2412,1.1984309999999998,142.69192891396332,0
False,7,15,0,True,144.444,12128,0,2412,1.1984460000000001,142.6921759977436,0
False,7,15,0,True,144.444,12128,0,2412,1.198458,142.6924230118443,0
False,7,15,0,True,144.444,12128,-37,2412,1.1984720000000002,142.69266995629494,0
False,7,15,0,True,144.444,12128,-37,2412,1.198486,142.69291683112488,0
False,7,15,0,True,144.444,12128,-36,2412,1.1985009999999998,142.69316363636364,0
False,7,15,0,True,144.444,12128,0,2412,1.1985139999999999,142.69341037204057,0
False,7,15,0,True,144.444,12128,-40,2412,1.198528,142.69365703818514,0
False,7,15,0,True,144.444,12128,-35,2412,1.198544,142.6939036348267,0
False,7,15,0,True,144.444,12128,0,2412,1.198563,142.69415016199463,0
False,7,15,0,True,144.444,12128,0,2412,1.1985769999999998,142.6943966197183,0
False,7,15,0,True,144.444,12128,0,2412,1.2000549999999999,142.69464300802701,0
False,7,15,0,True,144.444,12128,-41,2412,1.2000739999999999,142.69488932695015,0
False,7,15,0,True,144.444,12128,0,2412,1.2000899999999999,142.69513557651695,0
False,7,15,0,True,144.444,12128,-39,2412,1.20091,142.69538175675675,0
False,7,15,0,True,144.444,12128,-36,2412,1.200929,142.6956278676988,0
False,7,15,0,True,144.444,12128,-39,2412,1.2009439999999998,142.69587390937235,0
False,7,15,0,True,144.444,12128,-36,2412,1.20114,142.69611988180665,0
False,7,15,0,True,144.444,12128,0,2412,1.2011539999999998,142.69636578503093,0
False,7,15,0,True,144.444,12128,0,2412,1.2011660000000002,142.6966116190744,0
False,7,15,0,True,144.444,12128,-44,2412,1.2011789999999998,142.69685738396623,0
False,7,15,0,True,144.444,12128,-41,2412,1.2011910000000001,142.6971030797356,0
False,7,15,0,True,144.444,12128,0,2412,1.201203,142.69734870641167,0
False,7,15,0,True,144.444,12128,0,2412,1.2012170000000002,142.6975942640236,0
False,7,15,0,True,144.444,12128,0,2412,1.2012299999999998,142.6978397526005,0
False,7,15,0,True,144.444,12128,-44,2412,1.2012429999999998,142.69808517217146,0
False,7,15,0,True,144.444,12128,-34,2412,1.201257,142.6983305227656,0
False,7,15,0,True,144.444,12128,-36,2412,1.201272,142.69857580441195,0
False,7,15,0,True,144.444,12128,0,2412,1.201286,142.69882101713964,0
False,7,15,0,True,144.444,12128,-37,2412,1.2012999999999998,142.69906616097765,0
False,7,15,0,True,144.444,12128,0,2412,1.2013129999999999,142.69931123595504,0
False,7,15,0,True,144.444,12128,-44,2412,1.201326,142.6995562421008,0
False,7,15,0,True,144.444,12128,0,2412,1.201339,142.69980117944397,0
False,7,15,0,True,144.444,12128,-43,2412,1.201359,142.70004604801346,0
False,7,15,0,True,144.444,12128,-39,2412,1.2013729999999998,142.7002908478383,0
False,7,15,0,True,144.444,12128,0,2412,1.203274,142.70053557894735,0
False,7,15,0,True,144.444,12128,-39,2412,1.2032919999999998,142.7007802413696,0
False,7,15,0,True,144.444,12128,-44,2412,1.2035019999999998,142.70102483513398,0
False,7,15,0,True,144.444,12128,0,2412,1.2035179999999999,142.70126936026935,0
False,7,15,0,True,144.444,12128,-35,2412,1.2035330000000002,142.7015138168046,0
False,7,15,0,True,144.444,12128,0,2412,1.203548,142.70175820476857,0
False,7,15,0,True,144.444,12128,0,2412,1.203561,142.70200252419014,0
False,7,15,0,True,144.444,12128,-36,2412,1.203576,142.70224677509813,0
False,7,15,0,True,144.444,12128,-37,2412,1.2035870000000002,142.70249095752138,0
False,7,15,0,True,144.444,12128,-35,2412,1.2035999999999998,142.70273507148863,0
False,7,15,0,True,144.444,12128,-40,2412,1.2036120000000001,142.70297911702872,0
False,7,15,0,True,144.444,12128,0,2412,1.2036250000000002,142.7032230941704,0
False,7,15,0,True,144.444,12128,0,2412,1.2036379999999998,142.7034670029424,0
False,7,15,0,True,144.444,12128,0,2412,1.2036509999999998,142.70371084337347,0
False,7,15,0,True,144.444,12128,0,2412,1.2036639999999998,142.70395461549236,0
False,7,15,0,True,144.444,12128,-41,2412,1.203678,142.70419831932773,0
False,7,15,0,True,144.444,12128,0,2412,1.203694,142.70444195490825,0
False,7,15,0,True,144.444,12128,-37,2412,1.203713,142.70468552226268,0
False,7,15,0,True,144.444,12128,0,2412,1.203726,142.70492902141956,0
False,7,15,0,True,144.444,12128,0,2412,1.2064179999999998,142.7051724524076,0
False,7,15,0,True,144.444,12128,-36,2412,1.206435,142.7054158152554,0
False,7,15,0,True,144.444,12128,-40,2412,1.206448,142.7056591099916,0
False,7,15,0,True,144.444,12128,0,2412,1.206499,142.70590233664473,0
False,7,15,0,True,144.444,12128,0,2412,1.20701,142.70614549524342,0
False,7,15,0,True,144.444,12128,0,2412,1.207023,142.7063885858162,0
False,7,15,0,True,144.444,12128,-36,2412,1.207036,142.7066316083916,0
False,7,15,0,True,144.444,12128,0,2412,1.207049,142.70687456299817,0
False,7,15,0,True,144.444,12128,-36,2412,1.207062,142.70711744966442,0
False,7,15,0,True,144.444,12128,0,2412,1.207074,142.70736026841882,0
False,7,15,0,True,144.444,12128,-42,2412,1.2070880000000002,142.7076030192899,0
False,7,15,0,True,144.444,12128,0,2412,1.207102,142.70784570230606,0
False,7,15,0,True,144.444,12128,0,2412,1.2071139999999998,142.7080883174958,0
False,7,15,0,True,144.444,12128,-36,2412,1.2071269999999998,142.70833086488753,0
False,7,15,0,True,144.444,12128,-41,2412,1.207141,142.70857334450963,0
False,7,15,0,True,144.444,12128,-44,2412,1.207153,142.70881575639055,0
False,7,15,0,True,144.444,12128,0,2412,1.207166,142.70905810055865,0
False,7,15,0,True,144.444,12128,0,2412,1.2071800000000001,142.7093003770423,0
False,7,15,0,True,144.444,12128,0,2412,1.207195,142.70954258586985,0
False,7,15,0,True,144.444,12128,-34,2412,1.2072090000000002,142.70978472706966,0
False,7,15,0,True,144.444,12128,-41,2412,1.207223,142.71002680067,0
False,7,15,0,True,144.444,12128,-43,2412,1.2074449999999999,142.71026880669922,0
False,7,15,0,True,144.444,12128,0,2412,1.2074569999999998,142.7105107451856,0
False,7,15,0,True,144.444,12128,0,2412,1.2074699999999998,142.71075261615738,0
False,7,15,0,True,144.444,12128,-35,2412,1.2074829999999999,142.71099441964284,0
False,7,15,0,True,144.444,12128,-40,2412,1.2074949999999998,142.71123615567024,0
False,7,15,0,True,144.444,12128,0,2412,1.2075079999999998,142.71147782426777,0
False,7,15,0,True,144.444,12128,0,2412,1.207526,142.71171942546366,0
False,7,15,0,True,144.444,12128,-40,2412,1.2075399999999998,142.7119609592861,0
False,7,15,0,True,144.444,12128,0,2412,1.2084290000000002,142.71220242576328,0
False,7,15,0,True,144.444,12128,0,2412,1.2084480000000002,142.71244382492333,0
False,7,15,0,True,144.444,12128,0,2412,1.208463,142.7126851567944,0
False,7,15,0,True,144.444,12128,-40,2412,1.2084769999999998,142.71292642140466,0
False,7,15,0,True,144.444,12128,-35,2412,1.211068,142.71316761878222,0
False,7,15,0,True,144.444,12128,-37,2412,1.2110819999999998,142.71340874895512,0
False,7,15,0,True,144.444,12128,-36,2412,1.2110940000000001,142.7136498119515,0
False,7,15,0,True,144.444,12128,0,2412,1.211109,142.71389080779943,0
False,7,15,0,True,144.444,12128,0,2412,1.211122,142.71413173652692,0
False,7,15,0,True,144.444,12128,0,2412,1.211135,142.71437259816204,0
False,7,15,0,True,144.444,12128,-41,2412,1.211147,142.71461339273282,0
False,7,15,0,True,144.444,12128,0,2412,1.21116,142.71485412026726,0
False,7,15,0,True,144.444,12128,0,2412,1.211179,142.71509478079332,0
False,7,15,0,True,144.444,12128,0,2412,1.212199,142.715335374339,0
False,7,15,0,True,144.444,12128,0,2412,1.212215,142.71557590093224,0
False,7,15,0,True,144.444,12128,-36,2412,1.212227,142.715816360601,0
False,7,15,0,True,144.444,12128,0,2412,1.2122410000000001,142.7160567533732,0
False,7,15,0,True,144.444,12128,-41,2412,1.2122540000000002,142.71629707927676,0
False,7,15,0,True,144.444,12128,0,2412,1.2122670000000002,142.71653733833958,0
False,7,15,0,True,144.444,12128,0,2412,1.212281,142.71677753058952,0
False,7,15,0,True,144.444,12128,-39,2412,1.2122929999999998,142.71701765605448,0
False,7,15,0,True,144.444,12128,-36,2412,1.2149739999999998,142.7172577147623,0
False,7,15,0,True,144.444,12128,0,2412,1.214992,142.71749770674077,0
False,7,15,0,True,144.444,12128,-39,2412,1.2150050000000001,142.7177376320178,0
False,7,15,0,True,144.444,12128,-36,2412,1.2150569999999998,142.71797749062108,0
False,7,15,0,True,144.444,12128,0,2412,1.2150720000000002,142.71821728257848,0
False,7,15,0,True,144.444,12128,-36,2412,1.2150859999999999,142.71845700791775,0
False,7,15,0,True,144.444,12128,0,2412,1.215103,142.71869666666666,0
False,7,15,0,True,144.444,12128,0,2412,1.2151169999999998,142.71893625885292,0
False,7,15,0,True,144.444,12128,-44,2412,1.215131,142.7191757845043,0
False,7,15,0,True,144.444,12128,-41,2412,1.2151450000000001,142.71941524364848,0
False,7,15,0,True,144.444,12128,0,2412,1.2151580000000002,142.71965463631315,0
False,7,15,0,True,144.444,12128,0,2412,1.215172,142.71989396252602,0
False,7,15,0,True,144.444,12128,0,2412,1.215185,142.72013322231473,0
False,7,15,0,True,144.444,12128,-36,2412,1.215198,142.72037241570695,0
False,7,15,0,True,144.444,12128,0,2412,1.2152120000000002,142.7206115427303,0
False,7,15,0,True,144.444,12128,-44,2412,1.2152249999999998,142.7208506034124,0
False,7,15,0,True,144.444,12128,-34,2412,1.21524,142.72108959778083,0
False,7,15,0,True,144.444,12128,0,2412,1.2152539999999998,142.72132852586327,0
False,7,15,0,True,144.444,12128,-37,2412,1.2152669999999999,142.72156738768717,0
False,7,15,0,True,144.444,12128,-37,2412,1.21528,142.7218061832802,0
False,7,15,0,True,144.444,12128,-39,2412,1.215294,142.7220449126698,0
False,7,15,0,True,144.444,12128,0,2412,1.2180900000000001,142.72228357588358,0
False,7,15,0,True,144.444,12128,-36,2412,1.218105,142.722522172949,0
False,7,15,0,True,144.444,12128,0,2412,1.2181199999999999,142.72276070389358,0
False,7,15,0,True,144.444,12128,0,2412,1.218133,142.7229991687448,0
False,7,15,0,True,144.444,12128,0,2412,1.2181449999999998,142.72323756753013,0
False,7,15,0,True,144.444,12128,-41,2412,1.218159,142.72347590027698,0
False,7,15,0,True,144.444,12128,-44,2412,1.2181730000000002,142.72371416701287,0
False,7,15,0,True,144.444,12128,-44,2412,1.2181859999999998,142.72395236776515,0
False,7,15,0,True,144.444,12128,-34,2412,1.218201,142.72419050256124,0
False,7,15,0,True,144.444,12128,0,2412,1.2182140000000001,142.72442857142858,0
False,7,15,0,True,144.444,12128,-36,2412,1.218229,142.72466657439446,0
False,7,15,0,True,144.444,12128,0,2412,1.218242,142.7249045114863,0
False,7,15,0,True,144.444,12128,-39,2412,1.218255,142.7251423827314,0
False,7,15,0,True,144.444,12128,-37,2412,1.2182680000000001,142.72538018815715,0
False,7,15,0,True,144.444,12128,0,2412,1.21828,142.72561792779084,0
False,7,15,0,True,144.444,12128,-44,2412,1.2192919999999998,142.72585560165976,0
False,7,15,0,True,144.444,12128,0,2412,1.219309,142.72609320979117,0
False,7,15,0,True,144.444,12128,-39,2412,1.2193230000000002,142.72633075221236,0
False,7,15,0,True,144.444,12128,0,2412,1.2197740000000001,142.72656822895064,0
False,7,15,0,True,144.444,12128,-42,2412,1.2197870000000002,142.72680564003318,0
False,7,15,0,True,144.444,12128,0,2412,1.2197999999999998,142.7270429854872,0
False,7,15,0,True,144.444,12128,-36,2412,1.2198129999999998,142.72728026533994,0
False,7,15,0,True,144.444,12128,-41,2412,1.2198289999999998,142.72751747961863,0
False,7,15,0,True,144.444,12128,-42,2412,1.2198419999999999,142.72775462835037,0
False,7,15,0,True,144.444,12128,-36,2412,1.219856,142.72799171156237,0
False,7,15,0,True,144.444,12128,0,2412,1.2203279999999999,142.72822872928174,0
False,7,15,0,True,144.444,12128,-41,2412,1.2203460000000002,142.72846568153568,0
False,7,15,0,True,144.444,12128,-42,2412,1.22036,142.72870256835128,0
False,7,15,0,True,144.444,12128,0,2412,1.220374,142.72893938975562,0
False,7,15,0,True,144.444,12128,-36,2412,1.220387,142.72917614577582,0
False,7,15,0,True,144.444,12128,0,2412,1.220399,142.7294128364389,0
False,7,15,0,True,144.444,12128,0,2412,1.221527,142.729649461772,0
False,7,15,0,True,144.444,12128,-36,2412,1.221542,142.72988602180212,0
False,7,15,0,True,144.444,12128,0,2412,1.221555,142.73012251655626,0
False,7,15,0,True,144.444,12128,0,2412,1.221568,142.7303589460615,0
False,7,15,0,True,144.444,12128,0,2412,1.2215829999999999,142.73059531034482,0
False,7,15,0,True,144.444,12128,-41,2412,1.221596,142.73083160943318,0
False,7,15,0,True,144.444,12128,-39,2412,1.221609,142.73106784335354,0
False,7,15,0,True,144.444,12128,0,2412,1.223437,142.7313040121329,0
False,7,15,0,True,144.444,12128,-35,2412,1.2234530000000001,142.73154011579817,0
False,7,15,0,True,144.444,12128,0,2412,1.2234669999999999,142.7317761543763,0
False,7,15,0,True,144.444,12128,-41,2412,1.223481,142.73201212789414,0
False,7,15,0,True,144.444,12128,-40,2412,1.2234919999999998,142.73224803637865,0
False,7,15,0,True,144.444,12128,0,2412,1.225641,142.7324838798567,0
False,7,15,0,True,144.444,12128,0,2412,1.2256550000000002,142.73271965835514,0
False,7,15,0,True,144.444,12128,-44,2412,1.225667,142.73295537190083,0
False,7,15,0,True,144.444,12128,0,2412,1.22568,142.73319102052056,0
False,7,15,0,True,144.444,12128,-40,2412,1.225692,142.73342660424123,0
False,7,15,0,True,144.444,12128,0,2412,1.2257099999999999,142.73366212308963,0
False,7,15,0,True,144.444,12128,-35,2412,1.225721,142.7338975770925,0
False,7,15,0,True,144.444,12128,0,2412,1.225734,142.73413296627666,0
False,7,15,0,True,144.444,12128,-39,2412,1.2257470000000001,142.73436829066887,0
False,7,15,0,True,144.444,12128,-40,2412,1.225758,142.73460355029584,0
False,7,15,0,True,144.444,12128,0,2412,1.225769,142.73483874518436,0
False,7,15,0,True,144.444,12128,0,2412,1.225781,142.7350738753611,0
False,7,15,0,True,144.444,12128,0,2412,1.225793,142.7353089408528,0
False,7,15,0,True,144.444,12128,0,2412,1.22581,142.73554394168613,0
False,7,15,0,True,144.444,12128,0,2412,1.2267260000000002,142.73577887788778,0
False,7,15,0,True,144.444,12128,0,2412,1.2267519999999998,142.73601374948439,0
False,7,15,0,True,144.444,12128,0,2412,1.2267649999999999,142.7362485565026,0
False,7,15,0,True,144.444,12128,0,2412,1.226781,142.73648329896906,0
False,7,15,0,True,144.444,12128,-42,2412,1.226794,142.73671797691037,0
False,7,15,0,True,144.444,12128,-40,2412,1.226807,142.73695259035316,0
False,7,15,0,True,144.444,12128,-41,2412,1.227205,142.73718713932396,0
False,7,15,0,True,144.444,12128,0,2412,1.2272180000000001,142.73742162384943,0
False,7,15,0,True,144.444,12128,-36,2412,1.2272349999999999,142.73765604395604,0
False,7,15,0,True,144.444,12128,0,2412,1.2272470000000002,142.73789039967036,0
False,7,15,0,True,144.444,12128,0,2412,1.2272599999999998,142.73812469101895,0
False,7,15,0,True,144.444,12128,0,2412,1.2283240000000002,142.73835891802827,0
False,7,15,0,True,144.444,12128,0,2412,1.228342,142.73859308072488,0
False,7,15,0,True,144.444,12128,0,2412,1.228357,142.7388271791352,0
False,7,15,0,True,144.444,12128,0,2412,1.22837,142.73906121328574,0
False,7,15,0,True,144.444,12128,0,2412,1.228383,142.73929518320296,0
False,7,15,0,True,144.444,12128,-41,2412,1.228396,142.7395290889133,0
False,7,15,0,True,144.444,12128,-36,2412,1.2284099999999998,142.7397629304431,0
False,7,15,0,True,144.444,12128,-39,2412,1.2284229999999998,142.7399967078189,0
False,7,15,0,True,144.444,12128,-41,2412,1.2284380000000001,142.74023042106705,0
False,7,15,0,True,144.444,12128,0,2412,1.22845,142.74046407021393,0
False,7,15,0,True,144.444,12128,0,2412,1.228463,142.74069765528589,0
False,7,15,0,True,144.444,12128,-43,2412,1.2284769999999998,142.7409311763093,0
False,7,15,0,True,144.444,12128,-35,2412,1.2309990000000002,142.74116463331046,0
False,7,15,0,True,144.444,12128,0,2412,1.2310159999999999,142.74139802631578,0
False,7,15,0,True,144.444,12128,-40,2412,1.23103,142.7416313553515,0
False,7,15,0,True,144.444,12128,-44,2412,1.231083,142.74186462044395,0
False,7,15,0,True,144.444,12128,0,2412,1.231097,142.74209782161938,0
False,7,15,0,True,144.444,12128,-36,2412,1.231109,142.7423309589041,0
False,7,15,0,True,144.444,12128,-37,2412,1.2311230000000002,142.74256403232434,0
False,7,15,0,True,144.444,12128,0,2412,1.2311359999999998,142.74279704190633,0
False,7,15,0,True,144.444,12128,-36,2412,1.2311489999999998,142.7430299876763,0
False,7,15,0,True,144.444,12128,0,2412,1.2311649999999998,142.74326286966044,0
False,7,15,0,True,144.444,12128,0,2412,1.2311800000000002,142.743495687885,0
False,7,15,0,True,144.444,12128,0,2412,1.231194,142.74372844237612,0
False,7,15,0,True,144.444,12128,-39,2412,1.231208,142.74396113315998,0
False,7,15,0,True,144.444,12128,0,2412,1.2312210000000001,142.7441937602627,0
False,7,15,0,True,144.444,12128,-37,2412,1.2312349999999999,142.74442632371048,0
False,7,15,0,True,144.444,12128,-41,2412,1.231248,142.74465882352942,0
False,7,15,0,True,144.444,12128,0,2412,1.231264,142.74489125974557,0
False,7,15,0,True,144.444,12128,-36,2412,1.231277,142.74512363238512,0
False,7,15,0,True,144.444,12128,0,2412,1.2312889999999999,142.74535594147406,0
False,7,15,0,True,144.444,12128,0,2412,1.231303,142.74558818703855,0
False,7,15,0,True,144.444,12128,-39,2412,1.231316,142.74582036910456,0
False,7,15,0,True,144.444,12128,-35,2412,1.231366,142.7460524876982,0
False,7,15,0,True,144.444,12128,0,2412,1.231379,142.74628454284542,0
False,7,15,0,True,144.444,12128,-40,2412,1.231392,142.74651653457227,0
False,7,15,0,True,144.444,12128,0,2412,1.231407,142.74674846290478,0
False,7,15,0,True,144.444,12128,0,2412,1.231424,142.74698032786884,0
False,7,15,0,True,144.444,12128,-40,2412,1.231439,142.7472121294905,0
False,7,15,0,True,144.444,12128,0,2412,1.2314530000000001,142.74744386779568,0
False,7,15,0,True,144.444,12128,0,2412,1.231465,142.74767554281033,0
False,7,15,0,True,144.444,12128,-39,2412,1.231478,142.74790715456032,0
False,7,15,0,True,144.444,12128,0,2412,1.2322220000000002,142.74813870307167,0
False,7,15,0,True,144.444,12128,0,2412,1.23224,142.7483701883702,0
False,7,15,0,True,144.444,12128,0,2412,1.2322540000000002,142.74860161048176,0
False,7,15,0,True,144.444,12128,0,2412,1.232266,142.7488329694323,0
False,7,15,0,True,144.444,12128,0,2412,1.2322799999999998,142.74906426524763,0
False,7,15,0,True,144.444,12128,0,2412,1.2322929999999999,142.7492954979536,0
False,7,15,0,True,144.444,12128,0,2412,1.2346979999999999,142.74952666757605,0
False,7,15,0,True,144.444,12128,-42,2412,1.2347160000000001,142.74975777414073,0
False,7,15,0,True,144.444,12128,-40,2412,1.2347299999999999,142.7499888176735,0
False,7,15,0,True,144.444,12128,-41,2412,1.234782,142.75021979820016,0
False,7,15,0,True,144.444,12128,0,2412,1.234795,142.7504507157464,0
False,7,15,0,True,144.444,12128,-36,2412,1.2348059999999998,142.75068157033806,0
False,7,15,0,True,144.444,12128,-41,2412,1.23482,142.7509123620008,0
False,7,15,0,True,144.444,12128,0,2412,1.234832,142.75114309076042,0
False,7,15,0,True,144.444,12128,0,2412,1.234845,142.75137375664258,0
False,7,15,0,True,144.444,12128,-36,2412,1.2348590000000002,142.75160435967302,0
False,7,15,0,True,144.444,12128,0,2412,1.2348720000000002,142.7518348998774,0
False,7,15,0,True,144.444,12128,0,2412,1.234886,142.75206537728138,0
False,7,15,0,True,144.444,12128,0,2412,1.234899,142.75229579191065,0
False,7,15,0,True,144.444,12128,0,2412,1.234912,142.75252614379085,0
False,7,15,0,True,144.444,12128,0,2412,1.234925,142.75275643294756,0
False,7,15,0,True,144.444,12128,-39,2412,1.2349389999999998,142.75298665940647,0
False,7,15,0,True,144.444,12128,-36,2412,1.2349519999999998,142.75321682319313,0
False,7,15,0,True,144.444,12128,-41,2412,1.2349649999999999,142.75344692433313,0
False,7,15,0,True,144.444,12128,0,2412,1.234978,142.75367696285207,0
False,7,15,0,True,144.444,12128,-43,2412,1.234992,142.75390693877551,0
False,7,15,0,True,144.444,12128,-40,2412,1.2350050000000001,142.75413685212897,0
False,7,15,0,True,144.444,12128,-35,2412,1.2350560000000002,142.75436670293797,0
False,7,15,0,True,144.444,12128,-35,2412,1.23507,142.75459649122806,0
False,7,15,0,True,144.444,12128,0,2412,1.2350819999999998,142.75482621702474,0
False,7,15,0,True,144.444,12128,-43,2412,1.2350970000000001,142.7550558803535,0
False,7,15,0,True,144.444,12128,0,2412,1.2351329999999998,142.75528548123978,0
False,7,15,0,True,144.444,12128,-37,2412,1.2351480000000001,142.75551501970912,0
False,7,15,0,True,144.444,12128,-36,2412,1.2351619999999999,142.7557444957869,0
False,7,15,0,True,144.444,12128,0,2412,1.235175,142.75597390949855,0
False,7,15,0,True,144.444,12128,-44,2412,1.235188,142.75620326086954,0
False,7,15,0,True,144.444,12128,-36,2412,1.235928,142.75643254992528,0
False,7,15,0,True,144.444,12128,0,2412,1.235944,142.7566617766911,0
False,7,15,0,True,144.444,12128,-39,2412,1.2359589999999998,142.75689094119244,0
False,7,15,0,True,144.444,12128,0,2412,1.2359719999999998,142.75712004345465,0
False,7,15,0,True,144.444,12128,0,2412,1.235986,142.75734908350304,0
False,7,15,0,True,144.444,12128,0,2412,1.235999,142.757578061363,0
False,7,15,0,True,144.444,12128,0,2412,1.2360129999999998,142.75780697705986,0
False,7,15,0,True,144.444,12128,-41,2412,1.2360250000000002,142.7580358306189,0
False,7,15,0,True,144.444,12128,-39,2412,1.2360380000000002,142.7582646220654,0
False,7,15,0,True,144.444,12128,-35,2412,1.2371569999999998,142.75849335142468,0
False,7,15,0,True,144.444,12128,0,2412,1.2371750000000001,142.758722018722,0
False,7,15,0,True,144.444,12128,-44,2412,1.2371880000000002,142.75895062398263,0
False,7,15,0,True,144.444,12128,0,2412,1.2372,142.75917916723176,0
False,7,15,0,True,144.444,12128,0,2412,1.2372130000000001,142.7594076484947,0
False,7,15,0,True,144.444,12128,0,2412,1.2372269999999999,142.7596360677966,0
False,7,15,0,True,144.444,12128,-40,2412,1.237241,142.75986442516268,0
False,7,15,0,True,144.444,12128,-40,2412,1.237254,142.76009272061813,0
False,7,15,0,True,144.444,12128,0,2412,1.237269,142.7603209541881,0
False,7,15,0,True,144.444,12128,0,2412,1.2372809999999999,142.7605491258978,0
False,7,15,0,True,144.444,12128,-39,2412,1.2372930000000002,142.76077723577234,0
False,7,15,0,True,144.444,12128,0,2412,1.2373059999999998,142.76100528383685,0
False,7,15,0,True,144.444,12128,0,2412,1.2373189999999998,142.7612332701165,0
False,7,15,0,True,144.444,12128,-35,2412,1.238549,142.76146119463633,0
False,7,15,0,True,144.444,12128,0,2412,1.2385670000000002,142.76168905742145,0
False,7,15,0,True,144.444,12128,0,2412,1.238581,142.76191685849693,0
False,7,15,0,True,144.444,12128,0,2412,1.2385929999999998,142.76214459788787,0
False,7,15,0,True,144.444,12128,-40,2412,1.2386050000000002,142.76237227561933,0
False,7,15,0,True,144.444,12128,-36,2412,1.239064,142.7625998917163,0
False,7,15,0,True,144.444,12128,-35,2412,1.2390789999999998,142.7628274462038,0
False,7,15,0,True,144.444,12128,0,2412,1.239093,142.7630549391069,0
False,7,15,0,True,144.444,12128,-39,2412,1.239106,142.76328237045053,0
False,7,15,0,True,144.444,12128,0,2412,1.239119,142.76350974025974,0
False,7,15,0,True,144.444,12128,0,2412,1.239137,142.76373704855945,0
False,7,15,0,True,144.444,12128,0,2412,1.23915,142.76396429537462,0
False,7,15,0,True,144.444,12128,-36,2412,1.239163,142.7641914807302,0
False,7,15,0,True,144.444,12128,0,2412,1.239175,142.76441860465115,0
False,7,15,0,True,144.444,12128,-37,2412,1.2401680000000002,142.76464566716234,0
False,7,15,0,True,144.444,12128,0,2412,1.240186,142.76487266828872,0
False,7,15,0,True,144.444,12128,-36,2412,1.2402000000000002,142.76509960805512,0
False,7,15,0,True,144.444,12128,0,2412,1.240212,142.7653264864865,0
False,7,15,0,True,144.444,12128,-35,2412,1.2402250000000001,142.76555330360762,0
False,7,15,0,True,144.444,12128,-41,2412,1.240237,142.7657800594434,0
False,7,15,0,True,144.444,12128,0,2412,1.24025,142.76600675401863,0
False,7,15,0,True,144.444,12128,0,2412,1.2402630000000001,142.76623338735817,0
False,7,15,0,True,144.444,12128,0,2412,1.2402769999999999,142.7664599594868,0
False,7,15,0,True,144.444,12128,0,2412,1.240291,142.76668647042936,0
False,7,15,0,True,144.444,12128,-39,2412,1.240303,142.7669129202106,0
False,7,15,0,True,144.444,12128,0,2412,1.241469,142.76713930885526,0
False,7,15,0,True,144.444,12128,0,2412,1.2414869999999998,142.76736563638818,0
False,7,15,0,True,144.444,12128,-39,2412,1.2414999999999998,142.767591902834,0
False,7,15,0,True,144.444,12128,-40,2412,1.2415120000000002,142.7678181082175,0
False,7,15,0,True,144.444,12128,-41,2412,1.241527,142.76804425256339,0
False,7,15,0,True,144.444,12128,0,2412,1.24154,142.76827033589637,0
False,7,15,0,True,144.444,12128,-36,2412,1.2415530000000001,142.76849635824115,0
False,7,15,0,True,144.444,12128,0,2412,1.2415660000000002,142.76872231962238,0
False,7,15,0,True,144.444,12128,0,2412,1.24158,142.76894822006471,0
False,7,15,0,True,144.444,12128,0,2412,1.241594,142.7691740595928,0
False,7,15,0,True,144.444,12128,0,2412,1.241606,142.76939983823132,0
False,7,15,0,True,144.444,12128,-35,2412,1.2416179999999999,142.76962555600483,0
False,7,15,0,True,144.444,12128,0,2412,1.242588,142.769851212938,0
False,7,15,0,True,144.444,12128,0,2412,1.2426050000000002,142.77007680905535,0
False,7,15,0,True,144.444,12128,-39,2412,1.2426179999999998,142.77030234438155,0
False,7,15,0,True,144.444,12128,0,2412,1.242896,142.77052781894113,0
False,7,15,0,True,144.444,12128,-44,2412,1.2429139999999999,142.7707532327586,0
False,7,15,0,True,144.444,12128,-40,2412,1.2429299999999999,142.7709785858586,0
False,7,15,0,True,144.444,12128,-39,2412,1.24328,142.77120387826554,0
False,7,15,0,True,144.444,12128,0,2412,1.2432919999999998,142.77142911000402,0
False,7,15,0,True,144.444,12128,-35,2412,1.2433049999999999,142.77165428109853,0
False,7,15,0,True,144.444,12128,0,2412,1.2433260000000002,142.77187939157355,0
False,7,15,0,True,144.444,12128,0,2412,1.2433390000000002,142.77210444145356,0
False,7,15,0,True,144.444,12128,0,2412,1.2433519999999998,142.77232943076302,0
False,7,15,0,True,144.444,12128,-36,2412,1.2433649999999998,142.77255435952637,0
False,7,15,0,True,144.444,12128,0,2412,1.243379,142.77277922776804,0
False,7,15,0,True,144.444,12128,0,2412,1.243392,142.77300403551249,0
False,7,15,0,True,144.444,12128,-37,2412,1.244679,142.77322878278412,0
False,7,15,0,True,144.444,12128,-35,2412,1.2446959999999998,142.77345346960732,0
False,7,15,0,True,144.444,12128,0,2412,1.24519,142.77367809600645,0
False,7,15,0,True,144.444,12128,-36,2412,1.2452040000000002,142.7739026620059,0
False,7,15,0,True,144.444,12128,0,2412,1.245218,142.77412716763004,0
False,7,15,0,True,144.444,12128,0,2412,1.245231,142.77435161290322,0
False,7,15,0,True,144.444,12128,0,2412,1.245244,142.77457599784972,0
False,7,15,0,True,144.444,12128,0,2412,1.245257,142.77480032249395,0
False,7,15,0,True,144.444,12128,-41,2412,1.24527,142.77502458686013,0
False,7,15,0,True,144.444,12128,0,2412,1.2459859999999998,142.77524879097257,0
False,7,15,0,True,144.444,12128,-40,2412,1.246003,142.7754729348556,0
False,7,15,0,True,144.444,12128,-39,2412,1.2462900000000001,142.77569701853344,0
False,7,15,0,True,144.444,12128,0,2412,1.2463030000000002,142.77592104203032,0
False,7,15,0,True,144.444,12128,-43,2412,1.246315,142.77614500537055,0
False,7,15,0,True,144.444,12128,0,2412,1.2463289999999998,142.77636890857832,0
False,7,15,0,True,144.444,12128,-43,2412,1.2463419999999998,142.77659275167784,0
False,7,15,0,True,144.444,12128,-41,2412,1.246356,142.77681653469332,0
False,7,15,0,True,144.444,12128,0,2412,1.246368,142.77704025764893,0
False,7,15,0,True,144.444,12128,0,2412,1.246381,142.77726392056888,0
False,7,15,0,True,144.444,12128,0,2412,1.2463929999999999,142.7774875234773,0
False,7,15,0,True,144.444,12128,0,2412,1.246406,142.77771106639838,0
False,7,15,0,True,144.444,12128,0,2412,1.24642,142.77793454935622,0
False,7,15,0,True,144.444,12128,0,2412,1.246455,142.77815797237494,0
False,7,15,0,True,144.444,12128,-39,2412,1.24647,142.77838133547868,0
False,7,15,0,True,144.444,12128,-36,2412,1.246483,142.77860463869152,0
False,7,15,0,True,144.444,12128,0,2412,1.246496,142.77882788203752,0
False,7,15,0,True,144.444,12128,0,2412,1.246509,142.7790510655408,0
False,7,15,0,True,144.444,12128,0,2412,1.2472789999999998,142.7792741892254,0
False,7,15,0,True,144.444,12128,-41,2412,1.247297,142.77949725311535,0
False,7,15,0,True,144.444,12128,0,2412,1.2473109999999998,142.77972025723471,0
False,7,15,0,True,144.444,12128,-40,2412,1.2473230000000002,142.7799432016075,0
False,7,15,0,True,144.444,12128,0,2412,1.247372,142.78016608625768,0
False,7,15,0,True,144.444,12128,0,2412,1.248459,142.78038891120931,0
False,7,15,0,True,144.444,12128,-39,2412,1.2484760000000001,142.78061167648633,0
False,7,15,0,True,144.444,12128,-36,2412,1.2484899999999999,142.78083438211272,0
False,7,15,0,True,144.444,12128,-35,2412,1.2485019999999998,142.78105702811243,0
False,7,15,0,True,144.444,12128,-35,2412,1.248513,142.78127961450943,0
False,7,15,0,True,144.444,12128,-36,2412,1.2485249999999999,142.78150214132762,0
False,7,15,0,True,144.444,12128,0,2412,1.248538,142.7817246085909,0
False,7,15,0,True,144.444,12128,0,2412,1.248551,142.78194701632324,0
False,7,15,0,True,144.444,12128,0,2412,1.2485629999999999,142.78216936454848,0
False,7,15,0,True,144.444,12128,0,2412,1.248577,142.78239165329052,0
False,7,15,0,True,144.444,12128,0,2412,1.248589,142.7826138825732,0
False,7,15,0,True,144.444,12128,-35,2412,1.248602,142.78283605242044,0
False,7,15,0,True,144.444,12128,-37,2412,1.248615,142.78305816285598,0
False,7,15,0,True,144.444,12128,0,2412,1.2486259999999998,142.78328021390374,0
False,7,15,0,True,144.444,12128,0,2412,1.2486389999999998,142.78350220558747,0
False,7,15,0,True,144.444,12128,-36,2412,1.2497340000000001,142.78372413793102,0
False,7,15,0,True,144.444,12128,-41,2412,1.2497500000000001,142.78394601095815,0
False,7,15,0,True,144.444,12128,0,2412,1.2504849999999998,142.78416782469267,0
False,7,15,0,True,144.444,12128,-43,2412,1.2504979999999999,142.7843895791583,0
False,7,15,0,True,144.444,12128,0,2412,1.2505129999999998,142.78461127437882,0
False,7,15,0,True,144.444,12128,0,2412,1.2505259999999998,142.784832910378,0
False,7,15,0,True,144.444,12128,0,2412,1.25054,142.78505448717948,0
False,7,15,0,True,144.444,12128,0,2412,1.250553,142.78527600480703,0
False,7,15,0,True,144.444,12128,0,2412,1.250566,142.78549746328437,0
False,7,15,0,True,144.444,12128,-39,2412,1.250579,142.78571886263515,0
False,7,15,0,True,144.444,12128,0,2412,1.2505929999999998,142.78594020288307,0
False,7,15,0,True,144.444,12128,0,2412,1.2506059999999999,142.78616148405177,0
False,7,15,0,True,144.444,12128,0,2412,1.2506240000000002,142.78638270616491,0
False,7,15,0,True,144.444,12128,0,2412,1.2506369999999998,142.78660386924616,0
False,7,15,0,True,144.444,12128,-36,2412,1.2506499999999998,142.78682497331909,0
False,7,15,0,True,144.444,12128,-41,2412,1.2506629999999999,142.78704601840735,0
False,7,15,0,True,144.444,12128,0,2412,1.2506819999999998,142.78726700453453,0
False,7,15,0,True,144.444,12128,-39,2412,1.250695,142.78748793172423,0
False,7,15,0,True,144.444,12128,0,2412,1.2511839999999999,142.7877088,0
False,7,15,0,True,144.444,12128,0,2412,1.2511999999999999,142.7879296093854,0
False,7,15,0,True,144.444,12128,0,2412,1.2512150000000002,142.78815035990402,0
False,7,15,0,True,144.444,12128,-40,2412,1.2512279999999998,142.78837105157936,0
False,7,15,0,True,144.444,12128,0,2412,1.2526579999999998,142.78859168443495,0
False,7,15,0,True,144.444,12128,-41,2412,1.252675,142.78881225849432,0
False,7,15,0,True,144.444,12128,-35,2412,1.2526890000000002,142.78903277378097,0
False,7,15,0,True,144.444,12128,-35,2412,1.2527020000000002,142.78925323031837,0
False,7,15,0,True,144.444,12128,0,2412,1.2527149999999998,142.78947362813,0
False,7,15,0,True,144.444,12128,-36,2412,1.2527279999999998,142.7896939672393,0
False,7,15,0,True,144.444,12128,0,2412,1.252739,142.78991424766977,0
False,7,15,0,True,144.444,12128,0,2412,1.252752,142.7901344694448,0
False,7,15,0,True,144.444,12128,0,2412,1.2527650000000001,142.79035463258785,0
False,7,15,0,True,144.444,12128,0,2412,1.2527780000000002,142.7905747371223,0
False,7,15,0,True,144.444,12128,0,2412,1.2527909999999998,142.7907947830716,0
False,7,15,0,True,144.444,12128,0,2412,1.252805,142.79101477045907,0
False,7,15,0,True,144.444,12128,-37,2412,1.2528190000000001,142.79123469930812,0
False,7,15,0,True,144.444,12128,0,2412,1.2528329999999999,142.79145456964213,0
False,7,15,0,True,144.444,12128,-36,2412,1.252846,142.79167438148443,0
False,7,15,0,True,144.444,12128,0,2412,1.25286,142.79189413485835,0
False,7,15,0,True,144.444,12128,-44,2412,1.2557299999999998,142.7921138297872,0
False,7,15,0,True,144.444,12128,-40,2412,1.255748,142.79233346629437,0
False,7,15,0,True,144.444,12128,-39,2412,1.255859,142.79255304440306,0
False,7,15,0,True,144.444,12128,-40,2412,1.2558729999999998,142.79277256413664,0
False,7,15,0,True,144.444,12128,-41,2412,1.2558859999999998,142.79299202551834,0
False,7,15,0,True,144.444,12128,-44,2412,1.2559,142.79321142857142,0
False,7,15,0,True,144.444,12128,0,2412,1.255913,142.79343077331916,0
False,7,15,0,True,144.444,12128,0,2412,1.255925,142.79365005978477,0
False,7,15,0,True,144.444,12128,0,2412,1.255938,142.7938692879915,0
False,7,15,0,True,144.444,12128,-40,2412,1.25595,142.79408845796252,0
False,7,15,0,True,144.444,12128,0,2412,1.255964,142.7943075697211,0
False,7,15,0,True,144.444,12128,0,2412,1.255976,142.79452662329038,0
False,7,15,0,True,144.444,12128,0,2412,1.255989,142.79474561869358,0
False,7,15,0,True,144.444,12128,-40,2412,1.256001,142.79496455595378,0
False,7,15,0,True,144.444,12128,-44,2412,1.2560129999999998,142.79518343509423,0
False,7,15,0,True,144.444,12128,-39,2412,1.2560259999999999,142.795402256138,0
False,7,15,0,True,144.444,12128,0,2412,1.2560379999999998,142.79562101910827,0
False,7,15,0,True,144.444,12128,-43,2412,1.2560509999999998,142.79583972402813,0
False,7,15,0,True,144.444,12128,-44,2412,1.2560630000000002,142.79605837092066,0
False,7,15,0,True,144.444,12128,-34,2412,1.2576260000000001,142.79627695980898,0
False,7,15,0,True,144.444,12128,-43,2412,1.2576450000000001,142.79649549071615,0
False,7,15,0,True,144.444,12128,-40,2412,1.2576580000000002,142.7967139636653,0
False,7,15,0,True,144.444,12128,-36,2412,1.257707,142.79693237867937,0
False,7,15,0,True,144.444,12128,-39,2412,1.25772,142.7971507357815,0
False,7,15,0,True,144.444,12128,0,2412,1.257733,142.7973690349947,0
False,7,15,0,True,144.444,12128,0,2412,1.257746,142.79758727634194,0
False,7,15,0,True,144.444,12128,0,2412,1.257759,142.79780545984627,0
False,7,15,0,True,144.444,12128,0,2412,1.2577720000000001,142.79802358553067,0
False,7,15,0,True,144.444,12128,0,2412,1.2577850000000002,142.79824165341813,0
False,7,15,0,True,144.444,12128,0,2412,1.257796,142.7984596635316,0
False,7,15,0,True,144.444,12128,-41,2412,1.257809,142.79867761589404,0
False,7,15,0,True,144.444,12128,-36,2412,1.257822,142.79889551052838,0
False,7,15,0,True,144.444,12128,-39,2412,1.257835,142.79911334745762,0
False,7,15,0,True,144.444,12128,0,2412,1.257854,142.7993311267046,0
False,7,15,0,True,144.444,12128,0,2412,1.2578679999999998,142.7995488482923,0
False,7,15,0,True,144.444,12128,0,2412,1.25788,142.79976651224354,0
False,7,15,0,True,144.444,12128,0,2412,1.2578930000000001,142.79998411858125,0
False,7,15,0,True,144.444,12128,0,2412,1.257905,142.80020166732828,0
False,7,15,0,True,144.444,12128,-36,2412,1.2579159999999998,142.80041915850754,0
False,7,15,0,True,144.444,12128,-39,2412,1.2579280000000002,142.8006365921418,0
False,7,15,0,True,144.444,12128,0,2412,1.260059,142.80085396825396,0
False,7,15,0,True,144.444,12128,-37,2412,1.260071,142.8010712868668,0
False,7,15,0,True,144.444,12128,0,2412,1.2600829999999998,142.80128854800316,0
False,7,15,0,True,144.444,12128,-36,2412,1.2600989999999999,142.80150575168582,0
False,7,15,0,True,144.444,12128,0,2412,1.26011,142.8017228979376,0
False,7,15,0,True,144.444,12128,0,2412,1.260123,142.80193998678124,0
False,7,15,0,True,144.444,12128,0,2412,1.2601520000000002,142.80215701823948,0
False,7,15,0,True,144.444,12128,0,2412,1.260167,142.80237399233513,0
False,7,15,0,True,144.444,12128,0,2412,1.26018,142.8025909090909,0
False,7,15,0,True,144.444,12128,-35,2412,1.260198,142.8028077685295,0
False,7,15,0,True,144.444,12128,-44,2412,1.2602090000000001,142.8030245706737,0
False,7,15,0,True,144.444,12128,0,2412,1.2602220000000002,142.80324131554616,0
False,7,15,0,True,144.444,12128,0,2412,1.260237,142.80345800316957,0
False,7,15,0,True,144.444,12128,0,2412,1.260309,142.8036746335666,0
False,7,15,0,True,144.444,12128,-39,2412,1.2603239999999998,142.80389120675997,0
False,7,15,0,True,144.444,12128,0,2412,1.260338,142.80410772277227,0
False,7,15,0,True,144.444,12128,-44,2412,1.2603499999999999,142.80432418162619,0
False,7,15,0,True,144.444,12128,-41,2412,1.260363,142.80454058334433,0
False,7,15,0,True,144.444,12128,-40,2412,1.2603749999999998,142.8047569279493,0
False,7,15,0,True,144.444,12128,-40,2412,1.2603870000000001,142.80497321546378,0
False,7,15,0,True,144.444,12128,0,2412,1.2604319999999998,142.8051894459103,0
False,7,15,0,True,144.444,12128,0,2412,1.2604449999999998,142.80540561931141,0
False,7,15,0,True,144.444,12128,-44,2412,1.2604579999999999,142.80562173568978,0
False,7,15,0,True,144.444,12128,-40,2412,1.260471,142.8058377950679,0
False,7,15,0,True,144.444,12128,0,2412,1.2604959999999998,142.80605379746834,0
False,7,15,0,True,144.444,12128,0,2412,1.2605089999999999,142.80626974291363,0
False,7,15,0,True,144.444,12128,-44,2412,1.2605209999999998,142.8064856314263,0
False,7,15,0,True,144.444,12128,-43,2412,1.260532,142.80670146302887,0
False,7,15,0,True,144.444,12128,0,2412,1.2605460000000002,142.8069172377438,0
False,7,15,0,True,144.444,12128,-39,2412,1.260558,142.8071329555936,0
False,7,15,0,True,144.444,12128,-43,2412,1.260571,142.8073486166008,0
False,7,15,0,True,144.444,12128,-34,2412,1.2611979999999998,142.80756422078778,0
False,7,15,0,True,144.444,12128,0,2412,1.261219,142.807779768177,0
False,7,15,0,True,144.444,12128,0,2412,1.2612329999999998,142.80799525879098,0
False,7,15,0,True,144.444,12128,-39,2412,1.2612459999999999,142.80821069265207,0
False,7,15,0,True,144.444,12128,-36,2412,1.263013,142.80842606978274,0
False,7,15,0,True,144.444,12128,0,2412,1.263029,142.80864139020537,0
False,7,15,0,True,144.444,12128,-40,2412,1.2630430000000001,142.80885665394234,0
False,7,15,0,True,144.444,12128,0,2412,1.263223,142.80907186101604,0
False,7,15,0,True,144.444,12128,-35,2412,1.2632370000000002,142.80928701144884,0
False,7,15,0,True,144.444,12128,-35,2412,1.2632499999999998,142.80950210526316,0
False,7,15,0,True,144.444,12128,-41,2412,1.2632629999999998,142.80971714248125,0
False,7,15,0,True,144.444,12128,-39,2412,1.2632780000000001,142.8099321231255,0
False,7,15,0,True,144.444,12128,-36,2412,1.2632910000000002,142.81014704721818,0
False,7,15,0,True,144.444,12128,-37,2412,1.263305,142.81036191478168,0
False,7,15,0,True,144.444,12128,0,2412,1.263319,142.81057672583825,0
False,7,15,0,True,144.444,12128,0,2412,1.2633320000000001,142.8107914804102,0
False,7,15,0,True,144.444,12128,0,2412,1.263344,142.81100617851976,0
False,7,15,0,True,144.444,12128,0,2412,1.263357,142.81122082018925,0
False,7,15,0,True,144.444,12128,0,2412,1.26337,142.8114354054409,0
False,7,15,0,True,144.444,12128,0,2412,1.2633839999999998,142.81164993429698,0
False,7,15,0,True,144.444,12128,-36,2412,1.2633969999999999,142.81186440677965,0
False,7,15,0,True,144.444,12128,0,2412,1.263411,142.8120788229112,0
False,7,15,0,True,144.444,12128,-36,2412,1.2634249999999998,142.81229318271377,0
False,7,15,0,True,144.444,12128,0,2412,1.2634379999999998,142.8125074862096,0
False,7,15,0,True,144.444,12128,-37,2412,1.2658,142.81272173342086,0
False,7,15,0,True,144.444,12128,0,2412,1.2658209999999999,142.81293592436975,0
False,7,15,0,True,144.444,12128,-40,2412,1.265834,142.81315005907837,0
False,7,15,0,True,144.444,12128,0,2412,1.265883,142.8133641375689,0
False,7,15,0,True,144.444,12128,0,2412,1.2658969999999998,142.81357815986348,0
False,7,15,0,True,144.444,12128,0,2412,1.2659099999999999,142.81379212598424,0
False,7,15,0,True,144.444,12128,-39,2412,1.2659219999999998,142.81400603595327,0
False,7,15,0,True,144.444,12128,0,2412,1.2659340000000001,142.8142198897927,0
False,7,15,0,True,144.444,12128,0,2412,1.265946,142.81443368752457,0
False,7,15,0,True,144.444,12128,0,2412,1.265958,142.81464742917103,0
False,7,15,0,True,144.444,12128,-41,2412,1.265971,142.81486111475408,0
False,7,15,0,True,144.444,12128,-44,2412,1.265984,142.81507474429583,0
False,7,15,0,True,144.444,12128,0,2412,1.265996,142.81528831781827,0
False,7,15,0,True,144.444,12128,0,2412,1.266009,142.81550183534347,0
False,7,15,0,True,144.444,12128,-40,2412,1.2660209999999998,142.81571529689342,0
False,7,15,0,True,144.444,12128,-35,2412,1.2660330000000002,142.81592870249017,0
False,7,15,0,True,144.444,12128,-40,2412,1.266045,142.81614205215567,0
False,7,15,0,True,144.444,12128,-44,2412,1.26606,142.81635534591194,0
False,7,15,0,True,144.444,12128,0,2412,1.266073,142.81656858378093,0
False,7,15,0,True,144.444,12128,0,2412,1.266085,142.81678176578464,0
False,7,15,0,True,144.444,12128,-40,2412,1.266098,142.81699489194497,0
False,7,15,0,True,144.444,12128,-34,2412,1.2710029999999999,142.8172079622839,0
False,7,15,0,True,144.444,12128,-36,2412,1.271016,142.81742097682334,0
False,7,15,0,True,144.444,12128,0,2412,1.271032,142.81763393558523,0
False,7,15,0,True,144.444,12128,0,2412,1.2710439999999998,142.81784683859144,0
False,7,15,0,True,144.444,12128,0,2412,1.271054,142.81805968586386,0
False,7,15,0,True,144.444,12128,0,2412,1.2710650000000001,142.81827247742442,0
False,7,15,0,True,144.444,12128,0,2412,1.2710759999999999,142.81848521329493,0
False,7,15,0,True,144.444,12128,-40,2412,1.271087,142.8186978934973,0
False,7,15,0,True,144.444,12128,-41,2412,1.271103,142.81891051805334,0
False,7,15,0,True,144.444,12128,0,2412,1.271115,142.81912308698494,0
False,7,15,0,True,144.444,12128,0,2412,1.272469,142.81933560031388,0
False,7,15,0,True,144.444,12128,-36,2412,1.272488,142.81954805806197,0
False,7,15,0,True,144.444,12128,0,2412,1.2725,142.81976046025105,0
False,7,15,0,True,144.444,12128,0,2412,1.27251,142.81997280690285,0
False,7,15,0,True,144.444,12128,0,2412,1.272522,142.8201850980392,0
False,7,15,0,True,144.444,12128,-40,2412,1.2725330000000001,142.82039733368185,0
False,7,15,0,True,144.444,12128,0,2412,1.272576,142.8206095138526,0
False,7,15,0,True,144.444,12128,-39,2412,1.2725879999999998,142.8208216385731,0
False,7,15,0,True,144.444,12128,-41,2412,1.2726000000000002,142.82103370786515,0
False,7,15,0,True,144.444,12128,0,2412,1.272612,142.82124572175047,0
False,7,15,0,True,144.444,12128,-37,2412,1.2726449999999998,142.82145768025077,0
False,7,15,0,True,144.444,12128,-36,2412,1.272656,142.82166958338775,0
False,7,15,0,True,144.444,12128,0,2412,1.2726669999999998,142.82188143118307,0
False,7,15,0,True,144.444,12128,0,2412,1.272678,142.8220932236584,0
False,7,15,0,True,144.444,12128,0,2412,1.273637,142.8223049608355,0
False,7,15,0,True,144.444,12128,0,2412,1.273656,142.8225166427359,0
False,7,15,0,True,144.444,12128,0,2412,1.2736679999999998,142.82272826938134,0
False,7,15,0,True,144.444,12128,-35,2412,1.273679,142.82293984079342,0
False,7,15,0,True,144.444,12128,0,2412,1.2736899999999998,142.82315135699372,0
False,7,15,0,True,144.444,12128,-36,2412,1.2737020000000001,142.8233628180039,0
False,7,15,0,True,144.444,12128,0,2412,1.2737159999999998,142.82357422384555,0
False,7,15,0,True,144.444,12128,-36,2412,1.27373,142.8237855745402,0
False,7,15,0,True,144.444,12128,0,2412,1.273745,142.82399687010954,0
False,7,15,0,True,144.444,12128,-40,2412,1.273761,142.82420811057503,0
False,7,15,0,True,144.444,12128,0,2412,1.2748490000000001,142.82441929595828,0
False,7,15,0,True,144.444,12128,-39,2412,1.2748659999999998,142.82463042628078,0
False,7,15,0,True,144.444,12128,0,2412,1.27488,142.82484150156412,0
False,7,15,0,True,144.444,12128,0,2412,1.2748940000000002,142.82505252182978,0
False,7,15,0,True,144.444,12128,0,2412,1.2749069999999998,142.82526348709928,0
False,7,15,0,True,144.444,12128,0,2412,1.2749190000000001,142.82547439739412,0
False,7,15,0,True,144.444,12128,0,2412,1.2749320000000002,142.82568525273578,0
False,7,15,0,True,144.444,12128,-44,2412,1.2749449999999998,142.82589605314575,0
False,7,15,0,True,144.444,12128,-41,2412,1.2749570000000001,142.82610679864547,0
False,7,15,0,True,144.444,12128,-40,2412,1.2749709999999999,142.8263174892564,0
False,7,15,0,True,144.444,12128,0,2412,1.274982,142.82652812499998,0
False,7,15,0,True,144.444,12128,0,2412,1.2749959999999998,142.82673870589767,0
False,7,15,0,True,144.444,12128,-44,2412,1.275016,142.82694923197084,0
False,7,15,0,True,144.444,12128,-40,2412,1.27503,142.8271597032409,0
False,7,15,0,True,144.444,12128,-35,2412,1.2763740000000001,142.8273701197293,0
False,7,15,0,True,144.444,12128,0,2412,1.276392,142.82758048145737,0
False,7,15,0,True,144.444,12128,0,2412,1.2764069999999998,142.82779078844652,0
False,7,15,0,True,144.444,12128,-40,2412,1.2764220000000002,142.82800104071808,0
False,7,15,0,True,144.444,12128,0,2412,1.2764760000000002,142.82821123829342,0
False,7,15,0,True,144.444,12128,-39,2412,1.2764889999999998,142.8284213811939,0
False,7,15,0,True,144.444,12128,-43,2412,1.276504,142.82863146944084,0
False,7,15,0,True,144.444,12128,0,2412,1.276522,142.82884150305551,0
False,7,15,0,True,144.444,12128,0,2412,1.2765399999999998,142.82905148205927,0
False,7,15,0,True,144.444,12128,0,2412,1.276555,142.8292614064734,0
False,7,15,0,True,144.444,12128,0,2412,1.2765689999999998,142.8294712763192,0
False,7,15,0,True,144.444,12128,-36,2412,1.2765840000000002,142.8296810916179,0
False,7,15,0,True,144.444,12128,-34,2412,1.276605,142.82989085239083,0
False,7,15,0,True,144.444,12128,0,2412,1.276621,142.8301005586592,0
False,7,15,0,True,144.444,12128,0,2412,1.277815,142.83031021044425,0
False,7,15,0,True,144.444,12128,-40,2412,1.277831,142.83051980776725,0
False,7,15,0,True,144.444,12128,0,2412,1.2778459999999998,142.83072935064934,0
False,7,15,0,True,144.444,12128,0,2412,1.27786,142.83093883911178,0
False,7,15,0,True,144.444,12128,0,2412,1.2778740000000002,142.83114827317578,0
False,7,15,0,True,144.444,12128,-36,2412,1.2778869999999998,142.83135765286252,0
False,7,15,0,True,144.444,12128,0,2412,1.2778999999999998,142.83156697819314,0
False,7,15,0,True,144.444,12128,-40,2412,1.2779129999999999,142.83177624918883,0
False,7,15,0,True,144.444,12128,0,2412,1.2779660000000002,142.83198546587073,0
False,7,15,0,True,144.444,12128,0,2412,1.277981,142.83219462826003,0
False,7,15,0,True,144.444,12128,0,2412,1.277996,142.83240373637778,0
False,7,15,0,True,144.444,12128,0,2412,1.27801,142.83261279024515,0
False,7,15,0,True,144.444,12128,0,2412,1.2780299999999998,142.83282178988327,0
False,7,15,0,True,144.444,12128,-39,2412,1.2780429999999998,142.83303073531317,0
False,7,15,0,True,144.444,12128,0,2412,1.279106,142.833239626556,0
False,7,15,0,True,144.444,12128,0,2412,1.2791259999999998,142.8334484636328,0
False,7,15,0,True,144.444,12128,-41,2412,1.279141,142.83365724656468,0
False,7,15,0,True,144.444,12128,0,2412,1.2791549999999998,142.83386597537265,0
False,7,15,0,True,144.444,12128,0,2412,1.2791679999999999,142.83407465007775,0
False,7,15,0,True,144.444,12128,0,2412,1.279182,142.83428327070104,0
False,7,15,0,True,144.444,12128,0,2412,1.279197,142.83449183726353,0
False,7,15,0,True,144.444,12128,-36,2412,1.2792119999999998,142.83470034978623,0
False,7,15,0,True,144.444,12128,-37,2412,1.2792270000000001,142.83490880829015,0
False,7,15,0,True,144.444,12128,-36,2412,1.2817120000000002,142.83511721279626,0
False,7,15,0,True,144.444,12128,0,2412,1.28173,142.83532556332554,0
False,7,15,0,True,144.444,12128,-40,2412,1.2817470000000002,142.835533859899,0
False,7,15,0,True,144.444,12128,-37,2412,1.2818049999999999,142.83574210253752,0
False,7,15,0,True,144.444,12128,-44,2412,1.281819,142.83595029126212,0
False,7,15,0,True,144.444,12128,-35,2412,1.281832,142.8361584260937,0
False,7,15,0,True,144.444,12128,0,2412,1.2818450000000001,142.83636650705319,0
False,7,15,0,True,144.444,12128,-36,2412,1.2818580000000002,142.83657453416149,0
False,7,15,0,True,144.444,12128,0,2412,1.281872,142.8367825074395,0
False,7,15,0,True,144.444,12128,0,2412,1.2818869999999998,142.83699042690813,0
False,7,15,0,True,144.444,12128,-39,2412,1.281901,142.83719829258825,0
False,7,15,0,True,144.444,12128,0,2412,1.2819159999999998,142.83740610450076,0
False,7,15,0,True,144.444,12128,-44,2412,1.2819289999999999,142.83761386266647,0
False,7,15,0,True,144.444,12128,0,2412,1.281945,142.8378215671063,0
False,7,15,0,True,144.444,12128,0,2412,1.281958,142.83802921784098,0
False,7,15,0,True,144.444,12128,0,2412,1.2819720000000001,142.83823681489142,0
False,7,15,0,True,144.444,12128,0,2412,1.281984,142.8384443582784,0
False,7,15,0,True,144.444,12128,0,2412,1.2819980000000002,142.83865184802275,0
False,7,15,0,True,144.444,12128,-40,2412,1.282012,142.83885928414523,0
False,7,15,0,True,144.444,12128,-44,2412,1.282026,142.83906666666667,0
False,7,15,0,True,144.444,12128,-40,2412,1.282041,142.83927399560778,0
False,7,15,0,True,144.444,12128,-44,2412,1.282095,142.83948127098938,0
False,7,15,0,True,144.444,12128,0,2412,1.2821099999999999,142.83968849283224,0
False,7,15,0,True,144.444,12128,-39,2412,1.282123,142.83989566115702,0
False,7,15,0,True,144.444,12128,0,2412,1.282137,142.8401027759845,0
False,7,15,0,True,144.444,12128,0,2412,1.282152,142.84030983733538,0
False,7,15,0,True,144.444,12128,0,2412,1.2821669999999998,142.8405168452304,0
False,7,15,0,True,144.444,12128,-43,2412,1.2821859999999998,142.84072379969024,0
False,7,15,0,True,144.444,12128,-39,2412,1.2822,142.84093070073556,0
False,7,15,0,True,144.444,12128,0,2412,1.2822140000000002,142.84113754838708,0
False,7,15,0,True,144.444,12128,-36,2412,1.2822269999999998,142.84134434266545,0
False,7,15,0,True,144.444,12128,0,2412,1.2822429999999998,142.8415510835913,0
False,7,15,0,True,144.444,12128,0,2412,1.2830400000000002,142.84175777118534,0
False,7,15,0,True,144.444,12128,-34,2412,1.283058,142.84196440546813,0
False,7,15,0,True,144.444,12128,0,2412,1.283073,142.84217098646033,0
False,7,15,0,True,144.444,12128,0,2412,1.2830879999999998,142.84237751418257,0
False,7,15,0,True,144.444,12128,0,2412,1.283103,142.8425839886554,0
False,7,15,0,True,144.444,12128,0,2412,1.283115,142.84279040989944,0
False,7,15,0,True,144.444,12128,-40,2412,1.2831290000000002,142.84299677793527,0
False,7,15,0,True,144.444,12128,0,2412,1.2850359999999998,142.8432030927835,0
False,7,15,0,True,144.444,12128,-35,2412,1.285053,142.84340935446463,0
False,7,15,0,True,144.444,12128,-41,2412,1.2850670000000002,142.84361556299922,0
False,7,15,0,True,144.444,12128,0,2412,1.285082,142.84382171840784,0
False,7,15,0,True,144.444,12128,-36,2412,1.2850959999999998,142.84402782071095,0
False,7,15,0,True,144.444,12128,0,2412,1.2851089999999998,142.84423386992916,0
False,7,15,0,True,144.444,12128,0,2412,1.2851240000000002,142.84443986608292,0
False,7,15,0,True,144.444,12128,-39,2412,1.285138,142.84464580919274,0
False,7,15,0,True,144.444,12128,0,2412,1.2851499999999998,142.84485169927908,0
False,7,15,0,True,144.444,12128,0,2412,1.2851629999999998,142.84505753636245,0
False,7,15,0,True,144.444,12128,-41,2412,1.285177,142.84526332046332,0
False,7,15,0,True,144.444,12128,0,2412,1.285192,142.8454690516021,0
False,7,15,0,True,144.444,12128,0,2412,1.285206,142.84567472979927,0
False,7,15,0,True,144.444,12128,0,2412,1.285218,142.84588035507525,0
False,7,15,0,True,144.444,12128,0,2412,1.2852290000000002,142.84608592745047,0
False,7,15,0,True,144.444,12128,0,2412,1.285243,142.84629144694532,0
False,7,15,0,True,144.444,12128,0,2412,1.2859859999999999,142.84649691358024,0
False,7,15,0,True,144.444,12128,-40,2412,1.286003,142.84670232737557,0
False,7,15,0,True,144.444,12128,-43,2412,1.2863380000000002,142.84690768835173,0
False,7,15,0,True,144.444,12128,0,2412,1.28635,142.8471129965291,0
False,7,15,0,True,144.444,12128,-44,2412,1.286362,142.84731825192802,0
False,7,15,0,True,144.444,12128,-39,2412,1.2863760000000002,142.8475234545688,0
False,7,15,0,True,144.444,12128,0,2412,1.28639,142.84772860447185,0
False,7,15,0,True,144.444,12128,-44,2412,1.286403,142.84793370165744,0
False,7,15,0,True,144.444,12128,0,2412,1.286416,142.84813874614593,0
False,7,15,0,True,144.444,12128,0,2412,1.2864300000000002,142.8483437379576,0
False,7,15,0,True,144.444,12128,-39,2412,1.286444,142.84854867711275,0
False,7,15,0,True,144.444,12128,-43,2412,1.2864589999999998,142.84875356363167,0
False,7,15,0,True,144.444,12128,-36,2412,1.286479,142.84895839753466,0
False,7,15,0,True,144.444,12128,0,2412,1.286493,142.84916317884193,0
False,7,15,0,True,144.444,12128,0,2412,1.2865060000000001,142.8493679075738,0
False,7,15,0,True,144.444,12128,0,2412,1.2865199999999999,142.84957258375047,0
False,7,15,0,True,144.444,12128,0,2412,1.286534,142.84977720739218,0
False,7,15,0,True,144.444,12128,-34,2412,1.287613,142.84998177851918,0
False,7,15,0,True,144.444,12128,0,2412,1.28763,142.85018629715162,0
False,7,15,0,True,144.444,12128,-40,2412,1.288287,142.8503907633098,0
False,7,15,0,True,144.444,12128,0,2412,1.2883010000000001,142.85059517701384,0
False,7,15,0,True,144.444,12128,-40,2412,1.2883140000000002,142.85079953828395,0
False,7,15,0,True,144.444,12128,0,2412,1.288809,142.85100384714028,0
False,7,15,0,True,144.444,12128,-42,2412,1.2888229999999998,142.85120810360303,0
False,7,15,0,True,144.444,12128,0,2412,1.2888359999999999,142.8514123076923,0
False,7,15,0,True,144.444,12128,-42,2412,1.288849,142.85161645942827,0
False,7,15,0,True,144.444,12128,0,2412,1.288863,142.85182055883104,0
False,7,15,0,True,144.444,12128,-42,2412,1.2888769999999998,142.85202460592078,0
False,7,15,0,True,144.444,12128,-37,2412,1.2888890000000002,142.85222860071755,0
False,7,15,0,True,144.444,12128,0,2412,1.288901,142.8524325432415,0
False,7,15,0,True,144.444,12128,-44,2412,1.288916,142.85263643351266,0
False,7,15,0,True,144.444,12128,0,2412,1.2889300000000001,142.85284027155117,0
False,7,15,0,True,144.444,12128,0,2412,1.2889499999999998,142.85304405737705,0
False,7,15,0,True,144.444,12128,-40,2412,1.288964,142.85324779101035,0
False,7,15,0,True,144.444,12128,-41,2412,1.28898,142.85345147247116,0
False,7,15,0,True,144.444,12128,-39,2412,1.288993,142.85365510177954,0
False,7,15,0,True,144.444,12128,-44,2412,1.289012,142.85385867895545,0
False,7,15,0,True,144.444,12128,0,2412,1.2890259999999998,142.85406220401893,0
False,7,15,0,True,144.444,12128,-43,2412,1.29046,142.85426567699,0
False,7,15,0,True,144.444,12128,0,2412,1.290479,142.85446909788865,0
False,7,15,0,True,144.444,12128,0,2412,1.2904939999999998,142.8546724667349,0
False,7,15,0,True,144.444,12128,-40,2412,1.290508,142.85487578354866,0
False,7,15,0,True,144.444,12128,0,2412,1.291843,142.85507904834995,0
False,7,15,0,True,144.444,12128,0,2412,1.291855,142.8552822611587,0
False,7,15,0,True,144.444,12128,0,2412,1.2918660000000002,142.85548542199487,0
False,7,15,0,True,144.444,12128,-39,2412,1.2918789999999998,142.85568853087838,0
False,7,15,0,True,144.444,12128,0,2412,1.2918910000000001,142.85589158782918,0
False,7,15,0,True,144.444,12128,-36,2412,1.2919040000000002,142.85609459286718,0
False,7,15,0,True,144.444,12128,0,2412,1.291916,142.85629754601226,0
False,7,15,0,True,144.444,12128,0,2412,1.291928,142.85650044728433,0
False,7,15,0,True,144.444,12128,-41,2412,1.2919399999999999,142.8567032967033,0
False,7,15,0,True,144.444,12128,0,2412,1.291953,142.85690609428897,0
False,7,15,0,True,144.444,12128,-36,2412,1.2919649999999998,142.8571088400613,0
False,7,15,0,True,144.444,12128,0,2412,1.2919770000000002,142.8573115340401,0
False,7,15,0,True,144.444,12128,0,2412,1.291991,142.8575141762452,0
False,7,15,0,True,144.444,12128,-41,2412,1.2920029999999998,142.85771676669646,0
False,7,15,0,True,144.444,12128,0,2412,1.2920159999999998,142.85791930541367,0
False,7,15,0,True,144.444,12128,0,2412,1.2920280000000002,142.85812179241668,0
False,7,15,0,True,144.444,12128,0,2412,1.29204,142.8583242277253,0
False,7,15,0,True,144.444,12128,-35,2412,1.292052,142.85852661135928,0
False,7,15,0,True,144.444,12128,-35,2412,1.2920639999999999,142.85872894333843,0
False,7,15,0,True,144.444,12128,-40,2412,1.2920759999999998,142.85893122368253,0
False,7,15,0,True,144.444,12128,0,2412,1.2921269999999998,142.85913345241133,0
False,7,15,0,True,144.444,12128,0,2412,1.2921390000000001,142.85933562954457,0
False,7,15,0,True,144.444,12128,0,2412,1.292396,142.85953775510202,0
False,7,15,0,True,144.444,12128,-36,2412,1.2924120000000001,142.85973982910343,0
False,7,15,0,True,144.444,12128,-36,2412,1.292859,142.85994185156846,0
False,7,15,0,True,144.444,12128,0,2412,1.292875,142.86014382251687,0
False,7,15,0,True,144.444,12128,0,2412,1.292888,142.8603457419684,0
False,7,15,0,True,144.444,12128,-41,2412,1.2929,142.86054760994264,0
False,7,15,0,True,144.444,12128,0,2412,1.292913,142.86074942645934,0
False,7,15,0,True,144.444,12128,-42,2412,1.2929270000000002,142.86095119153816,0
False,7,15,0,True,144.444,12128,-41,2412,1.295255,142.86115290519876,0
False,7,15,0,True,144.444,12128,-41,2412,1.2976960000000002,142.8613545674608,0
False,7,15,0,True,144.444,12128,-37,2412,1.297713,142.86155617834393,0
False,7,15,0,True,144.444,12128,-42,2412,1.297727,142.86175773786778,0
False,7,15,0,True,144.444,12128,-40,2412,1.2977409999999998,142.86195924605195,0
False,7,15,0,True,144.444,12128,-42,2412,1.2977919999999998,142.86216070291607,0
False,7,15,0,True,144.444,12128,-39,2412,1.2978040000000002,142.86236210847974,0
False,7,15,0,True,144.444,12128,-41,2412,1.2978169999999998,142.86256346276255,0
False,7,15,0,True,144.444,12128,0,2412,1.297831,142.8627647657841,0
False,7,15,0,True,144.444,12128,-40,2412,1.297847,142.86296601756393,0
False,7,15,0,True,144.444,12128,0,2412,1.2978999999999998,142.86316721812165,0
False,7,15,0,True,144.444,12128,0,2412,1.297914,142.86336836747677,0
False,7,15,0,True,144.444,12128,-39,2412,1.2979280000000002,142.86356946564885,0
False,7,15,0,True,144.444,12128,-43,2412,1.29794,142.86377051265742,0
False,7,15,0,True,144.444,12128,0,2412,1.297952,142.86397150852198,0
False,7,15,0,True,144.444,12128,0,2412,1.297965,142.8641724532621,0
False,7,15,0,True,144.444,12128,-39,2412,1.297977,142.86437334689725,0
False,7,15,0,True,144.444,12128,0,2412,1.2979910000000001,142.8645741894469,0
False,7,15,0,True,144.444,12128,0,2412,1.2980040000000002,142.86477498093058,0
False,7,15,0,True,144.444,12128,0,2412,1.2980200000000002,142.86497572136773,0
False,7,15,0,True,144.444,12128,0,2412,1.298035,142.86517641077782,0
False,7,15,0,True,144.444,12128,0,2412,1.2980519999999998,142.86537704918032,0
False,7,15,0,True,144.444,12128,-36,2412,1.298066,142.86557763659465,0
False,7,15,0,True,144.444,12128,0,2412,1.2980800000000001,142.86577817304027,0
False,7,15,0,True,144.444,12128,-40,2412,1.298092,142.86597865853656,0
False,7,15,0,True,144.444,12128,-40,2412,1.2981060000000002,142.866179093103,0
False,7,15,0,True,144.444,12128,0,2412,1.29812,142.86637947675894,0
False,7,15,0,True,144.444,12128,-40,2412,1.298133,142.8665798095238,0
False,7,15,0,True,144.444,12128,-36,2412,1.3000409999999998,142.86678009141696,0
False,7,15,0,True,144.444,12128,0,2412,1.300056,142.86698032245778,0
False,7,15,0,True,144.444,12128,0,2412,1.300074,142.86718050266563,0
False,7,15,0,True,144.444,12128,0,2412,1.3000859999999999,142.8673806320599,0
False,7,15,0,True,144.444,12128,0,2412,1.3000980000000002,142.8675807106599,0
False,7,15,0,True,144.444,12128,-41,2412,1.300113,142.86778073848495,0
False,7,15,0,True,144.444,12128,0,2412,1.300125,142.8679807155544,0
False,7,15,0,True,144.444,12128,0,2412,1.3001369999999999,142.8681806418876,0
False,7,15,0,True,144.444,12128,-35,2412,1.3001489999999998,142.8683805175038,0
False,7,15,0,True,144.444,12128,-37,2412,1.3001610000000001,142.86858034242232,0
False,7,15,0,True,144.444,12128,-44,2412,1.300173,142.86878011666244,0
False,7,15,0,True,144.444,12128,-35,2412,1.300185,142.86897984024344,0
False,7,15,0,True,144.444,12128,0,2412,1.300198,142.86917951318458,0
False,7,15,0,True,144.444,12128,0,2412,1.300211,142.8693791355051,0
False,7,15,0,True,144.444,12128,-35,2412,1.300223,142.86957870722432,0
False,7,15,0,True,144.444,12128,-35,2412,1.3002340000000001,142.8697782283614,0
False,7,15,0,True,144.444,12128,0,2412,1.300246,142.86997769893563,0
False,7,15,0,True,144.444,12128,-36,2412,1.300259,142.87017711896615,0
False,7,15,0,True,144.444,12128,-36,2412,1.300271,142.87037648847223,0
False,7,15,0,True,144.444,12128,-40,2412,1.3002820000000002,142.87057580747307,0
False,7,15,0,True,144.444,12128,-41,2412,1.3023799999999999,142.87077507598784,0
False,7,15,0,True,144.444,12128,0,2412,1.3023950000000002,142.8709742940357,0
False,7,15,0,True,144.444,12128,-44,2412,1.302409,142.87117346163583,0
False,7,15,0,True,144.444,12128,-40,2412,1.302422,142.87137257880744,0
False,7,15,0,True,144.444,12128,-43,2412,1.3024360000000001,142.87157164556962,0
False,7,15,0,True,144.444,12128,-39,2412,1.3024490000000002,142.87177066194153,0
False,7,15,0,True,144.444,12128,-39,2412,1.30246,142.87196962794226,0
False,7,15,0,True,144.444,12128,0,2412,1.3024740000000001,142.87216854359102,0
False,7,15,0,True,144.444,12128,0,2412,1.3024879999999999,142.87236740890688,0
False,7,15,0,True,144.444,12128,-43,2412,1.302501,142.8725662239089,0
False,7,15,0,True,144.444,12128,-42,2412,1.302515,142.87276498861624,0
False,7,15,0,True,144.444,12128,0,2412,1.30253,142.87296370304793,0
False,7,15,0,True,144.444,12128,-39,2412,1.3025470000000001,142.87316236722307,0
False,7,15,0,True,144.444,12128,0,2412,1.3025600000000002,142.8733609811607,0
False,7,15,0,True,144.444,12128,0,2412,1.302575,142.8735595448799,0
False,7,15,0,True,144.444,12128,0,2412,1.30259,142.8737580583997,0
False,7,15,0,True,144.444,12128,0,2412,1.3026010000000001,142.8739565217391,0
False,7,15,0,True,144.444,12128,0,2412,1.3026149999999999,142.87415493491721,0
False,7,15,0,True,144.444,12128,0,2412,1.3026300000000002,142.87435329795298,0
False,7,15,0,True,144.444,12128,-40,2412,1.302644,142.87455161086544,0
False,7,15,0,True,144.444,12128,0,2412,1.302705,142.87474987367355,0
False,7,15,0,True,144.444,12128,0,2412,1.3027199999999999,142.87494808639636,0
False,7,15,0,True,144.444,12128,-40,2412,1.3052039999999998,142.87514624905276,0
False,7,15,0,True,144.444,12128,0,2412,1.305262,142.87534436166183,0
False,7,15,0,True,144.444,12128,0,2412,1.305275,142.8755424242424,0
False,7,15,0,True,144.444,12128,0,2412,1.3052890000000001,142.87574043681352,0
False,7,15,0,True,144.444,12128,-41,2412,1.3053029999999999,142.87593839939407,0
False,7,15,0,True,144.444,544,0,2412,1.305316,142.876136312003,0
False,7,15,0,True,144.444,12128,0,2412,1.3053279999999998,142.87633417465923,0
False,7,15,0,True,144.444,12128,0,2412,1.3053409999999999,142.8765319873817,0
False,7,15,0,True,144.444,12128,-36,2412,1.305354,142.87672975018924,0
False,7,15,0,True,144.444,12128,0,2412,1.305368,142.87692746310077,0
False,7,15,0,True,144.444,12128,0,2412,1.3053819999999998,142.8771251261352,0
False,7,15,0,True,144.444,12128,-41,2412,1.305396,142.87732273931138,0
False,7,15,0,True,144.444,12128,0,2412,1.3054100000000002,142.87752030264818,0
False,7,15,0,True,144.444,12128,0,2412,1.305422,142.8777178161644,0
False,7,15,0,True,144.444,12128,-44,2412,1.30544,142.87791527987895,0
False,7,15,0,True,144.444,12128,-37,2412,1.3062610000000001,142.87811269381066,0
False,7,15,0,True,144.444,12128,-35,2412,1.3062770000000001,142.8783100579783,0
False,7,15,0,True,144.444,12128,0,2412,1.306289,142.87850737240075,0
False,7,15,0,True,144.444,12128,-40,2412,1.3063029999999998,142.87870463709675,0
False,7,15,0,True,144.444,12128,-36,2412,1.306492,142.87890185208516,0
False,7,15,0,True,144.444,12128,0,2412,1.307639,142.87909901738473,0
False,7,15,0,True,144.444,12128,-42,2412,1.307655,142.8792961330142,0
False,7,15,0,True,144.444,12128,0,2412,1.307668,142.87949319899244,0
False,7,15,0,True,144.444,12128,0,2412,1.307681,142.8796902153381,0
False,7,15,0,True,144.444,12128,0,2412,1.3076940000000001,142.87988718207,0
False,7,15,0,True,144.444,12128,0,2412,1.307706,142.88008409920684,0
False,7,15,0,True,144.444,12128,0,2412,1.307719,142.88028096676737,0
False,7,15,0,True,144.444,12128,-40,2412,1.307731,142.88047778477028,0
False,7,15,0,True,144.444,12128,-44,2412,1.307744,142.88067455323431,0
False,7,15,0,True,144.444,12128,0,2412,1.307757,142.88087127217818,0
False,7,15,0,True,144.444,12128,-41,2412,1.30777,142.88106794162053,0
False,7,15,0,True,144.444,12128,0,2412,1.307782,142.88126456158005,0
False,7,15,0,True,144.444,12128,-39,2412,1.307795,142.88146113207546,0
False,7,15,0,True,144.444,12128,0,2412,1.3078089999999998,142.8816576531254,0
False,7,15,0,True,144.444,12128,-39,2412,1.3078210000000001,142.8818541247485,0
False,7,15,0,True,144.444,12128,0,2412,1.307839,142.8820505469634,0
False,7,15,0,True,144.444,12128,-42,2412,1.310464,142.88224691978877,0
False,7,15,0,True,144.444,12128,-43,2412,1.310482,142.88244324324324,0
False,7,15,0,True,144.444,12128,-40,2412,1.310495,142.88263951734538,0
False,7,15,0,True,144.444,12128,0,2412,1.310613,142.88283574211385,0
False,7,15,0,True,144.444,12128,0,2412,1.310626,142.88303191756722,0
False,7,15,0,True,144.444,12128,0,2412,1.3106399999999998,142.88322804372407,0
False,7,15,0,True,144.444,12128,0,2412,1.3106529999999998,142.883424120603,0
False,7,15,0,True,144.444,12128,0,2412,1.3106650000000002,142.88362014822258,0
False,7,15,0,True,144.444,12128,0,2412,1.310677,142.88381612660135,0
False,7,15,0,True,144.444,12128,-44,2412,1.310692,142.88401205575786,0
False,7,15,0,True,144.444,12128,-36,2412,1.310705,142.8842079357107,0
False,7,15,0,True,144.444,12128,-39,2412,1.310721,142.88440376647833,0
False,7,15,0,True,144.444,12128,0,2412,1.310734,142.88459954807934,0
False,7,15,0,True,144.444,12128,-41,2412,1.3107479999999998,142.8847952805322,0
False,7,15,0,True,144.444,12128,0,2412,1.3107609999999998,142.88499096385542,0
False,7,15,0,True,144.444,12128,0,2412,1.310775,142.8851865980675,0
False,7,15,0,True,144.444,12128,0,2412,1.31079,142.88538218318695,0
False,7,15,0,True,144.444,12128,-36,2412,1.3108019999999998,142.8855777192322,0
False,7,15,0,True,144.444,12128,0,2412,1.3108140000000001,142.88577320622176,0
False,7,15,0,True,144.444,12128,-41,2412,1.3108270000000002,142.88596864417408,0
False,7,15,0,True,144.444,12128,0,2412,1.310841,142.88616403310758,0
False,7,15,0,True,144.444,12128,0,2412,1.3108559999999998,142.88635937304073,0
False,7,15,0,True,144.444,12128,-40,2412,1.3108710000000001,142.88655466399197,0
False,7,15,0,True,144.444,12128,-36,2412,1.313466,142.88674990597968,0
False,7,15,0,True,144.444,12128,0,2412,1.313479,142.8869450990223,0
False,7,15,0,True,144.444,12128,0,2412,1.3134890000000001,142.88714024313822,0
False,7,15,0,True,144.444,12128,-36,2412,1.3135020000000002,142.88733533834585,0
False,7,15,0,True,144.444,12128,0,2412,1.313516,142.88753038466356,0
False,7,15,0,True,144.444,12128,-42,2412,1.3135409999999998,142.88772538210975,0
False,7,15,0,True,144.444,12128,-41,2412,1.3135539999999999,142.8879203307027,0
False,7,15,0,True,144.444,12128,0,2412,1.313567,142.8881152304609,0
False,7,15,0,True,144.444,12128,-36,2412,1.313581,142.8883100814026,0
False,7,15,0,True,144.444,12128,0,2412,1.313596,142.8885048835462,0
False,7,15,0,True,144.444,12128,-36,2412,1.3136109999999999,142.88869963690996,0
False,7,15,0,True,144.444,12128,0,2412,1.3136229999999998,142.88889434151224,0
False,7,15,0,True,144.444,12128,0,2412,1.313634,142.88908899737137,0
False,7,15,0,True,144.444,12128,0,2412,1.3136480000000001,142.8892836045056,0
False,7,15,0,True,144.444,12128,0,2412,1.3136610000000002,142.88947816293327,0
False,7,15,0,True,144.444,12128,0,2412,1.313676,142.88967267267267,0
False,7,15,0,True,144.444,12128,-42,2412,1.313689,142.889867133742,0
False,7,15,0,True,144.444,12128,-44,2412,1.3137029999999998,142.89006154615961,0
False,7,15,0,True,144.444,12128,-40,2412,1.313736,142.8902559099437,0
False,7,15,0,True,144.444,12128,-40,2412,1.313751,142.89045022511255,0
False,7,15,0,True,144.444,12128,-39,2412,1.313853,142.89064449168438,0
False,7,15,0,True,144.444,12128,-43,2412,1.313866,142.8908387096774,0
False,7,15,0,True,144.444,12128,0,2412,1.3138809999999999,142.89103287910987,0
False,7,15,0,True,144.444,12128,0,2412,1.313894,142.891227,0
False,7,15,0,True,144.444,12128,0,2412,1.3139059999999998,142.89142107236594,0
False,7,15,0,True,144.444,12128,-43,2412,1.3139189999999998,142.89161509622593,0
False,7,15,0,True,144.444,12128,-42,2412,1.3139319999999999,142.89180907159815,0
False,7,15,0,True,144.444,12128,0,2412,1.3139439999999998,142.89200299850074,0
False,7,15,0,True,144.444,12128,-39,2412,1.314857,142.89219687695189,0
False,7,15,0,True,144.444,12128,0,2412,1.3166829999999998,142.89239070696976,0
False,7,15,0,True,144.444,12128,-40,2412,1.3167,142.89258448857248,0
False,7,15,0,True,144.444,12128,0,2412,1.316713,142.8927782217782,0
False,7,15,0,True,144.444,12128,-40,2412,1.316726,142.89297190660506,0
False,7,15,0,True,144.444,12128,0,2412,1.320604,142.89316554307115,0
False,7,15,0,True,144.444,12128,-36,2412,1.320621,142.8933591311946,0
False,7,15,0,True,144.444,12128,0,2412,1.320634,142.8935526709935,0
False,7,15,0,True,144.444,12128,0,2412,1.3206479999999998,142.89374616248594,0
False,7,15,0,True,144.444,12128,-41,2412,1.3206630000000001,142.89393960569004,0
False,7,15,0,True,144.444,12128,0,2412,1.320675,142.8941330006238,0
False,7,15,0,True,144.444,12128,0,2412,1.320688,142.89432634730537,0
False,7,15,0,True,144.444,12128,0,2412,1.3207019999999998,142.89451964575278,0
False,7,15,0,True,144.444,12128,0,2412,1.3207149999999999,142.89471289598401,0
False,7,15,0,True,144.444,12128,0,2412,1.320728,142.8949060980172,0
False,7,15,0,True,144.444,12128,0,2412,1.320742,142.8950992518703,0
False,7,15,0,True,144.444,12128,0,2412,1.3207779999999998,142.8952923575614,0
False,7,15,0,True,144.444,12128,-44,2412,1.320792,142.89548541510842,0
False,7,15,0,True,144.444,12128,-35,2412,1.3208060000000001,142.89567842452945,0
False,7,15,0,True,144.444,12128,-35,2412,1.320817,142.89587138584247,0
False,7,15,0,True,144.444,12128,0,2412,1.3224399999999998,142.89606429906542,0
False,7,15,0,True,144.444,12128,-36,2412,1.322457,142.89625716421628,0
False,7,15,0,True,144.444,12128,-40,2412,1.3224710000000002,142.89644998131305,0
False,7,15,0,True,144.444,12128,-44,2412,1.32272,142.89664275037367,0
False,7,15,0,True,144.444,12128,0,2412,1.322733,142.8968354714161,0
False,7,15,0,True,144.444,12128,-39,2412,1.322746,142.89702814445826,0
False,7,15,0,True,144.444,12128,0,2412,1.3227609999999999,142.8972207695181,0
False,7,15,0,True,144.444,12128,-41,2412,1.322775,142.89741334661352,0
False,7,15,0,True,144.444,12128,0,2412,1.322787,142.89760587576245,0
False,7,15,0,True,144.444,12128,0,2412,1.3227989999999998,142.8977983569828,0
False,7,15,0,True,144.444,12128,-39,2412,1.3228110000000002,142.89799079029245,0
False,7,15,0,True,144.444,12128,0,2412,1.3228239999999998,142.89818317570928,0
False,7,15,0,True,144.444,12128,-43,2412,1.3228360000000001,142.8983755132512,0
False,7,15,0,True,144.444,12128,-39,2412,1.3228550000000001,142.89856780293604,0
False,7,15,0,True,144.444,12128,0,2412,1.3228710000000001,142.89876004478168,0
False,7,15,0,True,144.444,12128,0,2412,1.3228849999999999,142.89895223880595,0
False,7,15,0,True,144.444,12128,0,2412,1.3229000000000002,142.89914438502672,0
False,7,15,0,True,144.444,12128,-42,2412,1.322914,142.8993364834618,0
False,7,15,0,True,144.444,12128,0,2412,1.3235800000000002,142.89952853412905,0
False,7,15,0,True,144.444,12128,0,2412,1.3235990000000002,142.89972053704622,0
False,7,15,0,True,144.444,12128,-40,2412,1.3258969999999999,142.89991249223118,0
False,7,15,0,True,144.444,12128,-43,2412,1.3259180000000002,142.90010439970172,0
False,7,15,0,True,144.444,12128,-40,2412,1.3259310000000002,142.90029625947557,0
False,7,15,0,True,144.444,12128,-44,2412,1.3259789999999998,142.90048807157055,0
False,7,15,0,True,144.444,12128,0,2412,1.3259910000000001,142.90067983600446,0
False,7,15,0,True,144.444,12128,0,2412,1.3260040000000002,142.90087155279502,0
False,7,15,0,True,144.444,12128,0,2412,1.326016,142.90106322196,0
False,7,15,0,True,144.444,12128,-39,2412,1.326028,142.90125484351714,0
False,7,15,0,True,144.444,12128,0,2412,1.3260420000000002,142.90144641748415,0
False,7,15,0,True,144.444,12128,-41,2412,1.326054,142.90163794387882,0
False,7,15,0,True,144.444,12128,0,2412,1.326066,142.9018294227188,0
False,7,15,0,True,144.444,12128,-40,2412,1.3260779999999999,142.90202085402183,0
False,7,15,0,True,144.444,12128,-41,2412,1.326089,142.90221223780563,0
False,7,15,0,True,144.444,12128,0,2412,1.326101,142.90240357408786,0
False,7,15,0,True,144.444,12128,0,2412,1.3261120000000002,142.90259486288622,0
False,7,15,0,True,144.444,12128,0,2412,1.3261249999999998,142.90278610421834,0
False,7,15,0,True,144.444,12128,0,2412,1.3261370000000001,142.90297729810197,0
False,7,15,0,True,144.444,12128,-36,2412,1.326149,142.9031684445547,0
False,7,15,0,True,144.444,12128,0,2412,1.326161,142.90335954359418,0
False,7,15,0,True,144.444,12128,0,2412,1.3261729999999998,142.90355059523807,0
False,7,15,0,True,144.444,12128,-41,2412,1.3261850000000002,142.90374159950403,0
False,7,15,0,True,144.444,12128,-39,2412,1.3265980000000002,142.90393255640961,0
False,7,15,0,True,144.444,12128,0,2412,1.32661,142.90412346597248,0
False,7,15,0,True,144.444,12128,-39,2412,1.326622,142.9043143282102,0
False,7,15,0,True,144.444,12128,-43,2412,1.326635,142.9045051431404,0
False,7,15,0,True,144.444,12128,-42,2412,1.326651,142.90469591078065,0
False,7,15,0,True,144.444,12128,0,2412,1.326663,142.90488663114854,0
False,7,15,0,True,144.444,12128,0,2412,1.3266749999999998,142.90507730426162,0
False,7,15,0,True,144.444,12128,0,2412,1.32674,142.90526793013748,0
False,7,15,0,True,144.444,12128,0,2412,1.326756,142.90545850879366,0
False,7,15,0,True,144.444,12128,0,2412,1.326791,142.90564904024765,0
False,7,15,0,True,144.444,12128,-43,2412,1.326804,142.9058395245171,0
False,7,15,0,True,144.444,12128,-40,2412,1.327776,142.9060299616194,0
False,7,15,0,True,144.444,12128,-36,2412,1.3277929999999998,142.90622035157216,0
False,7,15,0,True,144.444,12128,0,2412,1.3278059999999998,142.90641069439286,0
False,7,15,0,True,144.444,12128,0,2412,1.3278189999999999,142.906600990099,0
False,7,15,0,True,144.444,12128,-44,2412,1.327832,142.90679123870808,0
False,7,15,0,True,144.444,12128,-40,2412,1.327845,142.90698144023756,0
False,7,15,0,True,144.444,12128,-39,2412,1.327858,142.90717159470492,0
False,7,15,0,True,144.444,12128,0,2412,1.327871,142.90736170212764,0
False,7,15,0,True,144.444,12128,-40,2412,1.327884,142.90755176252318,0
False,7,15,0,True,144.444,12128,-41,2412,1.329138,142.90774177590896,0
False,7,15,0,True,144.444,12128,0,2412,1.329151,142.90793174230245,0
False,7,15,0,True,144.444,12128,0,2412,1.329164,142.90812166172105,0
False,7,15,0,True,144.444,12128,0,2412,1.329177,142.90831153418222,0
False,7,15,0,True,144.444,12128,0,2412,1.329192,142.90850135970334,0
False,7,15,0,True,144.444,12128,-36,2412,1.329205,142.9086911383018,0
False,7,15,0,True,144.444,12128,0,2412,1.329218,142.90888086999504,0
False,7,15,0,True,144.444,12128,-41,2412,1.32923,142.90907055480045,0
False,7,15,0,True,144.444,12128,0,2412,1.329246,142.90926019273533,0
False,7,15,0,True,144.444,12128,-35,2412,1.32926,142.90944978381717,0
False,7,15,0,True,144.444,12128,0,2412,1.3292730000000001,142.90963932806324,0
False,7,15,0,True,144.444,12128,0,2412,1.3292860000000002,142.9098288254909,0
False,7,15,0,True,144.444,12128,0,2412,1.3292989999999998,142.91001827611754,0
False,7,15,0,True,144.444,12128,0,2412,1.329317,142.91020767996048,0
False,7,15,0,True,144.444,12128,0,2412,1.329332,142.91039703703703,0
False,7,15,0,True,144.444,12128,-41,2412,1.330485,142.9105863473645,0
False,7,15,0,True,144.444,12128,0,2412,1.330502,142.91077561096026,0
False,7,15,0,True,144.444,12128,-40,2412,1.3305189999999998,142.91096482784152,0
False,7,15,0,True,144.444,12128,0,2412,1.330572,142.91115399802564,0
False,7,15,0,True,144.444,12128,-36,2412,1.330584,142.9113431215299,0
False,7,15,0,True,144.444,12128,-34,2412,1.3305980000000002,142.91153219837156,0
False,7,15,0,True,144.444,12128,0,2412,1.330612,142.9117212285679,0
False,7,15,0,True,144.444,12128,0,2412,1.330625,142.91191021213615,0
False,7,15,0,True,144.444,12128,0,2412,1.330638,142.9120991490936,0
False,7,15,0,True,144.444,12128,0,2412,1.3311160000000002,142.91228803945745,0
False,7,15,0,True,144.444,12128,-39,2412,1.33113,142.91247688324495,0
False,7,15,0,True,144.444,12128,-37,2412,1.331143,142.91266568047337,0
False,7,15,0,True,144.444,12128,0,2412,1.3311570000000001,142.91285443115984,0
False,7,15,0,True,144.444,12128,-41,2412,1.3311760000000001,142.91304313532166,0
False,7,15,0,True,144.444,12128,0,2412,1.3311899999999999,142.91323179297595,0
False,7,15,0,True,144.444,12128,0,2412,1.331203,142.91342040413994,0
False,7,15,0,True,144.444,12128,0,2412,1.331216,142.91360896883083,0
False,7,15,0,True,144.444,12128,0,2412,1.331689,142.91379748706578,0
False,7,15,0,True,144.444,12128,-44,2412,1.331706,142.91398595886193,0
False,7,15,0,True,144.444,12128,0,2412,1.3317199999999998,142.91417438423645,0
False,7,15,0,True,144.444,12128,-40,2412,1.3317329999999998,142.9143627632065,0
False,7,15,0,True,144.444,12128,-39,2412,1.333441,142.9145510957892,0
False,7,15,0,True,144.444,12128,0,2412,1.3334609999999998,142.9147393820017,0
False,7,15,0,True,144.444,12128,-41,2412,1.333475,142.91492762186115,0
False,7,15,0,True,144.444,12128,-43,2412,1.3334869999999999,142.9151158153846,0
False,7,15,0,True,144.444,12128,-39,2412,1.3335020000000002,142.9153039625892,0
False,7,15,0,True,144.444,12128,0,2412,1.3335149999999998,142.91549206349205,0
False,7,15,0,True,144.444,12128,-42,2412,1.3335270000000001,142.91568011811023,0
False,7,15,0,True,144.444,12128,-39,2412,1.333539,142.9158681264608,0
False,7,15,0,True,144.444,12128,0,2412,1.3335529999999998,142.91605608856088,0
False,7,15,0,True,144.444,12128,0,2412,1.3335659999999998,142.91624400442748,0
False,7,15,0,True,144.444,12128,0,2412,1.3335789999999998,142.91643187407772,0
False,7,15,0,True,144.444,12128,0,2412,1.3335940000000002,142.91661969752857,0
False,7,15,0,True,144.444,12128,-39,2412,1.333608,142.91680747479714,0
False,7,15,0,True,144.444,12128,-41,2412,1.335871,142.9169952059004,0
False,7,15,0,True,144.444,12128,0,2412,1.3358849999999998,142.91718289085546,0
False,7,15,0,True,144.444,12128,0,2412,1.3358979999999998,142.91737052967923,0
False,7,15,0,True,144.444,12128,0,2412,1.3359130000000001,142.91755812238878,0
False,7,15,0,True,144.444,12128,0,2412,1.3359260000000002,142.9177456690011,0
False,7,15,0,True,144.444,12128,0,2412,1.3359389999999998,142.91793316953317,0
False,7,15,0,True,144.444,12128,0,2412,1.335951,142.91812062400194,0
False,7,15,0,True,144.444,12128,-41,2412,1.335966,142.91830803242445,0
False,7,15,0,True,144.444,12128,0,2412,1.335979,142.91849539481763,0
False,7,15,0,True,144.444,12128,-36,2412,1.335992,142.91868271119841,0
False,7,15,0,True,144.444,12128,0,2412,1.3360059999999998,142.91886998158378,0
False,7,15,0,True,144.444,12128,0,2412,1.3360180000000001,142.91905720599067,0
False,7,15,0,True,144.444,12128,0,2412,1.3360310000000002,142.91924438443598,0
False,7,15,0,True,144.444,12128,0,2412,1.336045,142.91943151693667,0
False,7,15,0,True,144.444,12128,0,2412,1.3360569999999998,142.91961860350963,0
False,7,15,0,True,144.444,12128,-35,2412,1.3360699999999999,142.91980564417176,0
False,7,15,0,True,144.444,12128,0,2412,1.3360819999999998,142.91999263894,0
False,7,15,0,True,144.444,12128,-36,2412,1.3360940000000001,142.9201795878312,0
False,7,15,0,True,144.444,12128,-42,2412,1.3361079999999999,142.92036649086225,0
False,7,15,0,True,144.444,12128,-40,2412,1.3361200000000002,142.92055334805002,0
False,7,15,0,True,144.444,12128,0,2412,1.337908,142.9207401594114,0
False,7,15,0,True,144.444,12128,-34,2412,1.3379219999999998,142.9209269249632,0
False,7,15,0,True,144.444,12128,0,2412,1.3379340000000002,142.9211136447223,0
False,7,15,0,True,144.444,12128,-40,2412,1.3379469999999998,142.92130031870556,0
True,7,15,0,True,144.444,12128,-39,2412,1.3391700000000002,142.90378330677777,0
True,7,15,0,True,144.444,12128,-36,2412,1.339188,142.88627058823528,0
True,7,15,0,True,144.444,12128,0,2412,1.3392019999999998,142.8687621614998,0
True,7,15,0,True,144.444,12128,0,2412,1.339216,142.85125802499385,0
True,7,15,0,True,144.444,12128,0,2412,1.339229,142.83375817714074,0
True,7,15,0,True,144.444,12128,-36,2412,1.3392430000000002,142.81626261636453,0
True,7,15,0,True,144.444,12128,0,2412,1.3392559999999998,142.79877134109,0
True,7,15,0,True,144.444,12128,0,2412,1.33927,142.7812843497428,0
True,7,15,0,True,144.444,12128,0,2412,1.3392840000000001,142.76380164074934,0
True,7,15,0,True,144.444,12128,0,2412,1.3392970000000002,142.7463232125367,0
True,7,15,0,True,144.444,12128,-41,2412,1.339309,142.72884906353286,0
True,7,15,0,True,144.444,12128,0,2412,1.3393220000000001,142.71137919216645,0
True,7,15,0,True,144.444,12128,-39,2412,1.3393359999999999,142.69391359686696,0
True,7,15,0,True,144.444,12128,-43,2412,1.3393549999999999,142.6764522760646,0
True,7,15,0,True,144.444,12128,-39,2412,1.339369,142.65899522819038,0
True,7,15,0,True,144.444,12128,-39,2412,1.34044,142.64154245167603,0
True,7,15,0,True,144.444,12128,-42,2412,1.3404569999999998,142.6240939449541,0
True,7,15,0,True,144.444,12128,0,2412,1.340472,142.60664970645792,0
True,7,15,0,True,144.444,12128,-44,2412,1.3404850000000001,142.58920973462148,0
True,7,15,0,True,144.444,12128,-40,2412,1.3404980000000002,142.57177402787966,0
False,7,15,0,True,144.444,12128,0,2412,1.340719,142.57200293434406,0
False,7,15,0,True,144.444,12128,0,2412,1.340732,142.57223178484108,0
False,7,15,0,True,144.444,12128,0,2412,1.341418,142.57246057939128,0
False,7,15,0,True,144.444,12128,-41,2412,1.3414359999999999,142.57268931801514,0
False,7,15,0,True,144.444,12128,0,2412,1.34145,142.5729180007332,0
False,7,15,0,True,144.444,12128,0,2412,1.341462,142.57314662756596,0
False,7,15,0,True,144.444,12128,-41,2412,1.341475,142.57337519853388,0
False,7,15,0,True,144.444,12128,0,2412,1.3414929999999998,142.57360371365743,0
False,7,15,0,True,144.444,12128,0,2412,1.3415050000000002,142.5738321729571,0
False,7,15,0,True,144.444,12128,-36,2412,1.341516,142.57406057645332,0
False,7,15,0,True,144.444,12128,0,2412,1.3415279999999998,142.57428892416655,0
False,7,15,0,True,144.444,12128,-35,2412,1.3415400000000002,142.57451721611721,0
False,7,15,0,True,144.444,12128,0,2412,1.341552,142.57474545232571,0
False,7,15,0,True,144.444,12128,0,2412,1.3426230000000001,142.5749736328125,0
False,7,15,0,True,144.444,12128,0,2412,1.3426390000000001,142.57520175759794,0
False,7,15,0,True,144.444,12128,-39,2412,1.3426529999999999,142.57542982670245,0
False,7,15,0,True,144.444,12128,0,2412,1.342667,142.57565784014642,0
False,7,15,0,True,144.444,12128,0,2412,1.3447680000000002,142.5758857979502,0
False,7,15,0,True,144.444,12128,-42,2412,1.3447870000000002,142.5761137001342,0
False,7,15,0,True,144.444,12128,-40,2412,1.344801,142.57634154671868,0
False,7,15,0,True,144.444,12128,0,2412,1.344853,142.5765693377241,0
False,7,15,0,True,144.444,12128,0,2412,1.3448660000000001,142.57679707317072,0
False,7,15,0,True,144.444,12128,-34,2412,1.344881,142.5770247530789,0
False,7,15,0,True,144.444,12128,0,2412,1.3448950000000002,142.5772523774689,0
False,7,15,0,True,144.444,12128,-41,2412,1.344909,142.57747994636108,0
False,7,15,0,True,144.444,12128,-39,2412,1.344922,142.5777074597757,0
False,7,15,0,True,144.444,12128,-37,2412,1.3449360000000001,142.57793491773307,0
False,7,15,0,True,144.444,12128,0,2412,1.3449490000000002,142.57816232025348,0
False,7,15,0,True,144.444,12128,-41,2412,1.344963,142.57838966735713,0
False,7,15,0,True,144.444,12128,0,2412,1.3449740000000001,142.5786169590643,0
False,7,15,0,True,144.444,12128,0,2412,1.344986,142.57884419539528,0
False,7,15,0,True,144.444,12128,0,2412,1.3450000000000002,142.57907137637025,0
False,7,15,0,True,144.444,12128,-36,2412,1.3450129999999998,142.5792985020095,0
False,7,15,0,True,144.444,12128,0,2412,1.3450259999999998,142.57952557233315,0
False,7,15,0,True,144.444,12128,0,2412,1.3450389999999999,142.5797525873615,0
False,7,15,0,True,144.444,12128,0,2412,1.3450509999999998,142.57997954711468,0
False,7,15,0,True,144.444,12128,-36,2412,1.3450639999999998,142.5802064516129,0
False,7,15,0,True,144.444,12128,-40,2412,1.3450769999999999,142.58043330087634,0
False,7,15,0,True,144.444,12128,-41,2412,1.3451309999999999,142.58066009492515,0
False,7,15,0,True,144.444,12128,0,2412,1.345145,142.5808868337795,0
False,7,15,0,True,144.444,12128,-42,2412,1.34516,142.58111351745953,0
False,7,15,0,True,144.444,12128,-39,2412,1.3451749999999998,142.5813401459854,0
False,7,15,0,True,144.444,12128,0,2412,1.345189,142.5815667193772,0
False,7,15,0,True,144.444,12128,0,2412,1.345209,142.58179323765506,0
False,7,15,0,True,144.444,12128,0,2412,1.3452229999999998,142.58201970083908,0
False,7,15,0,True,144.444,12128,0,2412,1.3452359999999999,142.58224610894942,0
False,7,15,0,True,144.444,12128,-44,2412,1.345249,142.58247246200608,0
False,7,15,0,True,144.444,12128,0,2412,1.3452609999999998,142.58269876002916,0
False,7,15,0,True,144.444,12128,0,2412,1.345278,142.58292500303878,0
False,7,15,0,True,144.444,12128,-43,2412,1.345294,142.58315119105492,0
False,7,15,0,True,144.444,12128,-40,2412,1.3461029999999998,142.58337732409768,0
False,7,15,0,True,144.444,12128,-36,2412,1.3461189999999998,142.5836034021871,0
False,7,15,0,True,144.444,12128,-44,2412,1.346133,142.5838294253432,0
False,7,15,0,True,144.444,12128,0,2412,1.3480240000000001,142.584055393586,0
False,7,15,0,True,144.444,12128,0,2412,1.3480400000000001,142.5842813069355,0
False,7,15,0,True,144.444,12128,-40,2412,1.348052,142.58450716541168,0
False,7,15,0,True,144.444,12128,0,2412,1.34823,142.5847329690346,0
False,7,15,0,True,144.444,12128,0,2412,1.348243,142.58495871782418,0
False,7,15,0,True,144.444,12128,-35,2412,1.348255,142.5851844118004,0
False,7,15,0,True,144.444,12128,0,2412,1.3482669999999999,142.58541005098323,0
False,7,15,0,True,144.444,12128,-36,2412,1.34828,142.58563563539263,0
False,7,15,0,True,144.444,12128,0,2412,1.3482919999999998,142.58586116504853,0
False,7,15,0,True,144.444,12128,-39,2412,1.3483040000000002,142.58608663997086,0
False,7,15,0,True,144.444,12128,0,2412,1.3483169999999998,142.58631206017955,0
False,7,15,0,True,144.444,12128,0,2412,1.348332,142.5865374256945,0
False,7,15,0,True,144.444,12128,-42,2412,1.3483450000000001,142.58676273653566,0
False,7,15,0,True,144.444,12128,0,2412,1.348357,142.58698799272287,0
False,7,15,0,True,144.444,12128,0,2412,1.348369,142.587213194276,0
False,7,15,0,True,144.444,12128,0,2412,1.348382,142.58743834121498,0
False,7,15,0,True,144.444,12128,0,2412,1.3483939999999999,142.58766343355964,0
False,7,15,0,True,144.444,12128,0,2412,1.348408,142.58788847132985,0
False,7,15,0,True,144.444,12128,0,2412,1.348421,142.58811345454544,0
False,7,15,0,True,144.444,12128,-34,2412,1.3484340000000001,142.58833838322627,0
False,7,15,0,True,144.444,12128,0,2412,1.348446,142.58856325739214,0
False,7,15,0,True,144.444,12128,-37,2412,1.3484790000000002,142.58878807706287,0
False,7,15,0,True,144.444,12128,-40,2412,1.3484919999999998,142.58901284225828,0
False,7,15,0,True,144.444,12128,0,2412,1.351063,142.58923755299818,0
False,7,15,0,True,144.444,12128,0,2412,1.3510779999999998,142.58946220930233,0
False,7,15,0,True,144.444,12128,-39,2412,1.3510900000000001,142.5896868111905,0
False,7,15,0,True,144.444,12128,-43,2412,1.351102,142.58991135868249,0
False,7,15,0,True,144.444,12128,-39,2412,1.351114,142.59013585179804,0
False,7,15,0,True,144.444,12128,-36,2412,1.3511289999999998,142.5903602905569,0
False,7,15,0,True,144.444,12128,-41,2412,1.3511440000000001,142.5905846749788,0
False,7,15,0,True,144.444,12128,0,2412,1.351159,142.5908090050835,0
False,7,15,0,True,144.444,12128,0,2412,1.351172,142.5910332808907,0
False,7,15,0,True,144.444,12128,-39,2412,1.351185,142.59125750242012,0
False,7,15,0,True,144.444,12128,0,2412,1.3511980000000001,142.59148166969146,0
False,7,15,0,True,144.444,12128,0,2412,1.3512119999999999,142.5917057827244,0
False,7,15,0,True,144.444,12128,-42,2412,1.351226,142.59192984153864,0
False,7,15,0,True,144.444,12128,0,2412,1.351241,142.59215384615385,0
False,7,15,0,True,144.444,12128,-39,2412,1.351257,142.59237779658966,0
False,7,15,0,True,144.444,12128,0,2412,1.3911859999999998,142.59260169286577,0
False,7,15,0,True,144.444,12128,-42,2412,1.391204,142.5928255350018,0
False,7,15,0,True,144.444,12128,0,2412,1.391219,142.5930493230174,0
False,7,15,0,True,144.444,12128,0,2412,1.3912330000000002,142.5932730569322,0
False,7,15,0,True,144.444,12128,-39,2412,1.391247,142.59349673676576,0
False,7,15,0,True,144.444,12128,0,2412,1.39126,142.59372036253774,0
False,7,15,0,True,144.444,12128,0,2412,1.3912740000000001,142.59394393426774,0
False,7,15,0,True,144.444,12128,0,2412,1.3912849999999999,142.59416745197535,0
False,7,15,0,True,144.444,12128,0,2412,1.391298,142.5943909156801,0
False,7,15,0,True,144.444,12128,0,2412,1.3913099999999998,142.5946143254016,0
False,7,15,0,True,144.444,12128,-34,2412,1.3913220000000002,142.59483768115942,0
False,7,15,0,True,144.444,12128,0,2412,1.3913349999999998,142.59506098297305,0
False,7,15,0,True,144.444,12128,-39,2412,1.3913479999999998,142.5952842308621,0
False,7,15,0,True,144.444,12128,-37,2412,1.3913609999999998,142.59550742484606,0
False,7,15,0,True,144.444,12128,0,2412,1.3913739999999999,142.59573056494446,0
False,7,15,0,True,144.444,12128,-36,2412,1.391388,142.5959536511768,0
False,7,15,0,True,144.444,12128,-41,2412,1.3914019999999998,142.59617668356262,0
False,7,15,0,True,144.444,12128,-40,2412,1.3914149999999998,142.5963996621214,0
False,7,15,0,True,144.444,12128,0,2412,1.3914659999999999,142.59662258687257,0
False,7,15,0,True,144.444,12128,-41,2412,1.39148,142.59684545783566,0
False,7,15,0,True,144.444,12128,0,2412,1.3914939999999998,142.59706827503015,0
False,7,15,0,True,144.444,12128,-43,2412,1.3915060000000001,142.59729103847545,0
False,7,15,0,True,144.444,12128,-39,2412,1.391518,142.597513748191,0
False,7,15,0,True,144.444,12128,0,2412,1.39153,142.5977364041963,0
False,7,15,0,True,144.444,12128,0,2412,1.391543,142.5979590065107,0
False,7,15,0,True,144.444,12128,-36,2412,1.391556,142.5981815551537,0
False,7,15,0,True,144.444,12128,-39,2412,1.391568,142.59840405014464,0
False,7,15,0,True,144.444,12128,-39,2412,1.3915799999999998,142.59862649150296,0
False,7,15,0,True,144.444,12128,0,2412,1.3915929999999999,142.598848879248,0
False,7,15,0,True,144.444,12128,0,2412,1.3916050000000002,142.59907121339918,0
False,7,15,0,True,144.444,12128,-41,2412,1.391617,142.5992934939759,0
False,7,15,0,True,144.444,12128,0,2412,1.3916300000000001,142.59951572099746,0
False,7,15,0,True,144.444,12128,-42,2412,1.3920249999999998,142.59973789448324,0
False,7,15,0,True,144.444,12128,0,2412,1.3920400000000002,142.5999600144526,0
False,7,15,0,True,144.444,12128,-43,2412,1.3920529999999998,142.60018208092484,0
False,7,15,0,True,144.444,12128,-41,2412,1.392065,142.6004040939193,0
False,7,15,0,True,144.444,12128,0,2412,1.3921169999999998,142.60062605345533,0
False,7,15,0,True,144.444,12128,0,2412,1.392131,142.60084795955217,0
False,7,15,0,True,144.444,12128,0,2412,1.3923839999999998,142.60106981222916,0
False,7,15,0,True,144.444,12128,0,2412,1.392401,142.6012916115056,0
False,7,15,0,True,144.444,12128,-40,2412,1.3924150000000002,142.6015133574007,0
False,7,15,0,True,144.444,12128,-36,2412,1.393643,142.6017350499338,0
False,7,15,0,True,144.444,12128,0,2412,1.3936609999999998,142.60195668912414,0
False,7,15,0,True,144.444,12128,0,2412,1.3936739999999999,142.60217827499096,0
False,7,15,0,True,144.444,12128,0,2412,1.3936860000000002,142.6023998075535,0
False,7,15,0,True,144.444,12128,0,2412,1.393698,142.602621286831,0
False,7,15,0,True,144.444,12128,0,2412,1.39371,142.60284271284272,0
False,7,15,0,True,144.444,12128,0,2412,1.393722,142.60306408560777,0
False,7,15,0,True,144.444,12128,-36,2412,1.393735,142.60328540514547,0
False,7,15,0,True,144.444,12128,0,2412,1.3937469999999998,142.60350667147492,0
False,7,15,0,True,144.444,12128,-41,2412,1.393761,142.60372788461538,0
False,7,15,0,True,144.444,12128,0,2412,1.3937749999999998,142.603949044586,0
False,7,15,0,True,144.444,12128,0,2412,1.393789,142.6041701514059,0
False,7,15,0,True,144.444,12128,-40,2412,1.393806,142.6043912050943,0
False,7,15,0,True,144.444,12128,0,2412,1.3946800000000001,142.60461220567032,0
False,7,15,0,True,144.444,12128,0,2412,1.3946969999999999,142.60483315315315,0
False,7,15,0,True,144.444,12128,-36,2412,1.39539,142.60505404756185,0
False,7,15,0,True,144.444,12128,-44,2412,1.395406,142.60527488891557,0
False,7,15,0,True,144.444,12128,-39,2412,1.39542,142.60549567723342,0
False,7,15,0,True,144.444,12128,-36,2412,1.3979219999999999,142.6057164125345,0
False,7,15,0,True,144.444,12128,0,2412,1.397936,142.6059370948379,0
False,7,15,0,True,144.444,12128,0,2412,1.397948,142.60615772416276,0
False,7,15,0,True,144.444,12128,0,2412,1.397961,142.6063783005281,0
False,7,15,0,True,144.444,12128,-36,2412,1.397973,142.60659882395294,0
False,7,15,0,True,144.444,12128,0,2412,1.397989,142.60681929445644,0
False,7,15,0,True,144.444,12128,-37,2412,1.3987729999999998,142.60703971205757,0
False,7,15,0,True,144.444,12128,0,2412,1.3987910000000001,142.60726007677542,0
False,7,15,0,True,144.444,12128,-44,2412,1.3988040000000002,142.607480388629,0
False,7,15,0,True,144.444,12128,-35,2412,1.3988170000000002,142.60770064763733,0
False,7,15,0,True,144.444,12128,-41,2412,1.3988299999999998,142.6079208538194,0
False,7,15,0,True,144.444,12128,0,2412,1.398844,142.60814100719423,0
False,7,15,0,True,144.444,12128,0,2412,1.398857,142.60836110778084,0
False,7,15,0,True,144.444,12128,-36,2412,1.398869,142.60858115559816,0
False,7,15,0,True,144.444,12128,-40,2412,1.3988809999999998,142.60880115066522,0
False,7,15,0,True,144.444,12128,-44,2412,1.400138,142.60902109300096,0
False,7,15,0,True,144.444,12128,0,2412,1.400156,142.60924098262433,0
False,7,15,0,True,144.444,12128,-39,2412,1.400169,142.60946081955427,0
False,7,15,0,True,144.444,12128,0,2412,1.400226,142.60968060380972,0
False,7,15,0,True,144.444,12128,0,2412,1.4002400000000002,142.60990033540966,0
False,7,15,0,True,144.444,12128,0,2412,1.4002560000000002,142.61012001437297,0
False,7,15,0,True,144.444,12128,0,2412,1.4002720000000002,142.61033964071854,0
False,7,15,0,True,144.444,12128,0,2412,1.4002849999999998,142.61055921446533,0
False,7,15,0,True,144.444,12128,-36,2412,1.400299,142.61077873563218,0
False,7,15,0,True,144.444,12128,0,2412,1.4003130000000001,142.61099820423797,0
False,7,15,0,True,144.444,12128,0,2412,1.4003290000000002,142.61121762030163,0
False,7,15,0,True,144.444,12128,0,2412,1.400343,142.611436983842,0
False,7,15,0,True,144.444,12128,-36,2412,1.4003549999999998,142.61165629487792,0
False,7,15,0,True,144.444,12128,-40,2412,1.401262,142.61187555342826,0
False,7,15,0,True,144.444,12128,-37,2412,1.4087359999999998,142.61209475951185,0
False,7,15,0,True,144.444,12128,-41,2412,1.408751,142.6123139131475,0
False,7,15,0,True,144.444,12128,-35,2412,1.408766,142.61253301435406,0
False,7,15,0,True,144.444,12128,-35,2412,1.4087809999999998,142.61275206315034,0
False,7,15,0,True,144.444,12128,-42,2412,1.408795,142.61297105955512,0
False,7,15,0,True,144.444,12128,-40,2412,1.408808,142.61319000358722,0
False,7,15,0,True,144.444,12128,-37,2412,1.4115669999999998,142.61340889526542,0
False,7,15,0,True,144.444,12128,0,2412,1.411581,142.61362773460849,0
False,7,15,0,True,144.444,12128,0,2412,1.4115950000000002,142.61384652163517,0
False,7,15,0,True,144.444,12128,0,2412,1.4116080000000002,142.61406525636428,0
False,7,15,0,True,144.444,12128,-44,2412,1.4116270000000002,142.6142839388145,0
False,7,15,0,True,144.444,12128,0,2412,1.411641,142.61450256900466,0
False,7,15,0,True,144.444,12128,0,2412,1.411654,142.6147211469534,0
False,7,15,0,True,144.444,12128,0,2412,1.411667,142.61493967267947,0
False,7,15,0,True,144.444,12128,-36,2412,1.411683,142.61515814620162,0
False,7,15,0,True,144.444,12128,0,2412,1.4116970000000002,142.6153765675385,0
False,7,15,0,True,144.444,12128,-36,2412,1.4117099999999998,142.61559493670885,0
False,7,15,0,True,144.444,12128,0,2412,1.4117229999999998,142.61581325373135,0
False,7,15,0,True,144.444,12128,0,2412,1.4117419999999998,142.61603151862462,0
False,7,15,0,True,144.444,12128,-36,2412,1.411756,142.6162497314074,0
False,7,15,0,True,144.444,12128,0,2412,1.411769,142.61646789209834,0
False,7,15,0,True,144.444,12128,0,2412,1.414192,142.61668600071607,0
False,7,15,0,True,144.444,12128,0,2412,1.4142100000000002,142.6169040572792,0
False,7,15,0,True,144.444,12128,-39,2412,1.4142229999999998,142.61712206180644,0
False,7,15,0,True,144.444,12128,-41,2412,1.414281,142.6173400143164,0
False,7,15,0,True,144.444,12128,-42,2412,1.414295,142.61755791482761,0
False,7,15,0,True,144.444,12128,0,2412,1.414311,142.61777576335876,0
False,7,15,0,True,144.444,12128,-35,2412,1.414323,142.61799355992844,0
False,7,15,0,True,144.444,12128,-40,2412,1.414335,142.6182113045552,0
False,7,15,0,True,144.444,12128,0,2412,1.4171999999999998,142.61842899725764,0
False,7,15,0,True,144.444,12128,0,2412,1.4172150000000001,142.61864663805434,0
False,7,15,0,True,144.444,12128,-40,2412,1.4172289999999998,142.61886422696386,0
False,7,15,0,True,144.444,12128,0,2412,1.417242,142.61908176400476,0
False,7,15,0,True,144.444,12128,-39,2412,1.417256,142.61929924919556,0
False,7,15,0,True,144.444,12128,0,2412,1.4172690000000001,142.6195166825548,0
False,7,15,0,True,144.444,12128,-34,2412,1.417281,142.61973406410104,0
False,7,15,0,True,144.444,12128,0,2412,1.4172989999999999,142.61995139385274,0
False,7,15,0,True,144.444,12128,0,2412,1.4173109999999998,142.62016867182845,0
False,7,15,0,True,144.444,12128,-40,2412,1.4182519999999998,142.62038589804666,0
False,7,15,0,True,144.444,12128,-44,2412,1.4244149999999998,142.6206030725259,0
False,7,15,0,True,144.444,12128,-35,2412,1.424432,142.62082019528458,0
False,7,15,0,True,144.444,12128,-36,2412,1.4253749999999998,142.6210372663412,0
False,7,15,0,True,144.444,12128,0,2412,1.425392,142.62125428571426,0
False,7,15,0,True,144.444,12128,-36,2412,1.425405,142.6214712534222,0
False,7,15,0,True,144.444,12128,-39,2412,1.4254189999999998,142.62168816948346,0
False,7,12,0,True,86.6667,12128,-39,2412,1.426952,85.57343923598715,3
False,7,12,0,True,86.6667,12128,0,2412,1.426965,85.57356932413137,3
False,7,12,0,True,86.6667,12128,-40,2412,1.426977,85.57369938132065,3
False,7,12,0,True,86.6667,12128,-39,2412,1.42699,85.57382940756604,3
False,7,12,0,True,86.6667,12128,-36,2412,1.434526,85.57395940287856,3
False,7,12,0,True,86.6667,12128,0,2412,1.4345370000000002,85.57408936726927,3
False,7,12,0,True,86.6667,12128,-40,2412,1.4345499999999998,85.5742193007492,3
False,7,12,0,True,86.6667,12128,-41,2412,1.434565,85.57434920332938,3
False,7,12,0,True,86.6667,12128,-41,2412,1.4345780000000001,85.5744790750208,3
False,7,12,0,True,86.6667,12128,0,2412,1.4345910000000002,85.57460891583453,3
False,7,12,0,True,86.6667,12128,0,2412,1.4346039999999998,85.57473872578153,3
False,7,12,0,True,86.6667,12128,-39,2412,1.4346160000000001,85.57486850487284,3
False,7,15,0,True,144.444,12128,0,2412,1.4402210000000002,142.62450338680927,0
False,7,15,0,True,144.444,12128,0,2412,1.440235,142.62471958174905,0
False,7,15,0,True,144.444,12128,0,2412,1.4402490000000001,142.6249357253178,0
False,7,15,0,True,144.444,12128,-36,2412,1.440264,142.62515181753383,0
False,7,15,0,True,144.444,12128,0,2412,1.4402789999999999,142.62536785841547,0
False,7,15,0,True,144.444,12128,0,2412,1.440292,142.62558384798098,0
False,7,15,0,True,144.444,12128,0,2412,1.440305,142.62579978624865,0
False,7,15,0,True,144.444,12128,-42,2412,1.440318,142.62601567323674,0
False,7,15,0,True,144.444,12128,0,2412,1.4403320000000002,142.62623150896354,0
False,7,15,0,True,144.444,12128,0,2412,1.4403449999999998,142.62644729344728,0
False,7,15,0,True,144.444,12128,-34,2412,1.440359,142.6266630267062,0
False,7,15,0,True,144.444,12128,0,2412,1.4403730000000001,142.6268787087586,0
False,7,15,0,True,144.444,12128,0,2412,1.4403869999999999,142.62709433962263,0
False,7,15,0,True,144.444,12128,0,2412,1.4424259999999998,142.62730991931656,0
False,7,15,0,True,144.444,12128,0,2412,1.442443,142.62752544785857,0
False,7,15,0,True,144.444,12128,-40,2412,1.442456,142.6277409252669,0
False,7,15,0,True,144.444,12128,0,2412,1.4425089999999998,142.6279563515597,0
False,7,15,0,True,144.444,12128,-39,2412,1.442523,142.6281717267552,0
False,7,15,0,True,144.444,12128,-44,2412,1.442536,142.62838705087157,0
False,7,15,0,True,144.444,12128,-44,2412,1.442548,142.62860232392694,0
False,7,15,0,True,144.444,12128,0,2412,1.4425620000000001,142.62881754593954,0
False,7,15,0,True,144.444,12128,-40,2412,1.4425759999999999,142.62903271692744,0
False,7,15,0,True,144.444,12128,0,2412,1.4425880000000002,142.62924783690883,0
False,7,15,0,True,144.444,12128,-41,2412,1.4426,142.62946290590187,0
False,7,15,0,True,144.444,12128,-41,2412,1.4426130000000001,142.62967792392462,0
False,7,15,0,True,144.444,12128,-36,2412,1.4426269999999999,142.62989289099525,0
False,7,15,0,True,144.444,12128,0,2412,1.4426389999999998,142.63010780713185,0
False,7,15,0,True,144.444,12128,0,2412,1.442653,142.63032267235252,0
False,7,15,0,True,144.444,12128,-36,2412,1.442666,142.63053748667534,0
False,7,15,0,True,144.444,12128,-39,2412,1.442679,142.6307522501184,0
False,7,15,0,True,144.444,12128,0,2412,1.442691,142.6309669626998,0
False,7,15,0,True,144.444,12128,-37,2412,1.4427050000000001,142.6311816244376,0
False,7,15,0,True,144.444,12128,-37,2412,1.444468,142.6313962353498,0
False,7,15,0,True,144.444,12128,-40,2412,1.444486,142.63161079545452,0
False,7,15,0,True,144.444,12128,0,2412,1.4446340000000002,142.6318253047698,0
False,7,15,0,True,144.444,12128,-39,2412,1.444646,142.6320397633136,0
False,7,15,0,True,144.444,12128,-44,2412,1.4446599999999998,142.632254171104,0
False,7,15,0,True,144.444,12128,-35,2412,1.444674,142.63246852815902,0
False,7,15,0,True,144.444,12128,-36,2412,1.444687,142.63268283449662,0
False,7,15,0,True,144.444,12128,0,2412,1.444699,142.63289709013483,0
False,7,15,0,True,144.444,12128,0,2412,1.444712,142.63311129509165,0
False,7,15,0,True,144.444,12128,-37,2412,1.444725,142.63332544938504,0
False,7,15,0,True,144.444,12128,0,2412,1.444738,142.633539553033,0
False,7,15,0,True,144.444,12128,-36,2412,1.4447510000000001,142.63375360605343,0
False,7,15,0,True,144.444,12128,0,2412,1.4447649999999999,142.63396760846436,0
False,7,15,0,True,144.444,12128,0,2412,1.444778,142.63418156028368,0
False,7,15,0,True,144.444,12128,0,2412,1.444789,142.63439546152935,0
False,7,15,0,True,144.444,12128,0,2412,1.4448029999999998,142.6346093122193,0
False,7,15,0,True,144.444,12128,0,2412,1.4448159999999999,142.6348231123715,0
False,7,15,0,True,144.444,12128,0,2412,1.444829,142.63503686200377,0
False,7,15,0,True,144.444,12128,-35,2412,1.4448509999999999,142.63525056113406,0
False,7,15,0,True,144.444,12128,0,2412,1.4461270000000002,142.63546420978028,0
False,7,15,0,True,144.444,12128,0,2412,1.446145,142.6356778079603,0
False,7,15,0,True,144.444,12128,-41,2412,1.4461590000000002,142.63589135569202,0
False,7,15,0,True,144.444,12128,-34,2412,1.446301,142.63610485299327,0
False,7,15,0,True,144.444,12128,0,2412,1.446314,142.6363182998819,0
False,7,15,0,True,144.444,12128,0,2412,1.4463270000000001,142.63653169637587,0
False,7,15,0,True,144.444,12128,-40,2412,1.4463400000000002,142.63674504249292,0
False,7,15,0,True,144.444,12128,0,2412,1.446352,142.6369583382509,0
False,7,15,0,True,144.444,12128,0,2412,1.4463629999999998,142.63717158366768,0
False,7,15,0,True,144.444,12128,0,2412,1.4463759999999999,142.63738477876106,0
False,7,15,0,True,144.444,12128,0,2412,1.44639,142.63759792354884,0
False,7,15,0,True,144.444,12128,-39,2412,1.446403,142.63781101804884,0
False,7,15,0,True,144.444,12128,0,2412,1.4464259999999998,142.63802406227882,0
False,7,15,0,True,144.444,12128,0,2412,1.44644,142.63823705625663,0
False,7,15,0,True,144.444,12128,-44,2412,1.446453,142.63845,0
False,7,15,0,True,144.444,12128,-41,2412,1.446466,142.63866289352669,0
False,7,15,0,True,144.444,12128,0,2412,1.446478,142.63887573685452,0
False,7,15,0,True,144.444,12128,-40,2412,1.446491,142.63908853000117,0
False,7,15,0,True,144.444,12128,-44,2412,1.4465029999999999,142.63930127298443,0
False,7,15,0,True,144.444,12128,0,2412,1.4465149999999998,142.63951396582203,0
False,7,15,0,True,144.444,12128,0,2412,1.4465270000000001,142.6397266085317,0
False,7,15,0,True,144.444,12128,-39,2412,1.446539,142.63993920113114,0
False,7,15,0,True,144.444,12128,-39,2412,1.446551,142.64015174363806,0
False,7,15,0,True,144.444,12128,0,2412,1.447438,142.64036423607018,0
False,7,15,0,True,144.444,12128,-41,2412,1.447454,142.6405766784452,0
False,7,15,0,True,144.444,12128,-36,2412,1.4474649999999998,142.6407890707808,0
False,7,15,0,True,144.444,12128,0,2412,1.4474779999999998,142.64100141309467,0
False,7,15,0,True,144.444,12128,-40,2412,1.4474900000000002,142.64121370540445,0
False,7,15,0,True,144.444,12128,0,2412,1.447502,142.64142594772778,0
False,7,15,0,True,144.444,12128,0,2412,1.449976,142.6416381400824,0
False,7,15,0,True,144.444,12128,0,2412,1.449996,142.64185028248588,0
False,7,15,0,True,144.444,12128,-36,2412,1.4500099999999998,142.64206237495586,0
False,7,15,0,True,144.444,12128,0,2412,1.450024,142.64227441750998,0
False,7,15,0,True,144.444,12128,0,2412,1.450037,142.64248641016587,0
False,7,15,0,True,144.444,12128,-36,2412,1.45005,142.64269835294115,0
False,7,15,0,True,144.444,12128,-35,2412,1.450063,142.64291024585341,0
False,7,15,0,True,144.444,12128,0,2412,1.4500760000000001,142.64312208892025,0
False,7,15,0,True,144.444,12128,-37,2412,1.4500890000000002,142.64333388215923,0
False,7,15,0,True,144.444,12128,0,2412,1.4501019999999998,142.64354562558796,0
False,7,15,0,True,144.444,12128,-44,2412,1.4501149999999998,142.64375731922397,0
False,7,15,0,True,144.444,12128,-39,2412,1.450129,142.64396896308486,0
False,7,15,0,True,144.444,12128,0,2412,1.450142,142.6441805571882,0
False,7,15,0,True,144.444,12128,-39,2412,1.450155,142.64439210155146,0
False,7,15,0,True,144.444,12128,-35,2412,1.4502069999999998,142.64460359619224,0
False,7,15,0,True,144.444,12128,0,2412,1.4502190000000001,142.64481504112808,0
False,7,15,0,True,144.444,12128,0,2412,1.4502320000000002,142.64502643637644,0
False,7,15,0,True,144.444,12128,0,2412,1.450263,142.64523778195488,0
False,7,15,0,True,144.444,12128,0,2412,1.450275,142.64544907788087,0
False,7,15,0,True,144.444,12128,0,2412,1.4502860000000002,142.64566032417193,0
False,7,15,0,True,144.444,12128,0,2412,1.4503,142.64587152084556,0
False,7,15,0,True,144.444,12128,0,2412,1.450313,142.64608266791922,0
False,7,15,0,True,144.444,12128,0,2412,1.4503270000000001,142.64629376541035,0
False,7,15,0,True,144.444,12128,0,2412,1.4503400000000002,142.64650481333643,0
False,7,15,0,True,144.444,12128,-36,2412,1.450352,142.64671581171498,0
False,7,15,0,True,144.444,12128,-39,2412,1.4503719999999998,142.6469267605634,0
False,7,15,0,True,144.444,12128,0,2412,1.464198,142.64713765989907,0
False,7,15,0,True,144.444,12128,-36,2412,1.465418,142.6473485097395,0
False,7,15,0,True,144.444,12128,-39,2412,1.4654409999999998,142.64755931010205,0
False,7,15,0,True,144.444,12128,0,2412,1.4708899999999998,142.64777006100422,0
False,7,15,0,True,144.444,12128,0,2412,1.4708999999999999,142.64798076246333,0
False,7,15,0,True,144.444,12128,-39,2412,1.4709089999999998,142.6481914144968,0
False,7,15,0,True,144.444,12128,0,2412,1.4709189999999999,142.64840201712207,0
False,7,15,0,True,144.444,12128,0,2412,1.470929,142.64861257035645,0
False,7,15,0,True,144.444,12128,-39,2412,1.470939,142.64882307421735,0
False,7,15,0,True,144.444,12128,0,2412,1.478618,142.64903352872216,0
False,7,15,0,True,144.444,12128,-36,2412,1.478628,142.64924393388816,0
False,7,15,0,True,144.444,12128,0,2412,1.4786380000000001,142.64945428973277,0
False,7,15,0,True,144.444,12128,0,2412,1.4786480000000002,142.64966459627328,0
False,7,15,0,True,144.444,12128,-44,2412,1.4786579999999998,142.64987485352705,0
False,7,15,0,True,144.444,12128,0,2412,1.4786670000000002,142.65008506151142,0
False,7,15,0,True,144.444,12128,0,2412,1.478676,142.65029522024366,0
False,7,15,0,True,144.444,12128,-36,2412,1.4786920000000001,142.65050532974112,0
False,7,15,0,True,144.444,12128,0,2412,1.4787050000000002,142.65071539002108,0
False,7,15,0,True,144.444,12128,0,2412,1.478716,142.6509254011008,0
False,7,15,0,True,144.444,12128,-40,2412,1.478726,142.65113536299765,0
False,7,15,0,True,144.444,12128,0,2412,1.478736,142.65134527572883,0
False,7,15,0,True,144.444,12128,0,2412,1.4787659999999998,142.65155513931163,0
False,7,15,0,True,144.444,12128,0,2412,1.478777,142.6517649537633,0
False,7,15,0,True,144.444,12128,0,2412,1.479689,142.6519747191011,0
False,7,15,0,True,144.444,12128,-35,2412,1.479704,142.6521844353423,0
False,7,15,0,True,144.444,12128,-42,2412,1.4797150000000001,142.65239410250408,0
False,7,15,0,True,144.444,12128,-42,2412,1.4816919999999998,142.6526037206037,0
False,7,15,0,True,144.444,12128,-35,2412,1.481715,142.65281328965838,0
False,7,15,0,True,144.444,12128,0,2412,1.4817269999999998,142.65302280968533,0
False,7,15,0,True,144.444,12128,0,2412,1.482482,142.65323228070176,0
False,7,15,0,True,144.444,12128,-35,2412,1.4824929999999998,142.65344170272482,0
False,7,15,0,True,144.444,12128,0,2412,1.482503,142.65365107577173,0
False,7,15,0,True,144.444,12128,-44,2412,1.482513,142.6538603998597,0
False,7,15,0,True,144.444,12128,0,2412,1.482523,142.65406967500584,0
False,7,15,0,True,144.444,12128,0,2412,1.4825339999999998,142.65427890122734,0
False,7,15,0,True,144.444,12128,-35,2412,1.4825439999999999,142.65448807854136,0
False,7,15,0,True,144.444,12128,0,2412,1.482554,142.65469720696504,0
False,7,15,0,True,144.444,12128,-37,2412,1.482564,142.65490628651554,0
False,7,15,0,True,144.444,12128,0,2412,1.482576,142.65511531720995,0
False,7,15,0,True,144.444,12128,0,2412,1.4825879999999998,142.6553242990654,0
False,7,15,0,True,144.444,12128,0,2412,1.482599,142.65553323209903,0
False,7,15,0,True,144.444,12128,0,2412,1.482612,142.65574211632793,0
False,7,15,0,True,144.444,12128,-41,2412,1.482624,142.65595095176923,0
False,7,15,0,True,144.444,12128,0,2412,1.4826519999999999,142.65615973843998,0
False,7,15,0,True,144.444,12128,0,2412,1.482663,142.65636847635727,0
False,7,15,0,True,144.444,12128,0,2412,1.4826730000000001,142.65657716553815,0
False,7,15,0,True,144.444,12128,-40,2412,1.482714,142.65678580599976,0
False,7,15,0,True,144.444,12128,0,2412,1.482726,142.6569943977591,0
False,7,15,0,True,144.444,12128,0,2412,1.482735,142.65720294083323,0
False,7,15,0,True,144.444,12128,0,2412,1.482745,142.6574114352392,0
False,7,15,0,True,144.444,12128,-36,2412,1.482755,142.65761988099405,0
False,7,15,0,True,144.444,12128,0,2412,1.482767,142.65782827811478,0
False,7,15,0,True,144.444,12128,-39,2412,1.482786,142.65803662661844,0
False,7,15,0,True,144.444,12128,0,2412,1.4828000000000001,142.65824492652203,0
False,7,15,0,True,144.444,12128,-34,2412,1.482818,142.65845317784255,0
False,7,15,0,True,144.444,12128,-44,2412,1.482831,142.65866138059698,0
False,7,15,0,True,144.444,12128,0,2412,1.4839920000000002,142.65886953480236,0
False,7,15,0,True,144.444,12128,-41,2412,1.48401,142.65907764047563,0
False,7,15,0,True,144.444,12128,0,2412,1.485598,142.65928569763375,0
False,7,15,0,True,144.444,12128,0,2412,1.485617,142.6594937062937,0
False,7,15,0,True,144.444,12128,0,2412,1.4856340000000001,142.65970166647242,0
False,7,15,0,True,144.444,12128,0,2412,1.4857960000000001,142.6599095781869,0
False,7,15,0,True,144.444,12128,0,2412,1.4858099999999999,142.66011744145402,0
False,7,15,0,True,144.444,12128,-42,2412,1.485824,142.66032525629075,0
False,7,15,0,True,144.444,12128,-35,2412,1.485839,142.66053302271402,0
False,7,15,0,True,144.444,12128,0,2412,1.485852,142.66074074074072,0
False,7,15,0,True,144.444,12128,0,2412,1.485868,142.6609484103878,0
False,7,15,0,True,144.444,12128,-41,2412,1.4858829999999998,142.6611560316721,0
False,7,15,0,True,144.444,12128,-37,2412,1.4858959999999999,142.66136360461056,0
False,7,15,0,True,144.444,12128,-41,2412,1.4859110000000002,142.66157112922002,0
False,7,15,0,True,144.444,12128,-41,2412,1.485925,142.66177860551738,0
False,7,15,0,True,144.444,12128,-35,2412,1.4859369999999998,142.66198603351953,0
False,7,15,0,True,144.444,12128,-42,2412,1.4859529999999999,142.66219341324333,0
False,7,15,0,True,144.444,12128,0,2412,1.485967,142.6624007447056,0
False,7,15,0,True,144.444,12128,0,2412,1.485982,142.6626080279232,0
False,7,15,0,True,144.444,12128,0,2412,1.4859969999999998,142.66281526291297,0
False,7,15,0,True,144.444,12128,0,2412,1.486011,142.66302244969174,0
False,7,15,0,True,144.444,12128,-41,2412,1.4860250000000002,142.66322958827635,0
False,7,15,0,True,144.444,12128,0,2412,1.4860389999999999,142.66343667868355,0
False,7,15,0,True,144.444,12128,0,2412,1.4860539999999998,142.66364372093022,0
False,7,15,0,True,144.444,12128,0,2412,1.486068,142.66385071503313,0
False,7,15,0,True,144.444,12128,0,2412,1.488492,142.66405766100905,0
False,7,15,0,True,144.444,12128,-41,2412,1.4885069999999998,142.6642645588748,0
False,7,15,0,True,144.444,12128,0,2412,1.4885229999999998,142.66447140864713,0
False,7,15,0,True,144.444,12128,0,2412,1.488537,142.6646782103428,0
False,7,15,0,True,144.444,12128,0,2412,1.488553,142.6648849639786,0
False,7,15,0,True,144.444,12128,0,2412,1.488568,142.66509166957127,0
False,7,15,0,True,144.444,12128,0,2412,1.488584,142.66529832713752,0
False,7,15,0,True,144.444,12128,-42,2412,1.4885989999999998,142.66550493669413,0
False,7,15,0,True,144.444,12128,0,2412,1.4886110000000001,142.66571149825782,0
False,7,15,0,True,144.444,12128,0,2412,1.4886240000000002,142.6659180118453,0
False,7,15,0,True,144.444,12128,-36,2412,1.488638,142.6661244774733,0
False,7,15,0,True,144.444,12128,0,2412,1.488652,142.66633089515847,0
False,7,15,0,True,144.444,12128,0,2412,1.4886659999999998,142.66653726491757,0
False,7,15,0,True,144.444,12128,-18,2412,1.48868,142.66674358676724,0
False,7,15,0,True,144.444,12128,0,2412,1.488813,142.66694986072423,0
False,7,15,0,True,144.444,12128,-43,2412,1.4888279999999998,142.66715608680514,0
False,7,15,0,True,144.444,12128,0,2412,1.488842,142.66736226502667,0
False,7,15,0,True,144.444,12128,-39,2412,1.4888560000000002,142.66756839540548,0
False,7,15,0,True,144.444,12128,0,2412,1.48887,142.66777447795823,0
False,7,15,0,True,144.444,12128,0,2412,1.48998,142.66798051270152,0
False,7,15,0,True,144.444,12128,-41,2412,1.489998,142.66818649965205,0
False,7,15,0,True,144.444,12128,0,2412,1.490011,142.6683924388264,0
False,7,15,0,True,144.444,12128,0,2412,1.4900229999999999,142.6685983302412,0
False,7,15,0,True,144.444,12128,0,2412,1.490036,142.66880417391303,0
False,7,15,0,True,144.444,12128,0,2412,1.490049,142.66900996985856,0
False,7,15,0,True,144.444,12128,-44,2412,1.4900630000000001,142.66921571809434,0
False,7,15,0,True,144.444,12128,0,2412,1.4900760000000002,142.669421418637,0
False,7,15,0,True,144.444,12128,-40,2412,1.49009,142.66962707150304,0
False,7,15,0,True,144.444,12128,0,2412,1.490104,142.66983267670915,0
False,7,15,0,True,144.444,12128,0,2412,1.4901170000000001,142.6700382342718,0
False,7,15,0,True,144.444,12128,-42,2412,1.4901300000000002,142.6702437442076,0
False,7,15,0,True,144.444,12128,0,2412,1.4921039999999999,142.67044920653305,0
False,7,15,0,True,144.444,12128,0,2412,1.49212,142.67065462126476,0
False,7,15,0,True,144.444,12128,0,2412,1.492133,142.6708599884192,0
False,7,15,0,True,144.444,12128,0,2412,1.4922650000000002,142.67106530801297,0
False,7,15,0,True,144.444,12128,-41,2412,1.492277,142.6712705800625,0
False,7,15,0,True,144.444,12128,0,2412,1.492289,142.6714758045844,0
False,7,15,0,True,144.444,12128,-41,2412,1.4923009999999999,142.67168098159507,0
False,7,15,0,True,144.444,12128,-36,2412,1.492312,142.6718861111111,0
False,7,15,0,True,144.444,12128,0,2412,1.4923250000000001,142.67209119314893,0
False,7,15,0,True,144.444,12128,0,2412,1.4923380000000002,142.67229622772504,0
False,7,15,0,True,144.444,12128,-36,2412,1.4923510000000002,142.67250121485594,0
False,7,15,0,True,144.444,12128,0,2412,1.4923639999999998,142.67270615455806,0
False,7,15,0,True,144.444,12128,0,2412,1.4923760000000001,142.67291104684787,0
False,7,15,0,True,144.444,12128,0,2412,1.4923899999999999,142.67311589174184,0
False,7,15,0,True,144.444,12128,0,2412,1.492403,142.67332068925637,0
False,7,15,0,True,144.444,12128,-37,2412,1.4924140000000001,142.67352543940794,0
False,7,15,0,True,144.444,12128,-35,2412,1.4924270000000002,142.67373014221295,0
False,7,15,0,True,144.444,12128,0,2412,1.492441,142.67393479768785,0
False,7,15,0,True,144.444,12128,-35,2412,1.4924529999999998,142.67413940584902,0
False,7,15,0,True,144.444,12128,0,2412,1.4924659999999998,142.67434396671288,0
False,7,15,0,True,144.444,12128,-41,2412,1.495076,142.67454848029584,0
False,7,15,0,True,144.444,12128,0,2412,1.4951020000000002,142.67475294661426,0
False,7,15,0,True,144.444,12128,0,2412,1.495117,142.67495736568455,0
False,7,15,0,True,144.444,12128,0,2412,1.4951659999999998,142.6751617375231,0
False,7,15,0,True,144.444,12128,0,2412,1.4951789999999998,142.67536606214622,0
False,7,15,0,True,144.444,12128,-36,2412,1.4951910000000002,142.67557033957033,0
False,7,15,0,True,144.444,12128,0,2412,1.495203,142.67577456981175,0
False,7,15,0,True,144.444,12128,0,2412,1.495215,142.67597875288683,0
False,7,15,0,True,144.444,12128,0,2412,1.4952269999999999,142.6761828888119,0
False,7,15,0,True,144.444,12128,-42,2412,1.49524,142.6763869776033,0
False,7,15,0,True,144.444,12128,-44,2412,1.4952519999999998,142.67659101927737,0
False,7,15,0,True,144.444,12128,-36,2412,1.495266,142.6767950138504,0
False,7,15,0,True,144.444,12128,-34,2412,1.4952779999999999,142.6769989613387,0
False,7,15,0,True,144.444,12128,-44,2412,1.495291,142.6772028617586,0
False,7,15,0,True,144.444,12128,-39,2412,1.4953029999999998,142.67740671512632,0
False,7,15,0,True,144.444,12128,0,2412,1.4953159999999999,142.67761052145823,0
False,7,15,0,True,144.444,12128,-40,2412,1.4953310000000002,142.67781428077055,0
False,7,15,0,True,144.444,12128,-43,2412,1.495343,142.67801799307958,0
False,7,15,0,True,144.444,12128,0,2412,1.4953560000000001,142.67822165840155,0
False,7,15,0,True,144.444,12128,0,2412,1.495368,142.67842527675276,0
False,7,15,0,True,144.444,12128,0,2412,1.49538,142.6786288481494,0
False,7,15,0,True,144.444,12128,0,2412,1.4954299999999998,142.6788323726078,0
False,7,15,0,True,144.444,12128,-41,2412,1.4954429999999999,142.6790358501441,0
False,7,15,0,True,144.444,12128,0,2412,1.4954550000000002,142.67923928077454,0
False,7,15,0,True,144.444,12128,0,2412,1.495469,142.67944266451536,0
False,7,15,0,True,144.444,12128,-44,2412,1.495482,142.6796460013828,0
False,7,15,0,True,144.444,12128,0,2412,1.495495,142.679849291393,0
False,7,15,0,True,144.444,12128,0,2412,1.495517,142.6800525345622,0
False,7,15,0,True,144.444,12128,-42,2412,1.4955310000000002,142.68025573090657,0
False,7,15,0,True,144.444,12128,0,2412,1.4976249999999998,142.6804588804423,0
False,7,15,0,True,144.444,12128,0,2412,1.4976509999999998,142.68066198318553,0
False,7,15,0,True,144.444,12128,-36,2412,1.497703,142.68086503915245,0
False,7,15,0,True,144.444,12128,0,2412,1.4977170000000002,142.68106804835924,0
False,7,15,0,True,144.444,12128,0,2412,1.4977299999999998,142.681271010822,0
False,7,15,0,True,144.444,12128,-36,2412,1.497748,142.68147392655692,0
False,7,15,0,True,144.444,12128,-37,2412,1.4977619999999998,142.6816767955801,0
False,7,15,0,True,144.444,12128,-42,2412,1.4977779999999998,142.6818796179077,0
False,7,15,0,True,144.444,12128,0,2412,1.4977930000000002,142.6820823935558,0
False,7,15,0,True,144.444,12128,0,2412,1.4978060000000002,142.68228512254055,0
False,7,15,0,True,144.444,12128,0,2412,1.4978189999999998,142.68248780487804,0
False,7,15,0,True,144.444,12128,-35,2412,1.497833,142.68269044058437,0
False,7,15,0,True,144.444,12128,0,2412,1.4978479999999998,142.68289302967563,0
False,7,15,0,True,144.444,12128,-41,2412,1.497862,142.6830955721679,0
False,7,15,0,True,144.444,12128,-36,2412,1.497875,142.68329806807728,0
False,7,15,0,True,144.444,12128,-41,2412,1.497896,142.6835005174198,0
False,7,15,0,True,144.444,12128,0,2412,1.4979079999999998,142.68370292021152,0
False,7,15,0,True,144.444,12128,0,2412,1.500213,142.68390527646855,0
False,7,15,0,True,144.444,12128,0,2412,1.5002300000000002,142.6841075862069,0
False,7,15,0,True,144.444,12128,0,2412,1.5002429999999998,142.68430984944257,0
False,7,15,0,True,144.444,12128,0,2412,1.5004399999999998,142.68451206619167,0
False,7,15,0,True,144.444,12128,-41,2412,1.500454,142.68471423647017,0
False,7,15,0,True,144.444,12128,0,2412,1.5004680000000001,142.6849163602941,0
False,7,15,0,True,144.444,12128,-36,2412,1.5004810000000002,142.68511843767948,0
False,7,15,0,True,144.444,12128,0,2412,1.5004939999999998,142.68532046864232,0
False,7,15,0,True,144.444,12128,-39,2412,1.500509,142.68552245319856,0
False,7,15,0,True,144.444,12128,-44,2412,1.503663,142.68572439136426,0
False,7,15,0,True,144.444,12128,-34,2412,1.5047009999999998,142.68592628315534,0
False,7,15,0,True,144.444,12128,0,2412,1.504718,142.68612812858782,0
False,7,15,0,True,144.444,12128,-39,2412,1.5047329999999999,142.68632992767763,0
False,7,15,0,True,144.444,12128,-36,2412,1.504746,142.68653168044077,0
False,7,15,0,True,144.444,12128,-43,2412,1.50476,142.68673338689314,0
False,7,15,0,True,144.444,12128,-40,2412,1.504772,142.68693504705072,0
False,7,15,0,True,144.444,12128,0,2412,1.504785,142.6871366609294,0
False,7,15,0,True,144.444,12128,0,2412,1.504797,142.6873382285452,0
False,7,15,0,True,144.444,12128,-39,2412,1.5048110000000001,142.68753974991395,0
False,7,15,0,True,144.444,12128,0,2412,1.5048240000000002,142.6877412250516,0
False,7,15,0,True,144.444,12128,0,2412,1.504839,142.68794265397406,0
False,7,15,0,True,144.444,12128,0,2412,1.504851,142.68814403669725,0
False,7,15,0,True,144.444,12128,0,2412,1.5048650000000001,142.688345373237,0
False,7,15,0,True,144.444,12128,0,2412,1.5048789999999999,142.68854666360926,0
False,7,15,0,True,144.444,12128,0,2412,1.5048949999999999,142.68874790782985,0
False,7,15,0,True,144.444,12128,0,2412,1.504908,142.6889491059147,0
False,7,15,0,True,144.444,12128,-39,2412,1.504921,142.68915025787965,0
False,7,15,0,True,144.444,12128,-40,2412,1.5049730000000001,142.68935136374054,0
False,7,15,0,True,144.444,12128,0,2412,1.504985,142.68955242351322,0
False,7,15,0,True,144.444,12128,0,2412,1.504997,142.68975343721357,0
False,7,15,0,True,144.444,12128,-36,2412,1.505011,142.68995440485736,0
False,7,15,0,True,144.444,12128,0,2412,1.5050249999999998,142.69015532646048,0
False,7,15,0,True,144.444,12128,0,2412,1.5050469999999998,142.6903562020387,0
False,7,15,0,True,144.444,12128,0,2412,1.5050620000000001,142.69055703160785,0
False,7,15,0,True,144.444,12128,0,2412,1.5050759999999999,142.6907578151838,0
False,7,15,0,True,144.444,12128,-42,2412,1.50509,142.6909585527822,0
False,7,15,0,True,144.444,12128,-37,2412,1.505105,142.691159244419,0
False,7,15,0,True,144.444,12128,-36,2412,1.5051199999999998,142.69135989010988,0
False,7,15,0,True,144.444,12128,0,2412,1.5060850000000001,142.69156048987065,0
False,7,15,0,True,144.444,12128,0,2412,1.506103,142.6917610437171,0
False,7,15,0,True,144.444,12128,0,2412,1.5061170000000002,142.69196155166495,0
False,7,15,0,True,144.444,12128,0,2412,1.506129,142.69216201372996,0
False,7,15,0,True,144.444,12128,-36,2412,1.507256,142.69236242992793,0
False,7,15,0,True,144.444,12128,-41,2412,1.507273,142.69256280027452,0
False,7,15,0,True,144.444,12128,-39,2412,1.5072869999999998,142.69276312478553,0
False,7,15,0,True,144.444,12128,0,2412,1.507565,142.69296340347665,0
False,7,15,0,True,144.444,12128,-36,2412,1.5075889999999998,142.69316363636364,0
False,7,15,0,True,144.444,12128,0,2412,1.5076019999999999,142.69336382346214,0
False,7,15,0,True,144.444,12128,-37,2412,1.507615,142.69356396478793,0
False,7,15,0,True,144.444,12128,-35,2412,1.5076269999999998,142.69376406035664,0
False,7,15,0,True,144.444,12128,0,2412,1.5076589999999999,142.69396411018403,0
False,7,15,0,True,144.444,12128,-35,2412,1.507673,142.6941641142857,0
False,7,15,0,True,144.444,12128,0,2412,1.507686,142.6943640726774,0
False,7,15,0,True,144.444,12128,0,2412,1.5076990000000001,142.69456398537477,0
False,7,15,0,True,144.444,12128,0,2412,1.507717,142.69476385239346,0
False,7,15,0,True,144.444,12128,-36,2412,1.50773,142.69496367374913,0
False,7,15,0,True,144.444,12128,0,2412,1.507742,142.69516344945743,0
False,7,15,0,True,144.444,12128,0,2412,1.507755,142.695363179534,0
False,7,15,0,True,144.444,12128,-39,2412,1.5077669999999999,142.6955628639945,0
False,7,15,0,True,144.444,12128,0,2412,1.508455,142.69576250285454,0
False,7,15,0,True,144.444,12128,0,2412,1.5084710000000001,142.69596209612968,0
False,7,15,0,True,144.444,12128,-40,2412,1.5084849999999999,142.6961616438356,0
False,7,15,0,True,144.444,12128,0,2412,1.508499,142.69636114598788,0
False,7,15,0,True,144.444,12128,0,2412,1.508511,142.69656060260212,0
False,7,15,0,True,144.444,12128,-41,2412,1.508524,142.69676001369393,0
False,7,15,0,True,144.444,12128,-44,2412,1.5085769999999998,142.69695937927887,0
False,7,15,0,True,144.444,12128,-41,2412,1.509801,142.6971586993725,0
False,7,15,0,True,144.444,12128,0,2412,1.509817,142.6973579739904,0
False,7,15,0,True,144.444,12128,0,2412,1.50983,142.69755720314816,0
False,7,15,0,True,144.444,12128,-40,2412,1.509843,142.6977563868613,0
False,7,15,0,True,144.444,12128,0,2412,1.509865,142.6979555251454,0
False,7,15,0,True,144.444,12128,0,2412,1.509878,142.69815461801596,0
False,7,15,0,True,144.444,12128,-36,2412,1.50989,142.69835366548853,0
False,7,15,0,True,144.444,12128,0,2412,1.5099019999999999,142.69855266757864,0
False,7,15,0,True,144.444,12128,0,2412,1.5099140000000002,142.69875162430182,0
False,7,15,0,True,144.444,12128,0,2412,1.509925,142.69895053567356,0
False,7,15,0,True,144.444,12128,0,2412,1.509938,142.6991494017094,0
False,7,15,0,True,144.444,12128,-36,2412,1.5099489999999998,142.6993482224248,0
False,7,15,0,True,144.444,12128,-37,2412,1.509961,142.69954699783523,0
False,7,15,0,True,144.444,12128,-42,2412,1.5099719999999999,142.69974572795624,0
False,7,15,0,True,144.444,12128,0,2412,1.5108540000000001,142.69994441280326,0
False,7,15,0,True,144.444,12128,0,2412,1.5108739999999998,142.70014305239178,0
False,7,15,0,True,144.444,12128,-41,2412,1.510888,142.70034164673726,0
False,7,15,0,True,144.444,12128,-36,2412,1.511342,142.70054019585515,0
False,7,15,0,True,144.444,12128,0,2412,1.5113560000000001,142.7007386997609,0
False,7,15,0,True,144.444,12128,-35,2412,1.5113690000000002,142.70093715846994,0
False,7,15,0,True,144.444,12128,-39,2412,1.511381,142.70113557199772,0
False,7,15,0,True,144.444,12128,0,2412,1.5113949999999998,142.70133394035963,0
False,7,15,0,True,144.444,12128,0,2412,1.5114079999999999,142.70153226357118,0
False,7,15,0,True,144.444,12128,0,2412,1.512035,142.7017305416477,0
False,7,15,0,True,144.444,12128,0,2412,1.5120529999999999,142.7019287746046,0
False,7,15,0,True,144.444,12128,-40,2412,1.512067,142.70212696245733,0
False,7,15,0,True,144.444,12128,0,2412,1.512082,142.70232510522123,0
False,7,15,0,True,144.444,12128,0,2412,1.512096,142.70252320291172,0
False,7,15,0,True,144.444,12128,-43,2412,1.512111,142.7027212555442,0
False,7,15,0,True,144.444,12128,-42,2412,1.512124,142.70291926313394,0
False,7,15,0,True,144.444,12128,-44,2412,1.5121380000000002,142.70311722569642,0
False,7,15,0,True,144.444,12128,0,2412,1.512155,142.70331514324693,0
False,7,15,0,True,144.444,12128,0,2412,1.512168,142.7035130158008,0
False,7,15,0,True,144.444,12128,-41,2412,1.5132240000000001,142.70371084337347,0
False,7,15,0,True,144.444,12128,0,2412,1.513242,142.7039086259802,0
False,7,15,0,True,144.444,12128,0,2412,1.5132560000000002,142.70410636363636,0
False,7,15,0,True,144.444,12128,-39,2412,1.513271,142.70430405635722,0
False,7,15,0,True,144.444,12128,0,2412,1.5196100000000001,142.70450170415813,0
False,7,15,0,True,144.444,12128,0,2412,1.5196269999999998,142.7046993070544,0
False,7,15,0,True,144.444,12128,-41,2412,1.519641,142.70489686506133,0
False,7,15,0,True,144.444,12128,0,2412,1.519656,142.7050943781942,0
False,7,15,0,True,144.444,12128,0,2412,1.519669,142.7052918464683,0
False,7,15,0,True,144.444,12128,-44,2412,1.519682,142.70548926989895,0
False,7,15,0,True,144.444,12128,-42,2412,1.5196939999999999,142.70568664850134,0
False,7,15,0,True,144.444,12128,0,2412,1.519708,142.70588398229083,0
False,7,15,0,True,144.444,12128,-44,2412,1.5197219999999998,142.7060812712826,0
False,7,15,0,True,144.444,12128,-34,2412,1.5197379999999998,142.706278515492,0
False,7,15,0,True,144.444,12128,0,2412,1.519752,142.70647571493416,0
False,7,15,0,True,144.444,12128,-39,2412,1.5197660000000002,142.7066728696244,0
False,7,15,0,True,144.444,12128,-36,2412,1.51978,142.70686997957793,0
False,7,15,0,True,144.444,12128,-36,2412,1.519793,142.70706704480997,0
False,7,15,0,True,144.444,12128,-41,2412,1.519806,142.70726406533575,0
False,7,15,0,True,144.444,12128,0,2412,1.5198200000000002,142.70746104117043,0
False,7,15,0,True,144.444,12128,-35,2412,1.519832,142.70765797232932,0
False,7,15,0,True,144.444,12128,-41,2412,1.519844,142.70785485882752,0
False,7,15,0,True,144.444,12128,0,2412,1.5198589999999998,142.70805170068024,0
False,7,15,0,True,144.444,12128,-40,2412,1.519872,142.70824849790273,0
False,7,15,0,True,144.444,12128,-37,2412,1.5199250000000002,142.70844525051007,0
False,7,15,0,True,144.444,12128,-35,2412,1.5199379999999998,142.7086419585175,0
False,7,15,0,True,144.444,12128,0,2412,1.5199509999999998,142.70883862194015,0
False,7,15,0,True,144.444,12128,-36,2412,1.519971,142.70903524079318,0
False,7,15,0,True,144.444,12128,-39,2412,1.519984,142.70923181509175,0
False,7,15,0,True,144.444,12128,-35,2412,1.5199980000000002,142.70942834485103,0
False,7,15,0,True,144.444,12128,0,2412,1.5200109999999998,142.70962483008609,0
False,7,15,0,True,144.444,12128,0,2412,1.520026,142.70982127081209,0
False,7,15,0,True,144.444,12128,0,2412,1.5207899999999999,142.71001766704416,0
False,7,15,0,True,144.444,12128,-40,2412,1.52082,142.71021401879742,0
False,7,15,0,True,144.444,12128,0,2412,1.5208339999999998,142.71041032608696,0
False,7,15,0,True,144.444,12128,0,2412,1.520848,142.71060658892787,0
False,7,15,0,True,144.444,12128,0,2412,1.520861,142.71080280733528,0
False,7,15,0,True,144.444,12128,0,2412,1.5208750000000002,142.71099898132428,0
False,7,15,0,True,144.444,12128,-44,2412,1.520889,142.7111951109099,0
False,7,15,0,True,144.444,12128,-42,2412,1.5217399999999999,142.71139119610726,0
False,7,15,0,True,144.444,12128,0,2412,1.5217580000000002,142.71158723693142,0
False,7,15,0,True,144.444,12128,-39,2412,1.5217709999999998,142.71178323339743,0
False,7,15,0,True,144.444,12128,0,2412,1.5221559999999998,142.71197918552036,0
False,7,15,0,True,144.444,12128,-41,2412,1.5221710000000002,142.7121750933152,0
False,7,15,0,True,144.444,12128,0,2412,1.522186,142.7123709567971,0
False,7,15,0,True,144.444,12128,-44,2412,1.522205,142.712566775981,0
False,7,15,0,True,144.444,12128,0,2412,1.522218,142.71276255088193,0
False,7,15,0,True,144.444,12128,-42,2412,1.5222310000000001,142.71295828151497,0
False,7,15,0,True,144.444,12128,-44,2412,1.522246,142.7131539678951,0
False,7,15,0,True,144.444,12128,0,2412,1.5222600000000002,142.71334961003728,0
False,7,15,0,True,144.444,12128,-34,2412,1.523028,142.7135452079566,0
False,7,15,0,True,144.444,12128,-41,2412,1.5230450000000002,142.713740761668,0
False,7,15,0,True,144.444,12128,-36,2412,1.5230579999999998,142.71393627118644,0
False,7,15,0,True,144.444,12128,-36,2412,1.5230700000000001,142.71413173652692,0
False,7,15,0,True,144.444,12128,-39,2412,1.5230830000000002,142.71432715770447,0
False,7,15,0,True,144.444,12128,0,2412,1.5230959999999998,142.71452253473396,0
False,7,15,0,True,144.444,12128,-35,2412,1.52311,142.71471786763044,0
False,7,15,0,True,144.444,12128,0,2412,1.523123,142.71491315640878,0
False,7,15,0,True,144.444,12128,0,2412,1.5231370000000002,142.715108401084,0
False,7,15,0,True,144.444,12128,0,2412,1.523151,142.715303601671,0
False,7,15,0,True,144.444,12128,0,2412,1.524206,142.71549875818468,0
False,7,15,0,True,144.444,12128,-39,2412,1.5242239999999998,142.71569387064002,0
False,7,15,0,True,144.444,12128,0,2412,1.527307,142.71588893905192,0
False,7,15,0,True,144.444,12128,0,2412,1.52732,142.71608396343527,0
False,7,15,0,True,144.444,12128,-35,2412,1.527332,142.716278943805,0
False,7,15,0,True,144.444,12128,0,2412,1.527424,142.716473880176,0
False,7,15,0,True,144.444,12128,-39,2412,1.527447,142.71666877256317,0
False,7,15,0,True,144.444,12128,0,2412,1.5274619999999999,142.71686362098137,0
False,7,15,0,True,144.444,12128,0,2412,1.527475,142.71705842544552,0
False,7,15,0,True,144.444,12128,0,2412,1.5274869999999998,142.71725318597043,0
False,7,15,0,True,144.444,12128,0,2412,1.5274999999999999,142.71744790257102,0
False,7,15,0,True,144.444,12128,-35,2412,1.527513,142.71764257526215,0
False,7,15,0,True,144.444,12128,0,2412,1.5275249999999998,142.7178372040586,0
False,7,15,0,True,144.444,12128,-36,2412,1.5275400000000001,142.71803178897528,0
False,7,15,0,True,144.444,12128,-39,2412,1.527565,142.71822633002702,0
False,7,15,0,True,144.444,12128,0,2412,1.52758,142.71842082722867,0
False,7,15,0,True,144.444,12128,-36,2412,1.5275940000000001,142.71861528059497,0
False,7,15,0,True,144.444,12128,0,2412,1.527606,142.71880969014083,0
False,7,15,0,True,144.444,12128,-36,2412,1.5276359999999998,142.71900405588102,0
False,7,15,0,True,144.444,12128,0,2412,1.527653,142.71919837783034,0
False,7,15,0,True,144.444,12128,-37,2412,1.527666,142.71939265600358,0
False,7,15,0,True,144.444,12128,-41,2412,1.5276779999999999,142.71958689041557,0
False,7,15,0,True,144.444,12128,0,2412,1.5282269999999998,142.71978108108107,0
False,7,15,0,True,144.444,12128,0,2412,1.5295799999999997,142.71997522801485,0
False,7,15,0,True,144.444,12128,-36,2412,1.529598,142.7201693312317,0
False,7,15,0,True,144.444,12128,0,2412,1.5296119999999997,142.72036339074634,0
False,7,15,0,True,144.444,12128,-42,2412,1.529626,142.72055740657362,0
False,7,15,0,True,144.444,12128,-41,2412,1.529639,142.72075137872818,0
False,7,15,0,True,144.444,12128,-36,2412,1.5296539999999998,142.72094530722484,0
False,7,15,0,True,144.444,12128,0,2412,1.5296689999999997,142.7211391920783,0
False,7,15,0,True,144.444,12128,0,2412,1.5296849999999997,142.72133303330332,0
False,7,15,0,True,144.444,12128,-43,2412,1.5296979999999998,142.7215268309146,0
False,7,15,0,True,144.444,12128,0,2412,1.529712,142.72172058492689,0
False,7,15,0,True,144.444,12128,0,2412,1.5297259999999997,142.72191429535485,0
False,7,15,0,True,144.444,12128,-42,2412,1.529738,142.72210796221322,0
False,7,15,0,True,144.444,12128,0,2412,1.5297519999999998,142.72230158551668,0
False,7,15,0,True,144.444,12128,0,2412,1.5297669999999997,142.72249516527995,0
False,7,15,0,True,144.444,12128,0,2412,1.530745,142.72268870151768,0
False,7,15,0,True,144.444,12128,0,2412,1.5307629999999999,142.7228821942446,0
False,7,15,0,True,144.444,12128,-40,2412,1.5307779999999998,142.7230756434753,0
False,7,15,0,True,144.444,12128,-35,2412,1.708857,142.72326904922454,0
False,7,15,0,True,144.444,12128,-35,2412,1.7088699999999997,142.72346241150692,0
False,7,15,0,True,144.444,12128,0,2412,1.7088839999999998,142.72365573033707,0
False,7,15,0,True,144.444,12128,-36,2412,1.7088999999999999,142.72384900572968,0
False,7,15,0,True,144.444,12128,0,2412,1.7089149999999997,142.7240422376994,0
False,7,15,0,True,144.444,12128,0,2412,1.708929,142.7242354262608,0
False,7,15,0,True,144.444,12128,0,2412,1.7095089999999997,142.72442857142858,0
False,7,15,0,True,144.444,12128,0,2412,1.7095309999999997,142.72462167321729,0
False,7,15,0,True,144.444,12128,-36,2412,1.709546,142.72481473164157,0
False,7,15,0,True,144.444,12128,0,2412,1.7095599999999997,142.72500774671607,0
False,7,15,0,True,144.444,12128,-39,2412,1.709575,142.7252007184553,0
False,7,15,0,True,144.444,12128,-42,2412,1.7095889999999998,142.72539364687395,0
False,7,15,0,True,144.444,12128,0,2412,1.7096019999999998,142.72558653198652,0
False,7,15,0,True,144.444,12128,0,2412,1.709616,142.72577937380765,0
False,7,15,0,True,144.444,12128,0,2412,1.709629,142.72597217235187,0
False,7,15,0,True,144.444,12128,0,2412,1.709644,142.7261649276338,0
False,7,15,0,True,144.444,12128,-37,2412,1.7096589999999998,142.72635763966792,0
False,7,15,0,True,144.444,12128,0,2412,1.7096719999999999,142.72655030846886,0
False,7,15,0,True,144.444,12128,0,2412,1.7096839999999998,142.72674293405112,0
False,7,15,0,True,144.444,12128,-40,2412,1.709698,142.72693551642928,0
False,7,15,0,True,144.444,12128,-36,2412,1.7097249999999997,142.72712805561784,0
False,7,15,0,True,144.444,12128,-36,2412,1.7097379999999998,142.72732055163132,0
False,7,15,0,True,144.444,12128,-41,2412,1.709752,142.72751300448428,0
False,7,15,0,True,144.444,12128,-43,2412,1.7097669999999998,142.72770541419123,0
False,7,15,0,True,144.444,12128,0,2412,1.7097799999999999,142.72789778076663,0
False,7,15,0,True,144.444,12128,0,2412,1.709797,142.72809010422503,0
False,7,15,0,True,144.444,12128,-40,2412,1.709813,142.7282823845809,0
False,7,15,0,True,144.444,12128,0,2412,1.7098389999999997,142.72847462184873,0
False,7,15,0,True,144.444,12128,0,2412,1.7098549999999997,142.72866681604302,0
False,7,15,0,True,144.444,12128,-36,2412,1.70987,142.7288589671782,0
False,7,15,0,True,144.444,12128,-44,2412,1.709886,142.7290510752688,0
False,7,15,0,True,144.444,12128,0,2412,1.709902,142.72924314032926,0
False,7,15,0,True,144.444,12128,0,2412,1.709917,142.729435162374,0
False,7,15,0,True,144.444,12128,0,2412,1.709937,142.72962714141752,0
False,7,15,0,True,144.444,12128,-41,2412,1.709952,142.72981907747425,0
False,7,15,0,True,144.444,12128,-35,2412,1.709965,142.7300109705586,0
False,7,15,0,True,144.444,12128,0,2412,1.7099819999999997,142.730202820685,0
False,7,15,0,True,144.444,12128,0,2412,1.7099979999999997,142.73039462786792,0
False,7,15,0,True,144.444,12128,-37,2412,1.7100119999999999,142.73058639212172,0
False,7,15,0,True,144.444,12128,0,2412,1.7100269999999997,142.73077811346087,0
False,7,15,0,True,144.444,12128,-40,2412,1.7100489999999997,142.73096979189975,0
False,7,15,0,True,144.444,12128,-44,2412,1.7100629999999999,142.73116142745272,0
False,7,15,0,True,144.444,12128,0,2412,1.710671,142.7313530201342,0
False,7,15,0,True,144.444,12128,0,2412,1.710689,142.7315445699586,0
False,7,15,0,True,144.444,12128,-44,2412,1.7127539999999999,142.73173607694028,0
False,7,15,0,True,144.444,12128,0,2412,1.7127719999999997,142.73192754109357,0
False,7,15,0,True,144.444,12128,-40,2412,1.7127849999999998,142.7321189624329,0
True,7,15,0,True,144.444,12128,-37,2412,1.7128139999999998,142.7161623253214,0
True,7,15,0,True,144.444,12128,-37,2412,1.7128289999999997,142.7002092555332,0
True,7,15,0,True,144.444,12128,0,2412,1.712844,142.68425975187213,0
True,7,15,0,True,144.444,12128,-39,2412,1.7128579999999998,142.6683138131426,0
False,7,15,0,True,144.444,12128,-41,2412,1.7128869999999998,142.668512236004,0
False,7,15,0,True,144.444,12128,0,2412,1.712904,142.6687106145251,0
False,7,15,0,True,144.444,12128,0,2412,1.712917,142.6689089487208,0
False,7,15,0,True,144.444,12128,-40,2412,1.7129309999999998,142.66910723860587,0
False,7,15,0,True,144.444,12128,0,2412,1.712946,142.66930548419523,0
False,7,15,0,True,144.444,12128,0,2412,1.7129619999999997,142.66950368550366,0
False,7,15,0,True,144.444,12128,-35,2412,1.712977,142.66970184254606,0
False,7,15,0,True,144.444,12128,0,2412,1.7129909999999997,142.6698999553372,0
False,7,15,0,True,144.444,12128,0,2412,1.7130039999999997,142.6700980238919,0
False,7,15,0,True,144.444,12128,0,2412,1.713019,142.67029604822505,0
False,7,15,0,True,144.444,12128,-39,2412,1.713034,142.67049402835136,0
False,7,15,0,True,144.444,12128,0,2412,1.713047,142.6706919642857,0
False,7,15,0,True,144.444,12128,0,2412,1.71306,142.67088985604283,0
False,7,15,0,True,144.444,12128,-35,2412,1.713073,142.67108770363757,0
False,7,15,0,True,144.444,12128,-35,2412,1.7130869999999998,142.67128550708466,0
False,7,15,0,True,144.444,12128,0,2412,1.713101,142.67148326639892,0
False,7,15,0,True,144.444,12128,0,2412,1.713117,142.67168098159507,0
False,7,15,0,True,144.444,12128,-36,2412,1.7131309999999997,142.67187865268792,0
False,7,15,0,True,144.444,12128,0,2412,1.713146,142.6720762796922,0
False,7,15,0,True,144.444,12128,-39,2412,1.7131589999999997,142.67227386262266,0
False,7,15,0,True,144.444,12128,-41,2412,1.713187,142.67247140149402,0
False,7,15,0,True,144.444,12128,-41,2412,1.7132199999999997,142.67266889632106,0
False,7,15,0,True,144.444,12128,-41,2412,1.713235,142.6728663471185,0
False,7,15,0,True,144.444,12128,0,2412,1.71325,142.673063753901,0
False,7,15,0,True,144.444,12128,0,2412,1.7132649999999998,142.6732611166834,0
False,7,15,0,True,144.444,12128,-36,2412,1.713279,142.67345843548028,0
False,7,15,0,True,144.444,12128,-40,2412,1.713292,142.6736557103064,0
False,7,15,0,True,144.444,12128,0,2412,1.714038,142.67385294117648,0
False,7,15,0,True,144.444,12128,-41,2412,1.7140519999999997,142.67405012810514,0
False,7,15,0,True,144.444,12128,0,2412,1.7140679999999997,142.67424727110713,0
False,7,15,0,True,144.444,12128,0,2412,1.7140819999999999,142.6744443701971,0
False,7,15,0,True,144.444,12128,0,2412,1.714096,142.67464142538975,0
False,7,15,0,True,144.444,12128,0,2412,1.7141099999999998,142.67483843669967,0
False,7,15,0,True,144.444,12128,0,2412,1.7141249999999997,142.6750354041416,0
False,7,15,0,True,144.444,12128,0,2412,1.71414,142.67523232773013,0
False,7,15,0,True,144.444,12128,-40,2412,1.7141599999999997,142.67542920747997,0
False,7,15,0,True,144.444,12128,0,2412,1.7141729999999997,142.67562604340566,0
False,7,15,0,True,144.444,12128,-42,2412,1.7156609999999999,142.6758228355219,0
False,7,15,0,True,144.444,12128,0,2412,1.715684,142.6760195838433,0
False,7,15,0,True,144.444,12128,0,2412,1.7156979999999997,142.6762162883845,0
False,7,15,0,True,144.444,12128,-43,2412,1.715712,142.67641294916007,0
False,7,15,0,True,144.444,12128,0,2412,1.715725,142.67660956618465,0
False,7,15,0,True,144.444,12128,-44,2412,1.7157359999999997,142.6768061394728,0
False,7,15,0,True,144.444,12128,-36,2412,1.7157519999999997,142.67700266903913,0
False,7,15,0,True,144.444,12128,0,2412,1.7173559999999997,142.67719915489823,0
False,7,15,0,True,144.444,12128,0,2412,1.717374,142.6773955970647,0
False,7,15,0,True,144.444,12128,-41,2412,1.71739,142.6775919955531,0
True,7,15,0,True,144.444,12128,0,2412,1.717419,142.6617318808359,0
True,7,15,0,True,144.444,12128,0,2412,1.7174329999999998,142.6458752917639,0
True,7,15,0,True,144.444,12128,-37,2412,1.717447,142.6300222271616,0
True,7,15,0,True,144.444,12128,-44,2412,1.71746,142.614172685854,0
True,7,15,0,True,144.444,12128,-40,2412,1.7174739999999997,142.59832666666665,0
True,7,15,0,True,144.444,12128,-35,2412,1.7174899999999997,142.5824841684257,0
True,7,15,0,True,144.444,12128,-41,2412,1.7175059999999998,142.56664518995777,0
True,7,15,0,True,144.444,12128,-41,2412,1.7175219999999998,142.55080973008995,0
False,7,15,0,True,144.444,12128,-36,2412,1.717578,142.55101999111506,0
False,7,15,0,True,144.444,12128,-44,2412,1.7175919999999998,142.5512302054414,0
False,7,15,0,True,144.444,12128,0,2412,1.7176069999999997,142.5514403730846,0
False,7,15,0,True,144.444,12128,0,2412,1.7176209999999998,142.55165049406017,0
False,7,15,0,True,144.444,12128,-39,2412,1.7176339999999999,142.55186056838363,0
False,7,15,0,True,144.444,12128,0,2412,1.717647,142.5520705960706,0
False,7,15,0,True,144.444,12128,-37,2412,1.7176619999999998,142.55228057713651,0
False,7,15,0,True,144.444,12128,-40,2412,1.7176769999999997,142.55249051159694,0
False,7,15,0,True,144.444,12128,0,2412,1.7176909999999999,142.55270039946737,0
False,7,15,0,True,144.444,12128,0,2412,1.7177059999999997,142.55291024076334,0
False,7,15,0,True,144.444,12128,-41,2412,1.7177189999999998,142.5531200355003,0
False,7,15,0,True,144.444,12128,0,2412,1.7177319999999998,142.55332978369384,0
False,7,15,0,True,144.444,12128,-35,2412,1.7177479999999998,142.55353948535935,0
False,7,15,0,True,144.444,12128,0,2412,1.7177629999999997,142.55374914051234,0
False,7,15,0,True,144.444,12128,0,2412,1.7177819999999997,142.55395874916832,0
False,7,15,0,True,144.444,12128,0,2412,1.7177979999999997,142.55416831134272,0
False,7,15,0,True,144.444,12128,-39,2412,1.717812,142.55437782705098,0
False,7,15,0,True,144.444,12128,0,2412,1.717829,142.5545872963086,0
False,7,15,0,True,144.444,12128,0,2412,1.718473,142.554796719131,0
False,7,15,0,True,144.444,12128,-40,2412,1.7184909999999998,142.55500609553363,0
False,7,15,0,True,144.444,12128,-35,2412,1.7185219999999997,142.5552154255319,0
False,7,15,0,True,144.444,12128,0,2412,1.7185359999999998,142.55542470914128,0
False,7,15,0,True,144.444,12128,-37,2412,1.71855,142.55563394637713,0
False,7,15,0,True,144.444,12128,-34,2412,1.718562,142.5558431372549,0
False,7,15,0,True,144.444,12128,-41,2412,1.7185759999999997,142.55605228179,0
False,7,15,0,True,144.444,12128,-36,2412,1.7185959999999998,142.55626137999778,0
False,7,15,0,True,144.444,12128,-40,2412,1.7186119999999998,142.55647043189367,0
False,7,15,0,True,144.444,12128,0,2412,1.719954,142.55667943749307,0
False,7,15,0,True,144.444,12128,-36,2412,1.7199709999999997,142.55688839681133,0
False,7,15,0,True,144.444,12128,0,2412,1.7199849999999999,142.55709730986382,0
False,7,15,0,True,144.444,12128,0,2412,1.720001,142.55730617666592,0
False,7,15,0,True,144.444,12128,0,2412,1.720015,142.55751499723297,0
False,7,15,0,True,144.444,12128,-41,2412,1.7200289999999998,142.55772377158033,0
False,7,15,0,True,144.444,12128,0,2412,1.720043,142.55793249972334,0
False,7,15,0,True,144.444,12128,-36,2412,1.7200579999999999,142.55814118167734,0
False,7,15,0,True,144.444,12128,0,2412,1.7200729999999997,142.55834981745767,0
False,7,15,0,True,144.444,12128,0,2412,1.720088,142.55855840707963,0
False,7,15,0,True,144.444,12128,0,2412,1.7201019999999998,142.55876695055855,0
False,7,15,0,True,144.444,12128,0,2412,1.7201149999999998,142.55897544790975,0
False,7,15,0,True,144.444,12128,0,2412,1.7201299999999997,142.5591838991485,0
False,7,15,0,True,144.444,12128,0,2412,1.720145,142.55939230429013,0
False,7,15,0,True,144.444,12128,-40,2412,1.720161,142.5596006633499,0
False,7,15,0,True,144.444,12128,0,2412,1.72058,142.55980897634313,0
False,7,15,0,True,144.444,12128,0,2412,1.720596,142.56001724328505,0
False,7,15,0,True,144.444,12128,0,2412,1.720611,142.56022546419098,0
False,7,15,0,True,144.444,12128,-42,2412,1.720628,142.56043363907614,0
False,7,15,0,True,144.444,12128,-40,2412,1.720643,142.5606417679558,0
True,7,15,0,True,144.444,12128,-43,2412,1.724141,142.54489095127607,0
True,7,15,0,True,144.444,12128,0,2412,1.7241559999999998,142.52914361467077,0
True,7,15,0,True,144.444,12128,0,2412,1.7241689999999998,142.51339975698662,0
True,7,15,0,True,144.444,12128,0,2412,1.724183,142.4976593770709,0
True,7,15,0,True,144.444,12128,0,2412,1.724196,142.4819224737714,0
True,7,15,0,True,144.444,12128,-44,2412,1.7242099999999998,142.46618904593637,0
True,7,15,0,True,144.444,12128,-37,2412,1.724224,142.4504590924147,0
True,7,15,0,True,144.444,12128,-35,2412,1.724237,142.43473261205563,0
True,7,15,0,True,144.444,12128,-40,2412,1.724252,142.41900960370901,0
True,7,15,0,True,144.444,12128,0,2412,1.724266,142.40329006622514,0
True,7,15,0,True,144.444,12128,0,2412,1.724303,142.3875739984549,0
True,7,15,0,True,144.444,12128,-41,2412,1.7243169999999997,142.3718613992496,0
True,7,15,0,True,144.444,12128,0,2412,1.725527,142.35615226746108,0
True,7,15,0,True,144.444,12128,0,2412,1.7255449999999999,142.34044660194175,0
True,7,15,0,True,144.444,12128,0,2412,1.7255569999999998,142.3247444015444,0
True,7,15,0,True,144.444,12128,-41,2412,1.725571,142.30904566512243,0
True,7,15,0,True,144.444,12128,-44,2412,1.725584,142.2933503915297,0
True,7,15,0,True,144.444,12128,-36,2412,1.7271609999999997,142.27765857962063,0
True,7,15,0,True,144.444,12128,0,2412,1.727179,142.26197022825008,0
True,7,15,0,True,144.444,12128,-39,2412,1.727191,142.24628533627342,0
False,7,15,0,True,144.444,12128,0,2412,1.727229,142.2465276154779,0
False,7,15,0,True,144.444,12128,0,2412,1.7272409999999998,142.24676984126984,0
False,7,15,0,True,144.444,12128,0,2412,1.7272539999999998,142.2470120136669,0
False,7,15,0,True,144.444,12128,-40,2412,1.727265,142.24725413268678,0
False,7,15,0,True,144.444,12128,-37,2412,1.727277,142.2474961983471,0
False,7,15,0,True,144.444,12128,0,2412,1.72729,142.2477382106655,0
False,7,15,0,True,144.444,12128,-39,2412,1.727302,142.24798016965957,0
False,7,15,0,True,144.444,12128,-41,2412,1.73013,142.248222075347,0
False,7,15,0,True,144.444,12128,0,2412,1.7301439999999997,142.24846392774532,0
False,7,15,0,True,144.444,12128,0,2412,1.730156,142.24870572687223,0
False,7,15,0,True,144.444,12128,-35,2412,1.7301739999999999,142.24894747274527,0
False,7,15,0,True,144.444,12128,-35,2412,1.730187,142.24918916538206,0
False,7,15,0,True,144.444,12128,0,2412,1.7302009999999997,142.24943080480017,0
False,7,15,0,True,144.444,12128,-39,2412,1.7302149999999998,142.24967239101716,0
False,7,15,0,True,144.444,12128,-34,2412,1.730245,142.24991392405062,0
False,7,15,0,True,144.444,12128,-37,2412,1.7302589999999998,142.25015540391811,0
False,7,15,0,True,144.444,12128,-41,2412,1.73028,142.25039683063716,0
False,7,15,0,True,144.444,12128,-41,2412,1.730292,142.25063820422534,0
False,7,15,0,True,144.444,12128,-36,2412,1.7312909999999997,142.2508795247002,0
False,7,15,0,True,144.444,12128,0,2412,1.7313099999999997,142.25112079207918,0
False,7,15,0,True,144.444,12128,0,2412,1.7313259999999997,142.25136200637994,0
False,7,15,0,True,144.444,12128,0,2412,1.731341,142.2516031676199,0
False,7,15,0,True,144.444,12128,0,2412,1.7313549999999998,142.25184427581655,0
False,7,15,0,True,144.444,12128,0,2412,1.73137,142.25208533098746,0
False,7,15,0,True,144.444,12128,-40,2412,1.732958,142.25232633315008,0
False,7,15,0,True,144.444,12128,-41,2412,1.7381319999999998,142.25256728232188,0
False,7,15,0,True,144.444,12128,-39,2412,1.7496169999999998,142.25280817852038,0
False,7,15,0,True,144.444,12128,-40,2412,1.757377,142.25304902176302,0
False,7,15,0,True,144.444,12128,-41,2412,1.7648829999999998,142.25328981206724,0
True,7,15,0,True,144.444,12128,-39,2412,1.766765,142.23765758241757,0
False,7,15,0,True,144.444,12128,-39,2412,1.7750909999999998,142.2379000109878,0
False,7,15,0,True,144.444,12128,-40,2412,1.7797269999999998,142.2381423862887,0
False,7,15,0,True,144.444,12128,-40,2412,1.7894859999999997,142.2383847083379,0
False,7,15,0,True,144.444,12128,-39,2412,1.7988819999999999,142.23862697715288,0
False,7,15,0,True,144.444,12128,-39,2412,1.8020489999999998,142.23886919275122,0
False,7,15,0,True,144.444,12128,-40,2412,1.80939,142.23911135515044,0
False,7,15,0,True,144.444,12128,-40,2412,1.8145289999999998,142.23935346436807,0
False,7,15,0,True,144.444,12128,-39,2412,1.817364,142.2395955204216,0
False,7,15,0,True,144.444,12128,-39,2412,1.8228329999999997,142.23983752332856,0
False,7,15,0,True,144.444,12128,-39,2412,1.828334,142.24007947310648,0
False,7,15,0,True,144.444,12128,-41,2412,1.836944,142.24032136977277,0
True,7,15,0,True,144.444,12128,-39,2412,1.842739,142.22471115013167,0
False,7,11,0,True,57.7778,12128,-40,2412,1.8648979999999997,56.89017879951717,4
False,7,11,0,True,57.7778,12128,-40,2412,1.8760499999999998,56.89027619047619,4
False,7,15,0,True,144.444,12128,-40,2412,1.8949349999999998,142.2254415798135,0
False,7,15,0,True,144.444,12128,-39,2412,1.898755,142.22568494953924,0
False,7,15,0,True,144.444,12128,-40,2412,1.901408,142.22592826587692,0
False,7,15,0,True,144.444,12128,-41,2412,1.90922,142.22617152884405,0
False,7,12,0,True,86.6667,12128,-41,2412,1.9315599999999997,85.33614423730673,3
False,7,15,0,True,144.444,12128,-40,2412,1.939146,142.22665789473683,0
False,7,15,0,True,144.444,12128,-40,2412,1.9447169999999998,142.2269009976976,0
False,7,15,0,True,144.444,12128,-40,2412,1.949049,142.22714404735802,0
False,7,15,0,True,144.444,12128,-39,2412,1.9957189999999998,142.2273870437356,0
False,7,15,0,True,144.444,12128,-40,2412,1.9957509999999998,142.22762998684786,0
False,7,15,0,True,144.444,12128,-40,2412,2.0053579999999998,142.22787287671233,0
False,7,15,0,True,144.444,12128,-40,2412,2.009325,142.22811571334645,0
False,7,15,0,True,144.444,12128,-40,2412,2.015066,142.2283584967678,0
False,7,15,0,True,144.444,12128,-40,2412,2.018891,142.22860122699385,0
False,7,15,0,True,144.444,12128,-40,2412,2.025565,142.22884390404204,0
False,7,15,0,True,144.444,12128,-40,2412,2.030668,142.2290865279299,0
False,7,15,0,True,144.444,12128,-40,2412,2.0333829999999997,142.22932909867484,0
False,7,15,0,True,144.444,12128,-40,2412,2.0421679999999998,142.22957161629435,0
False,7,15,0,True,144.444,12128,-40,2412,2.0488109999999997,142.22981408080585,0
False,7,15,0,True,144.444,12128,-40,2412,2.0605499999999997,142.23005649222685,0
False,7,15,0,True,144.444,12128,-40,2412,2.066232,142.2302988505747,0
False,7,15,0,True,144.444,12128,-40,2412,2.074966,142.2305411558669,0
False,7,15,0,True,144.444,12128,-40,2412,2.0816809999999997,142.23078340812083,0
False,7,15,0,True,144.444,12128,-41,2412,2.084555,142.2310256073539,0
False,7,15,0,True,144.444,12128,-41,2412,2.0956219999999997,142.23126775358352,0
False,7,15,0,True,144.444,12128,-40,2412,2.1023449999999997,142.23150984682712,0
False,7,15,0,True,144.444,12128,-41,2412,2.108322,142.23175188710206,0
False,7,15,0,True,144.444,12128,-40,2412,2.114124,142.2319938744257,0
False,7,15,0,True,144.444,12128,-40,2412,2.1167469999999997,142.2322358088155,0
False,7,15,0,True,144.444,12128,-41,2412,2.124758,142.2324776902887,0
False,7,15,0,True,144.444,12128,-41,2412,2.133623,142.23271951886275,0
False,7,15,0,True,144.444,12128,-40,2412,2.138279,142.232961294555,0
False,7,15,0,True,144.444,12128,-40,2412,2.14208,142.23320301738272,0
False,7,15,0,True,144.444,12128,-40,2412,2.146337,142.23344468736335,0
False,7,15,0,True,144.444,12128,-40,2412,2.161518,142.23368630451415,0
False,7,15,0,True,144.444,12128,0,2412,2.161603,142.23392786885245,0
False,7,15,0,True,144.444,12128,-40,2412,2.162798,142.23416938039557,0
False,7,15,0,True,144.444,12128,-40,2412,2.168479,142.23441083916083,0
False,7,15,0,True,144.444,12128,-41,2412,2.171134,142.2346522451655,0
False,7,15,0,True,144.444,12128,-41,2412,2.179217,142.2348935984269,0
False,7,15,0,True,144.444,12128,-41,2412,2.209103,142.23513489896231,0
False,7,15,0,True,144.444,12128,0,2412,2.212367,142.23537614678898,0
False,7,15,0,True,144.444,12128,-41,2412,2.2180869999999997,142.2356173419242,0
False,7,15,0,True,144.444,12128,-41,2412,2.2281269999999997,142.23585848438523,0
False,7,15,0,True,144.444,12128,-41,2412,2.290164,142.23609957418932,0
False,7,15,0,True,144.444,12128,-41,2412,2.308872,142.2363406113537,0
False,7,15,0,True,144.444,12128,-41,2412,2.317875,142.23658159589561,0
False,7,15,0,True,144.444,12128,-41,2412,2.323896,142.23682252783235,0
False,7,15,0,True,144.444,12128,-41,2412,2.328832,142.23706340718104,0
False,7,15,0,True,144.444,12128,-41,2412,2.340204,142.23730423395895,0
False,7,15,0,True,144.444,12128,-41,2412,2.3464169999999998,142.2375450081833,0
False,7,15,0,True,144.444,12128,-41,2412,2.347695,142.23778572987123,0
False,7,15,0,True,144.444,12128,-40,2412,2.358611,142.23802639904002,0
False,7,15,0,True,144.444,12128,-41,2412,2.3657559999999997,142.23826701570678,0
False,7,15,0,True,144.444,12128,-41,2412,2.368524,142.23850757988873,0
False,7,15,0,True,144.444,12128,-41,2412,2.37365,142.23874809160304,0
False,7,15,0,True,144.444,12128,-41,2412,2.386291,142.23898855086685,0
False,7,15,0,True,144.444,12128,-41,2412,2.3905179999999997,142.23922895769732,0
False,7,15,0,True,144.444,12128,-41,2412,2.400311,142.23946931211162,0
False,7,15,0,True,144.444,12128,-40,2412,2.410449,142.23970961412687,0
False,7,15,0,True,144.444,12128,-41,2412,2.414259,142.23994986376022,0
False,7,15,0,True,144.444,12128,-41,2412,2.4214849999999997,142.24019006102876,0
False,7,15,0,True,144.444,12128,-41,2412,2.435823,142.24043020594965,0
False,7,15,0,True,144.444,12128,-41,2412,2.4437349999999998,142.24067029853998,0
False,7,15,0,True,144.444,12128,-41,2412,2.4465019999999997,142.24091033881686,0
False,7,15,0,True,144.444,12128,-41,2412,2.458409,142.24115032679737,0
True,7,15,0,True,144.444,12128,-41,2412,2.459967,142.2256573358022,0
True,7,15,0,True,144.444,12128,-41,2412,2.459986,142.21016771945108,0
False,7,15,0,True,144.444,12128,-41,2412,2.4627689999999998,142.21041097680495,0
False,7,15,0,True,144.444,12128,-40,2412,2.607377,142.21065418118465,0
False,7,15,0,True,144.444,12128,-41,2412,2.6359879999999998,142.2108973326075,0
False,7,15,0,True,144.444,12128,-40,2412,2.666674,142.21114043109077,0
False,7,15,0,True,144.444,12128,-41,2412,2.689356,142.21138347665178,0
False,7,15,0,True,144.444,12128,-40,2412,2.767068,142.2116264693078,0
False,7,15,0,True,144.444,12128,-41,2412,2.7820769999999997,142.21186940907606,0
False,7,15,0,True,144.444,12128,-41,2412,2.8237829999999997,142.21211229597387,0
False,7,15,0,True,144.444,12128,-41,2412,2.917308,142.2123551300185,0
False,7,15,0,True,144.444,12128,-41,2412,2.931485,142.21259791122714,0
False,7,15,0,True,144.444,12128,-41,2412,2.939181,142.2128406396171,0
False,7,15,0,True,144.444,12128,0,2412,2.969242,142.21308331520555,0
False,7,15,0,True,144.444,12128,-41,2412,2.970264,142.21332593800977,0
False,7,15,0,True,144.444,12128,-40,2412,3.207283,142.21356850804696,0
False,7,15,0,True,144.444,12128,-40,2412,3.212571,142.21381102533434,0
False,7,15,0,True,144.444,12128,-41,2412,3.225616,142.2140534898891,0
False,7,15,0,True,144.444,12128,-40,2412,3.235169,142.21429590172843,0
False,7,15,0,True,144.444,12128,-40,2412,3.2493529999999997,142.21453826086955,0
False,7,15,0,True,144.444,12128,-41,2412,3.260472,142.21478056732963,0
False,7,15,0,True,144.444,12128,-40,2412,3.265886,142.2150228211258,0
False,7,15,0,True,144.444,12128,-41,2412,3.2689399999999997,142.21526502227533,0
False,7,15,0,True,144.444,12128,-41,2412,3.30997,142.2155071707953,0
False,7,15,0,True,144.444,12128,-40,2412,3.315231,142.21574926670286,0
False,7,15,0,True,144.444,12128,-41,2412,3.331018,142.2159913100152,0
False,7,15,0,True,144.444,12128,-41,2412,3.332232,142.21623330074942,0
False,7,15,0,True,144.444,12128,-41,2412,3.341383,142.21647523892267,0
False,7,15,0,True,144.444,12128,-40,2412,3.346117,142.21671712455205,0
False,7,15,0,True,144.444,12128,-41,2412,3.35165,142.21695895765473,0
False,7,15,0,True,144.444,12128,-41,2412,3.360046,142.21720073824775,0
False,7,15,0,True,144.444,12128,-41,2412,3.371323,142.21744246634825,0
False,7,15,0,True,144.444,12128,-41,2412,3.3794519999999997,142.21768414197328,0
False,7,15,0,True,144.444,12128,-41,2412,3.3857239999999997,142.21792576514,0
False,7,15,0,True,144.444,12128,-41,2412,3.391439,142.21816733586542,0
False,7,15,0,True,144.444,12128,-40,2412,3.3983239999999997,142.21840885416665,0
False,7,15,0,True,144.444,12128,-41,2412,3.4052059999999997,142.21865032006076,0
False,7,15,0,True,144.444,12128,-41,2412,3.4229629999999998,142.21889173356476,0
False,7,15,0,True,144.444,12128,-41,2412,3.427571,142.21913309469574,0
False,7,15,0,True,144.444,12128,-41,2412,3.439435,142.2193744034707,0
False,7,15,0,True,144.444,12128,-41,2412,3.4433339999999997,142.21961565990674,0
False,7,15,0,True,144.444,12128,-41,2412,3.45002,142.2198568640208,0
False,7,15,0,True,144.444,12128,-41,2412,3.5020309999999997,142.22009801583,0
False,7,15,0,True,144.444,12128,-41,2412,3.507587,142.22033911535124,0
False,7,15,0,True,144.444,12128,-41,2412,3.517283,142.2205801626016,0
False,7,15,0,True,144.444,12128,-40,2412,3.517376,142.2208211575981,0
False,7,15,0,True,144.444,12128,-41,2412,3.5245699999999998,142.22106210035764,0
False,7,15,0,True,144.444,12128,-41,2412,3.527393,142.22130299089724,0
False,7,15,0,True,144.444,12128,-41,2412,3.5315090000000002,142.22154382923392,0
False,7,15,0,True,144.444,12128,-41,2412,3.5420659999999997,142.22178461538462,0
False,7,15,0,True,144.444,12128,-41,2412,3.544044,142.22202534936625,0
False,7,15,0,True,144.444,12128,-41,2412,3.54956,142.22226603119583,0
False,7,15,0,True,144.444,12128,-41,2412,3.5572459999999997,142.22250666089028,0
False,7,15,0,True,144.444,12128,-40,2412,3.5776280000000003,142.22274723846652,0
False,7,15,0,True,144.444,12128,-40,2412,3.5813209999999995,142.22298776394152,0
False,7,15,0,True,144.444,12128,-41,2412,3.584152,142.22322823733217,0
False,7,15,0,True,144.444,12128,-37,2412,3.633911,142.22346865865538,0
False,7,15,0,True,144.444,12128,-41,2412,3.6339289999999997,142.22370902792812,0
False,7,15,0,True,144.444,12128,-41,2412,3.641524,142.2239493451672,0
False,7,15,0,True,144.444,12128,-40,2412,3.6445069999999995,142.2241896103896,0
False,7,15,0,True,144.444,12128,-41,2412,3.652676,142.22442982361216,0
False,7,15,0,True,144.444,12128,-41,2412,3.658078,142.22466998485177,0
False,7,15,0,True,144.444,12128,-40,2412,3.6636260000000003,142.22491009412528,0
False,7,15,0,True,144.444,12128,-40,2412,3.6731459999999996,142.22515015144958,0
False,7,15,0,True,144.444,12128,-40,2412,3.6890959999999997,142.2253901568415,0
True,7,15,0,True,144.444,12128,-40,2412,3.6967259999999995,142.2100077871512,0
False,7,15,0,True,144.444,12128,-40,2412,3.703382,142.21024937817668,0
False,7,15,0,True,144.444,12128,-40,2412,3.725882,142.210490916955,0
False,7,15,0,True,144.444,12128,-40,2412,3.730272,142.21073240350307,0
False,7,15,0,True,144.444,12128,-40,2412,3.7367339999999998,142.21097383783783,0
False,7,15,0,True,144.444,12128,-40,2412,3.7425279999999996,142.21121521997622,0
False,7,15,0,True,144.444,12128,-40,2412,3.752442,142.21145654993515,0
False,7,15,0,True,144.444,12128,-41,2412,3.756879,142.21169782773154,0
False,7,15,0,True,144.444,12128,-40,2412,3.774378,142.2119390533823,0
False,7,15,0,True,144.444,12128,-40,2412,3.782974,142.21218022690437,0
False,7,15,0,True,144.444,12128,-40,2412,3.8001409999999995,142.2124213483146,0
False,7,15,0,True,144.444,12128,-40,2412,3.8029879999999996,142.2126624176299,0
False,7,15,0,True,144.444,12128,-40,2412,3.809988,142.21290343486712,0
True,7,15,0,True,144.444,12128,-40,2412,3.8100140000000002,142.1975440112323,0
False,7,15,0,True,144.444,12128,-40,2412,3.8170290000000002,142.19778660907127,0
False,7,15,0,True,144.444,12128,-41,2412,3.8261809999999996,142.19802915451893,0
False,7,15,0,True,144.444,12128,-40,2412,3.8329229999999996,142.19827164759232,0
True,7,15,0,True,144.444,12128,-40,2412,3.832958,142.18292043614377,0
False,7,12,0,True,86.6667,12128,-40,2412,3.844382,85.31019400906736,3
False,7,15,0,True,144.444,12128,-40,2412,3.8507079999999996,142.18340852671344,0
False,7,15,0,True,144.444,12128,-40,2412,3.858146,142.1836524929851,0
False,7,15,0,True,144.444,12128,-40,2412,3.861906,142.18389640660405,0
False,7,15,0,True,144.444,12128,-40,2412,3.8677119999999996,142.1841402675874,0
False,7,15,0,True,144.444,12128,-40,2412,3.8772299999999995,142.1843840759521,0
False,7,15,0,True,144.444,12128,-40,2412,3.8858089999999996,142.1846278317152,0
False,7,15,0,True,144.444,12128,-40,2412,3.9338149999999996,142.18487153489374,0
False,7,15,0,True,144.444,12128,-40,2412,3.9436259999999996,142.18511518550474,0
False,7,15,0,True,144.444,12128,-41,2412,3.949889,142.18535878356516,0
False,7,12,0,True,86.6667,12128,-40,2412,3.956121,85.31165670692258,3
False,7,15,0,True,144.444,12128,-40,2412,3.967233,142.1858458221024,0
False,7,15,0,True,144.444,12128,-40,2412,3.9682989999999996,142.1860892626132,0
False,7,15,0,True,144.444,12128,-40,2412,3.971338,142.18633265064136,0
False,7,15,0,True,144.444,12128,-41,2412,3.9765729999999997,142.1865759862039,0
False,7,15,0,True,144.444,12128,-40,2412,3.9817189999999996,142.1868192693178,0
False,7,15,0,True,144.444,12128,-40,2412,3.98772,142.1870625,0
False,7,15,0,True,144.444,12128,-41,2412,3.99464,142.18730567826742,0
False,7,15,0,True,144.444,12128,-40,2412,4.002023,142.18754880413704,0
False,7,15,0,True,144.444,12128,-40,2412,4.007128000000001,142.18779187762576,0
False,7,15,0,True,144.444,12128,-40,2412,4.012079,142.18803489875054,0
False,7,15,0,True,144.444,12128,-40,2412,4.01883,142.18827786752826,0
False,7,15,0,True,144.444,12128,-40,2412,4.0253060000000005,142.18852078397586,0
False,7,15,0,True,144.444,12128,-40,2412,4.02555,142.18876364811027,0
False,7,15,0,True,144.444,12128,-40,2412,4.031938,142.1890064599483,0
False,7,15,0,True,144.444,12128,-40,2412,4.0398760000000005,142.18924921950693,0
False,7,15,0,True,144.444,12128,-39,2412,4.0567910000000005,142.18949192680302,0
False,7,15,0,True,144.444,12128,-40,2412,4.060392,142.1897345818534,0
False,7,15,0,True,144.444,12128,-40,2412,4.068447,142.18997718467497,0
False,7,15,0,True,144.444,12128,-40,2412,4.079932,142.19021973528461,0
False,7,15,0,True,144.444,12128,-40,2412,4.083295000000001,142.19046223369915,0
False,7,15,0,True,144.444,12128,-40,2412,4.091322,142.19070467993544,0
False,7,15,0,True,144.444,12128,-40,2412,4.098116,142.19094707401032,0
False,7,15,0,True,144.444,12128,-40,2412,4.1071420000000005,142.1911894159406,0
False,7,15,0,True,144.444,12128,-40,2412,4.113924,142.19143170574316,0
False,7,15,0,True,144.444,12128,-41,2412,4.11831,142.19167394343478,0
False,7,15,0,True,144.444,12128,-39,2412,4.126833,142.19191612903225,0
False,7,15,0,True,144.444,12128,-40,2412,4.148173,142.1921582625524,0
False,7,15,0,True,144.444,12128,-40,2412,4.159003,142.19240034401204,0
False,7,15,0,True,144.444,12128,-39,2412,4.1672400000000005,142.1926423734279,0
False,7,15,0,True,144.444,12128,-40,2412,4.1732640000000005,142.19288435081685,0
False,7,15,0,True,144.444,12128,-40,2412,4.177598000000001,142.19312627619558,0
False,7,15,0,True,144.444,12128,-40,2412,4.184988000000001,142.19336814958092,0
False,7,15,0,True,144.444,12128,-40,2412,4.233855,142.19360997098957,0
False,7,15,0,True,144.444,12128,-40,2412,4.239897,142.19385174043833,0
False,7,15,0,True,144.444,12128,-40,2412,4.250491,142.19409345794392,0
False,7,15,0,True,144.444,12128,-40,2412,4.26239,142.19433512352308,0
False,7,15,0,True,144.444,12128,-40,2412,4.271577000000001,142.19457673719256,0
False,7,15,0,True,144.444,12128,-40,2412,4.2767610000000005,142.19481829896904,0
False,7,15,0,True,144.444,12128,-40,2412,4.2882940000000005,142.19505980886933,0
False,7,15,0,True,144.444,12128,-39,2412,4.292389,142.19530126691004,0
False,7,15,0,True,144.444,12128,-40,2412,4.301388,142.1955426731079,0
False,7,15,0,True,144.444,12128,-40,2412,4.307732000000001,142.1957840274796,0
False,7,15,0,True,144.444,12128,-40,2412,4.318192000000001,142.19602533004183,0
False,7,15,0,True,144.444,12128,-41,2412,4.325573,142.1962665808113,0
False,7,15,0,True,144.444,12128,-40,2412,4.3337460000000005,142.19650777980468,0
False,7,15,0,True,144.444,12128,-40,2412,4.338817000000001,142.1967489270386,0
False,7,15,0,True,144.444,12128,-39,2412,4.353337000000001,142.19699002252975,0
False,7,15,0,True,144.444,12128,-40,2412,4.357511000000001,142.19723106629476,0
False,7,15,0,True,144.444,12128,-40,2412,4.3628160000000005,142.19747205835031,0
False,7,15,0,True,144.444,12128,-40,2412,4.367466,142.197712998713,0
False,7,15,0,True,144.444,12128,-40,2412,4.381735,142.19795388739945,0
False,7,15,0,True,144.444,12128,-40,2412,4.385778,142.19819472442632,0
False,7,15,0,True,144.444,12128,-40,2412,4.403884000000001,142.19843550981022,0
False,7,15,0,True,144.444,12128,-40,2412,4.408264,142.19867624356775,0
False,7,15,0,True,144.444,12128,-40,2412,4.4141710000000005,142.19891692571548,0
False,7,15,0,True,144.444,12128,0,2412,4.419155,142.19915755627008,0
False,7,15,0,True,144.444,12128,-40,2412,4.419171,142.1993981352481,0
False,7,15,0,True,144.444,12128,-40,2412,4.425775000000001,142.19963866266608,0
False,7,15,0,True,144.444,12128,-40,2412,4.431384,142.19987913854064,0
False,7,15,0,True,144.444,12128,-40,2412,4.443935000000001,142.20011956288835,0
False,7,15,0,True,144.444,12128,-40,2412,4.4473910000000005,142.20035993572574,0
False,7,15,0,True,144.444,12128,-40,2412,4.453937000000001,142.2006002570694,0
False,7,15,0,True,144.444,12128,-40,2412,4.457117,142.20084052693585,0
False,7,15,0,True,144.444,12128,-40,2412,4.632028,142.2010807453416,0
False,7,15,0,True,144.444,12128,-39,2412,4.642873000000001,142.20132091230323,0
False,7,15,0,True,144.444,12128,-39,2412,4.645776000000001,142.20156102783724,0
False,7,15,0,True,144.444,12128,-39,2412,4.658226,142.20180109196016,0
False,7,15,0,True,144.444,12128,-39,2412,4.6627730000000005,142.20204110468848,0
False,7,15,0,True,144.444,12128,-40,2412,4.66378,142.20228106603875,0
False,7,15,0,True,144.444,12128,-40,2412,4.6725140000000005,142.2025209760274,0
False,7,15,0,True,144.444,12128,-40,2412,4.677647,142.20276083467095,0
False,7,15,0,True,144.444,12128,-40,2412,4.67909,142.20300064198585,0
False,7,15,0,True,144.444,12128,-39,2412,4.68641,142.20324039798865,0
False,7,12,0,True,86.6667,12128,-39,2412,4.71406,85.32238340821567,3
False,7,15,0,True,144.444,12128,-35,2412,4.720382000000001,142.20371975612363,0
False,7,15,0,True,144.444,12128,-40,2412,4.721151,142.20395935828876,0
False,7,15,0,True,144.444,12128,-39,2412,4.727555000000001,142.20419890920755,0
False,7,15,0,True,144.444,12128,-40,2412,4.735269000000001,142.2044384088965,0
False,7,15,0,True,144.444,12128,-39,2412,4.738544,142.20467785737196,0
False,7,15,0,True,144.444,12128,-39,2412,4.744016,142.2049172546504,0
False,7,15,0,True,144.444,12128,-40,2412,4.744966000000001,142.20515660074824,0
False,7,15,0,True,144.444,12128,-40,2412,4.7572280000000005,142.2053958956819,0
False,7,15,0,True,144.444,12128,-40,2412,4.764605,142.20563513946777,0
False,7,15,0,True,144.444,12128,-40,2412,4.7706740000000005,142.20587433212225,0
False,7,15,0,True,144.444,12128,-40,2412,4.778618000000001,142.2061134736617,0
False,7,15,0,True,144.444,12128,-40,2412,4.77906,142.20635256410256,0
False,7,15,0,True,144.444,12128,-40,2412,4.782365,142.20659160346116,0
False,7,15,0,True,144.444,12128,-41,2412,4.8238840000000005,142.20683059175389,0
False,7,15,0,True,144.444,12128,-40,2412,4.825454000000001,142.2070695289971,0
False,7,15,0,True,144.444,12128,-40,2412,4.835687,142.20730841520717,0
False,7,15,0,True,144.444,12128,-39,2412,4.839379,142.2075472504004,0
False,7,15,0,True,144.444,12128,-40,2412,4.843586,142.2077860345932,0
False,7,15,0,True,144.444,12128,-41,2412,4.8495230000000005,142.20802476780185,0
False,7,15,0,True,144.444,12128,-40,2412,4.876263000000001,142.2082634500427,0
True,7,15,0,True,144.444,12128,-40,2412,4.891185,142.19308485430673,0
False,7,15,0,True,144.444,12128,-40,2412,4.899185,142.19332508004268,0
False,7,15,0,True,144.444,12128,-40,2412,4.907797,142.1935652545086,0
False,7,15,0,True,144.444,12128,-39,2412,4.930605,142.19380537772085,0
False,7,15,0,True,144.444,12128,-40,2412,4.936948,142.19404544969592,0
False,7,15,0,True,144.444,12128,-40,2412,4.94498,142.19428547045018,0
False,7,15,0,True,144.444,12128,-39,2412,4.957003,142.19452543999998,0
False,7,15,0,True,144.444,12128,-41,2412,4.962321,142.19476535836176,0
False,7,15,0,True,144.444,12128,-39,2412,4.967728,142.19500522555188,0
False,7,15,0,True,144.444,12128,-40,2412,4.975156,142.19524504158667,0
False,7,15,0,True,144.444,12128,-40,2412,4.9786410000000005,142.19548480648257,0
False,7,15,0,True,144.444,12128,-40,2412,4.984968,142.19572452025585,0
False,7,15,0,True,144.444,12128,-41,2412,4.989413,142.19596418292292,0
False,7,15,0,True,144.444,12128,-39,2412,5.0027360000000005,142.1962037945001,0
False,7,15,0,True,144.444,12128,-40,2412,5.015441,142.1964433550037,0
False,7,15,0,True,144.444,12128,-39,2412,5.0155330000000005,142.1966828644501,0
False,7,15,0,True,144.444,12128,-40,2412,5.021885,142.1969223228556,0
False,7,15,0,True,144.444,12128,-40,2412,5.033518,142.19716173023653,0
False,7,15,0,True,144.444,12128,-40,2412,5.035617,142.19740108660912,0
False,7,15,0,True,144.444,12128,-40,2412,5.0409120000000005,142.19764039198975,0
False,7,15,0,True,144.444,12128,-40,2412,5.046531,142.1978796463947,0
False,7,15,0,True,144.444,12128,-40,2412,5.0677,142.19811884984026,0
False,7,15,0,True,144.444,12128,-40,2412,5.071773,142.19835800234267,0
False,7,15,0,True,144.444,12128,-40,2412,5.077721,142.19859710391822,0
False,7,15,0,True,144.444,12128,-40,2412,5.088754000000001,142.19883615458318,0
False,7,15,0,True,144.444,12128,-40,2412,5.1287970000000005,142.19907515435384,0
False,7,15,0,True,144.444,12128,-40,2412,5.131712,142.1993141032464,0
False,7,15,0,True,144.444,12128,-40,2412,5.143058,142.19955300127714,0
False,7,15,0,True,144.444,12128,-40,2412,5.150869,142.19979184846227,0
False,7,15,0,True,144.444,12128,-40,2412,5.156956,142.20003064481804,0
False,7,15,0,True,144.444,12128,-40,2412,5.172377,142.20026939036066,0
False,7,15,0,True,144.444,12128,-40,2412,5.172634,142.20050808510638,0
False,7,15,0,True,144.444,12128,-40,2412,5.177857,142.20074672907137,0
False,7,15,0,True,144.444,12128,-39,2412,5.183552000000001,142.20098532227186,0
False,7,15,0,True,144.444,12128,-40,2412,5.195143000000001,142.20122386472403,0
False,7,15,0,True,144.444,12128,-40,2412,5.202079,142.20146235644407,0
False,7,15,0,True,144.444,12128,-40,2412,5.207252,142.20170079744815,0
False,7,15,0,True,144.444,12128,-40,2412,5.216801,142.2019391877525,0
False,7,15,0,True,144.444,12128,-40,2412,5.22022,142.2021775273732,0
False,7,15,0,True,144.444,12128,-40,2412,5.226019,142.20241581632652,0
False,7,15,0,True,144.444,12128,-41,2412,5.231149,142.20265405462854,0
False,7,15,0,True,144.444,12128,-40,2412,5.23852,142.20289224229543,0
False,7,15,0,True,144.444,12128,-40,2412,5.244366,142.2031303793433,0
False,7,15,0,True,144.444,12128,-40,2412,5.252184000000001,142.20336846578834,0
False,7,15,0,True,144.444,12128,-39,2412,5.255798,142.20360650164665,0
False,7,15,0,True,144.444,12128,-40,2412,5.26027,142.20384448693434,0
False,7,15,0,True,144.444,12128,-40,2412,5.2714810000000005,142.20408242166755,0
False,7,15,0,True,144.444,12128,-40,2412,5.290546,142.20432030586235,0
False,7,15,0,True,144.444,12128,-40,2412,5.299984,142.20455813953487,0
False,7,15,0,True,144.444,12128,-41,2412,5.30853,142.2047959227012,0
False,7,15,0,True,144.444,12128,-40,2412,5.318251,142.20503365537743,0
False,7,15,0,True,144.444,12128,-40,2412,5.337048,142.2052713375796,0
False,7,15,0,True,144.444,12128,-39,2412,5.342908,142.20550896932383,0
False,7,15,0,True,144.444,12128,-39,2412,5.349887000000001,142.2057465506262,0
False,7,15,0,True,144.444,12128,-40,2412,5.355564,142.2059840815027,0
False,7,15,0,True,144.444,12128,-39,2412,5.360545,142.20622156196941,0
False,7,15,0,True,144.444,12128,-40,2412,5.371278,142.20645899204243,0
False,7,15,0,True,144.444,12128,-40,2412,5.384919,142.20669637173773,0
False,7,15,0,True,144.444,12128,-39,2412,5.42574,142.2069337010714,0
False,7,15,0,True,144.444,12128,-40,2412,5.432405,142.20717098005937,0
False,7,15,0,True,144.444,12128,-40,2412,5.449333,142.20740820871777,0
False,7,15,0,True,144.444,12128,-40,2412,5.454443,142.20764538706254,0
False,7,15,0,True,144.444,12128,-40,2412,5.464786,142.20788251510973,0
False,7,15,0,True,144.444,12128,-40,2412,5.48778,142.2081195928753,0
False,7,15,0,True,144.444,12128,-40,2412,5.50734,142.20835662037527,0
False,7,15,0,True,144.444,12128,-39,2412,5.510388000000001,142.2085935976256,0
True,7,15,0,True,144.444,12128,-39,2412,5.526657,142.19352114467407,0
True,7,15,0,True,144.444,12128,-40,2412,5.538344,142.17845188639254,0
False,7,15,0,True,144.444,12128,-39,2412,5.543711,142.17869195718976,0
False,7,15,0,True,144.444,12128,-40,2412,5.562871,142.1789319771138,0
False,7,15,0,True,144.444,12128,-40,2412,5.568137,142.17917194618073,0
False,7,15,0,True,144.444,12128,-40,2412,5.5855440000000005,142.17941186440677,0
False,7,15,0,True,144.444,12128,-36,2412,5.585914000000001,142.17965173180806,0
False,7,15,0,True,144.444,12128,-38,2412,5.5916440000000005,142.17989154840075,0
True,7,15,0,True,144.444,12128,-39,2412,5.5916760000000005,142.1648349041618,0
False,7,15,0,True,144.444,12128,-39,2412,5.595924,142.16507623888182,0
False,7,15,0,True,144.444,12128,-39,2412,5.601866,142.16531752249867,0
False,7,15,0,True,144.444,12128,-41,2412,5.6136230000000005,142.16555875502857,0
False,7,15,0,True,144.444,12128,-40,2412,5.6238660000000005,142.16579993648776,0
False,7,15,0,True,144.444,12128,-39,2412,5.6336710000000005,142.16604106689246,0
False,7,15,0,True,144.444,12128,-40,2412,5.640075,142.16628214625885,0
False,7,15,0,True,144.444,12128,-39,2412,5.652016000000001,142.16652317460316,0
False,7,15,0,True,144.444,12128,-39,2412,5.657126,142.16676415194158,0
False,7,15,0,True,144.444,12128,-39,2412,5.664777,142.16700507829032,0
False,7,15,0,True,144.444,12128,-39,2412,5.6678180000000005,142.16724595366549,0
False,7,15,0,True,144.444,12128,-39,2412,5.678963,142.16748677808334,0
False,7,15,0,True,144.444,12128,-39,2412,5.685853000000001,142.16772755156,0
False,7,15,0,True,144.444,12128,-39,2412,5.738063,142.16796827411167,0
False,7,15,0,True,144.444,12128,-39,2412,5.746333,142.16820894575446,0
False,7,15,0,True,144.444,12128,-39,2412,5.7581430000000005,142.16844956650453,0
False,7,15,0,True,144.444,12128,-40,2412,5.763015,142.16869013637805,0
False,7,15,0,True,144.444,12128,-40,2412,5.784788000000001,142.1689306553911,0
False,7,15,0,True,144.444,12128,-40,2412,5.788757,142.16917112355986,0
False,7,15,0,True,144.444,12128,-40,2412,5.799104000000001,142.16941154090043,0
False,7,15,0,True,144.444,12128,-41,2412,5.809734000000001,142.16965190742891,0
False,7,15,0,True,144.444,12128,-41,2412,5.812081,142.16989222316144,0
False,7,15,0,True,144.444,12128,-40,2412,5.814901,142.1701324881141,0
False,7,15,0,True,144.444,12128,-40,2412,5.819377,142.17037270230296,0
False,7,15,0,True,144.444,12128,-40,2412,5.8251800000000005,142.17061286574415,0
True,7,15,0,True,144.444,12128,-40,2412,5.8252060000000006,142.1555969581749,0
True,7,15,0,True,144.444,12128,-40,2412,5.8252180000000005,142.14058422219875,0
False,7,15,0,True,144.444,12128,-40,2412,5.834971,142.1408274551214,0
False,7,15,0,True,144.444,12128,-39,2412,5.840952000000001,142.14107063668038,0
False,7,15,0,True,144.444,12128,-39,2412,5.85995,142.14131376689187,0
False,7,15,0,True,144.444,12128,-39,2412,5.8674610000000005,142.1415568457722,0
False,7,15,0,True,144.444,12128,-40,2412,5.872065,142.14179987333756,0
False,7,15,0,True,144.444,12128,-39,2412,5.882918,142.14204284960422,0
True,7,15,0,True,144.444,12128,-39,2412,5.884486,142.12704263402279,0
False,7,15,0,True,144.444,12128,-38,2412,5.8917910000000004,142.127287116176,0
False,7,15,0,True,144.444,640,-41,2412,5.9026000000000005,142.12753154673982,0
False,7,15,0,True,144.444,12128,-39,2412,5.913109,142.12777592573053,0
False,7,15,0,True,144.444,12128,-40,2412,5.91566,142.12802025316455,0
False,7,14,0,True,130.0,12128,-40,2412,5.926598,127.91583166332666,1
False,7,14,0,True,130.0,12128,-36,2412,5.93208,127.91605146593545,1
False,7,14,0,True,130.0,12128,-39,2412,5.9320960000000005,127.91627122218708,1
False,7,14,0,True,130.0,12128,-40,2412,6.1101,127.91649093209617,1
False,7,14,0,True,130.0,12128,-40,2412,6.111858000000001,127.91671059567739,1
False,7,14,0,True,130.0,12128,-40,2412,6.117395,127.91693021294539,1
False,7,15,0,True,144.444,12128,-39,2412,6.137948000000001,142.12972910298302,0
False,7,15,0,True,144.444,12128,-39,2412,6.1464360000000005,142.12997301854972,0
False,7,14,0,True,130.0,12128,-39,2412,6.156111,127.91758878701656,1
False,7,14,0,True,130.0,12128,-40,2412,6.164509000000001,127.91780821917808,1
False,7,14,0,True,130.0,12128,-41,2412,6.17018,127.91802760509957,1
False,7,14,0,True,130.0,12128,-39,2412,6.176986,127.91824694479561,1
False,7,15,0,True,144.444,12128,-39,2412,6.194394,142.13119182555567,0
False,7,15,0,True,144.444,12128,-39,2412,6.1944930000000005,142.13143543290496,0
False,7,14,0,True,130.0,12128,-39,2412,6.201039000000001,127.9189046866772,1
False,7,14,0,True,130.0,12128,-40,2412,6.2120750000000005,127.91912384161752,1
False,7,14,0,True,130.0,12128,-40,2412,6.220381000000001,127.9193429504054,1
False,7,14,0,True,130.0,12128,-39,2412,6.229513000000001,127.91956201305537,1
False,7,14,0,True,130.0,12128,-40,2412,6.232992,127.91978102958205,1
False,7,14,0,True,130.0,12128,-40,2412,6.2695870000000005,127.92,1
False,7,14,0,True,130.0,12128,-39,2412,6.275244000000001,127.92021892432375,1
False,7,14,0,True,130.0,12128,-39,2412,6.281511,127.92043780256789,1
False,7,14,0,True,130.0,12128,-41,2412,6.286076,127.92065663474692,1
False,7,14,0,True,130.0,12128,-39,2412,6.287567,127.92087542087542,1
False,7,14,0,True,130.0,12128,-39,2412,6.323454,127.92109416096791,1
False,7,14,0,True,130.0,12128,-39,2412,6.340013,127.92131285503892,1
False,7,14,0,True,130.0,12128,-40,2412,6.345983,127.92153150310297,1
False,7,14,0,True,130.0,12128,-39,2412,6.356482000000001,127.9217501051746,1
False,7,14,0,True,130.0,12128,-39,2412,6.3610430000000004,127.92196866126828,1
False,7,14,0,True,130.0,12128,-39,2412,6.366446000000001,127.92218717139853,1
False,7,15,0,True,144.444,12128,-39,2412,6.371910000000001,142.13556892019767,0
False,7,14,0,True,130.0,12128,-39,2412,6.3814470000000005,127.92262405382675,1
False,7,14,0,True,130.0,12128,-40,2412,6.387232,127.9228424261537,1
False,7,14,0,True,130.0,12128,-39,2412,6.393606,127.92306075257515,1
False,7,14,0,True,130.0,12128,-40,2412,6.399488000000001,127.92327903310563,1
False,7,14,0,True,130.0,12128,-39,2412,6.407583000000001,127.92349726775956,1
False,7,14,0,True,130.0,12128,-39,2412,6.418726,127.92371545655143,1
False,7,14,0,True,130.0,12128,-39,2412,6.424211000000001,127.92393359949568,1
False,7,14,0,True,130.0,12128,-39,2412,6.426894,127.92415169660678,1
False,7,14,0,True,130.0,12128,-39,2412,6.438173,127.92436974789916,1
False,7,14,0,True,130.0,12128,0,2412,6.448444,127.92458775338726,1
False,7,14,0,True,130.0,12128,-39,2412,6.448465000000001,127.92480571308549,1
False,7,14,0,True,130.0,12128,-39,2412,6.452005000000001,127.92502362700829,1
True,7,14,0,True,130.0,12128,-40,2412,6.462960000000001,127.91159176816463,1
False,7,15,0,True,144.444,12128,-39,2412,6.468557000000001,142.12379716535432,0
False,7,15,0,True,144.444,12128,-39,2412,6.471383,142.12404073063195,0
False,7,15,0,True,144.444,12128,-39,2412,6.477151,142.12428424477798,0
False,7,14,0,True,130.0,12128,-41,2412,6.490235,127.91246851385391,1
False,7,14,0,True,130.0,12128,-40,2412,6.497632,127.91268758526603,1
False,7,14,0,True,130.0,12128,-40,2412,6.502494,127.91290661070305,1
False,7,14,0,True,130.0,12128,-39,2412,6.510734,127.91312559017942,1
False,7,14,0,True,130.0,12128,-40,2412,6.516215000000001,127.91334452370961,1
False,7,14,0,True,130.0,12128,-41,2412,6.521917,127.91356341130809,1
False,7,14,0,True,130.0,12128,-40,2412,6.532028,127.9137822529893,1
False,7,14,0,True,130.0,12128,-40,2412,6.53333,127.9140010487677,1
False,7,14,0,True,130.0,12128,-40,2412,6.538643,127.91421979865773,1
False,7,14,0,True,130.0,12128,0,2412,6.5454740000000005,127.9144385026738,1
False,7,14,0,True,130.0,12128,-40,2412,6.546592,127.91465716083037,1
False,7,14,0,True,130.0,12128,0,2412,6.60113,127.91487577314184,1
False,7,14,0,True,130.0,12128,-40,2412,6.692454000000001,127.91509433962264,1
False,7,14,0,True,130.0,12128,-40,2412,6.729635,127.91531286028719,1
False,7,14,0,True,130.0,12128,-40,2412,6.785224,127.91553133514985,1
False,7,14,0,True,130.0,12128,-41,2412,6.8281540000000005,127.9157497642251,1
False,7,14,0,True,130.0,12128,-40,2412,6.852767,127.91596814752724,1
False,7,14,0,True,130.0,12128,-41,2412,6.9136940000000005,127.91618648507071,1
False,7,15,0,True,144.444,12128,-40,2412,6.979437,142.12890131992458,0
False,7,15,0,True,144.444,12128,-40,2412,6.999105,142.12914381481093,0
False,7,14,0,True,130.0,12128,-40,2412,7.030877,127.91684122329283,1
False,7,14,0,True,130.0,12128,-40,2412,7.061219,127.91705937794534,1
False,7,14,0,True,130.0,12128,-40,2412,7.072305,127.917277486911,1
False,7,14,0,True,130.0,12128,-40,2412,7.094431,127.91749555020418,1
False,7,14,0,True,130.0,12128,-40,2412,7.11653,127.91771356783919,1
False,7,14,0,True,130.0,12128,-41,2412,7.207331,127.91793153983042,1
False,7,14,0,True,130.0,12128,-40,2412,7.213872,127.91814946619218,1
False,7,14,0,True,130.0,12128,-41,2412,7.227541,127.91836734693877,1
False,7,14,0,True,130.0,12128,-40,2412,7.258967,127.91858518208456,1
False,7,14,0,True,130.0,12128,-40,2412,7.268597000000001,127.91880297164383,1
False,7,14,0,True,130.0,12128,-40,2412,7.285367,127.91902071563088,1
False,7,14,0,True,130.0,12128,-40,2412,7.292082000000001,127.91923841406006,1
False,7,14,0,True,130.0,12128,-40,2412,7.292184000000001,127.91945606694561,1
False,7,14,0,True,130.0,12128,-41,2412,7.2978130000000005,127.91967367430185,1
False,7,14,0,True,130.0,12128,-41,2412,7.3041100000000005,127.91989123614306,1
False,7,14,0,True,130.0,12128,-40,2412,7.319858,127.92010875248353,1
False,7,14,0,True,130.0,12128,-40,2412,7.345540000000001,127.92032622333751,1
False,7,14,0,True,130.0,12128,-40,2412,7.3498850000000004,127.92054364871929,1
False,7,14,0,True,130.0,12128,-40,2412,7.3588070000000005,127.92076102864311,1
False,7,15,0,True,144.444,12128,-40,2412,7.368119,142.13398306679207,0
False,7,15,0,True,144.444,12128,-41,2412,7.371633,142.13422449832774,0
False,7,15,0,True,144.444,12128,-40,2412,7.377115000000001,142.13446587940223,0
False,7,14,0,True,130.0,12128,-40,2412,7.39301,127.92163009404389,1
False,7,14,0,True,130.0,12128,-40,2412,7.399123,127.92184724689164,1
False,7,14,0,True,130.0,12128,-41,2412,7.404728,127.92206435436691,1
False,7,14,0,True,130.0,12128,-40,2412,7.409896000000001,127.92228141648386,1
False,7,14,0,True,130.0,12128,-40,2412,7.581123000000001,127.92249843325673,1
False,7,14,0,True,130.0,12128,-40,2412,7.586428000000001,127.92271540469974,1
True,7,14,0,True,130.0,12128,-40,2412,7.5875379999999994,127.9093567251462,1
False,7,14,0,True,130.0,12128,-40,2412,7.594057,127.90957502349379,1
False,7,14,0,True,130.0,12128,-41,2412,7.594076,127.9097932762581,1
False,7,14,0,True,130.0,12128,-40,2412,7.596964000000001,127.91001148345337,1
False,7,15,0,False,130.0,12128,-40,2412,7.602626,127.91022964509395,0
False,7,15,0,False,130.0,12128,-40,2412,7.6076690000000005,127.91044776119402,0
False,7,15,0,False,130.0,12128,-41,2412,7.61349,127.91066583176789,0
False,7,15,0,False,130.0,12128,-40,2412,7.623162,127.9108838568298,0
False,7,15,0,False,130.0,12128,-40,2412,7.629497,127.911101836394,0
False,7,15,0,False,130.0,12128,-40,2412,7.632135000000001,127.9113197704747,0
False,7,15,0,True,144.444,12128,-40,2412,7.642133,142.1234934279157,0
False,7,15,0,True,144.444,12128,-40,2412,7.651679000000001,142.12373547512254,0
False,7,15,0,False,130.0,12128,-40,2412,7.66219,127.91197329995828,0
False,7,15,0,False,130.0,12128,-40,2412,7.668111000000001,127.91219105224737,0
False,7,15,0,False,130.0,12128,-40,2412,7.678074,127.91240875912409,0
False,7,15,0,False,130.0,12128,-40,2412,7.684743,127.91262642060265,0
False,7,15,0,False,130.0,12128,-40,2412,7.689865,127.91284403669725,0
False,7,15,0,False,130.0,12128,-40,2412,7.692557,127.91306160742208,0
False,7,15,0,True,144.444,12128,-40,2412,7.6982360000000005,142.12542839274545,0
False,7,15,0,True,144.444,12128,-40,2412,7.704473000000001,142.12567003647732,0
False,7,15,0,True,144.444,12128,-41,2412,7.708115,142.12591162984575,0
False,7,15,0,True,144.444,12128,-40,2412,7.714726,142.1261531728665,0
False,7,15,0,True,144.444,12128,-41,2412,7.719756000000001,142.12639466555532,0
False,7,15,0,True,144.444,12128,-39,2412,7.730660000000001,142.12663610792788,0
False,7,15,0,True,144.444,12128,-40,2412,7.736133,142.1268775,0
False,7,15,0,True,144.444,12128,-40,2412,7.7473350000000005,142.1271188417873,0
False,7,15,0,True,144.444,12128,-40,2412,7.750058,142.12736013330556,0
False,7,15,0,True,144.444,12128,-40,2412,7.792938,142.12760137457045,0
False,7,15,0,True,144.444,12128,-40,2412,7.792998,142.12784256559766,0
False,7,15,0,True,144.444,12128,-40,2412,7.799691,142.1280837064029,0
False,7,15,0,True,144.444,12128,-40,2412,7.808477000000001,142.12832479700188,0
False,7,15,0,True,144.444,12128,-40,2412,7.814304000000001,142.1285658374102,0
False,7,15,0,True,144.444,12128,-40,2412,7.8218760000000005,142.12880682764361,0
False,7,15,0,True,144.444,12128,-41,2412,7.8336440000000005,142.12904776771776,0
False,7,15,0,True,144.444,12128,-40,2412,7.842167000000001,142.1292886576483,0
False,7,15,0,True,144.444,12128,-40,2412,7.850274,142.12952949745082,0
False,7,12,0,True,86.6667,12128,-40,2412,7.861408,85.27815736579277,3
False,7,12,0,True,86.6667,12128,-40,2412,7.872755000000001,85.2783018100489,3
False,7,12,0,True,86.6667,12128,-40,2412,7.897477000000001,85.2784462242563,3
False,7,15,0,True,144.444,12128,0,2412,7.899338000000001,142.13049235569423,0
False,7,14,0,True,130.0,12128,-40,2412,7.9061390000000005,127.91805324459234,1
False,7,14,0,True,130.0,12128,-40,2412,7.913927,127.91826973068524,1
False,7,14,0,True,130.0,12128,-40,2412,7.918335,127.91848617176129,1
True,7,14,0,True,130.0,12128,-40,2412,7.921377000000001,127.9051876494438,1
False,7,14,0,True,130.0,12128,-40,2412,7.927111000000001,127.9054054054054,1
False,7,14,0,True,130.0,12128,-40,2412,7.931961,127.90562311610019,1
False,7,14,0,True,130.0,12128,-40,2412,7.947605,127.9058407815423,1
False,7,14,0,True,130.0,12128,-40,2412,7.9488259999999995,127.90605840174581,1
False,7,14,0,True,130.0,12128,-40,2412,7.954948000000001,127.90627597672486,1
False,7,14,0,True,130.0,12128,-40,2412,7.960477,127.90649350649352,1
False,7,14,0,True,130.0,12128,-40,2412,7.967296,127.90671099106586,1
False,7,14,0,True,130.0,12128,-41,2412,7.980474,127.90692843045602,1
False,7,14,0,True,130.0,12128,-40,2412,7.987908,127.90714582467803,1
False,7,14,0,True,130.0,12128,-40,2412,7.9966990000000004,127.90736317374598,1
False,7,14,0,True,130.0,12128,-40,2412,8.00122,127.90758047767393,1
False,7,14,0,True,130.0,12128,-39,2412,8.007349999999999,127.90779773647596,1
False,7,12,0,True,86.6667,12128,-39,2412,8.022437,85.27204276370432,3
False,7,14,0,True,130.0,12128,-40,2412,8.038663999999999,127.90823211875843,1
False,7,14,0,True,130.0,12128,-39,2412,8.040085,127.90844924226698,1
False,7,14,0,True,130.0,12128,-40,2412,8.047713,127.90866632070576,1
False,7,14,0,True,130.0,12128,-40,2412,8.049467,127.90888335408883,1
False,7,11,0,True,57.7778,12128,-40,2412,8.095108,56.84851090588357,4
True,7,11,0,True,57.7778,12128,-39,2412,8.097539,56.84261253372069,4
False,7,11,0,True,57.7778,12128,-40,2412,8.097574,56.84270955493309,4
False,7,11,0,True,57.7778,12128,-40,2412,8.104349,56.84280655601659,4
False,7,11,0,True,57.7778,12128,-40,2412,8.108677,56.84290353697749,4
False,7,14,0,True,130.0,12128,-41,2412,8.117745,127.89670192906036,1
False,7,14,0,True,130.0,12128,-40,2412,8.126126999999999,127.89692004562895,1
False,7,14,0,True,130.0,12128,-39,2412,8.135261999999999,127.89713811696392,1
False,7,14,0,True,130.0,12128,-40,2412,8.139643999999999,127.8973561430793,1
False,7,14,0,True,130.0,12128,-40,2412,8.149096,127.89757412398923,1
False,7,14,0,True,130.0,12128,-40,2412,8.154594,127.89779205970768,1
False,7,14,0,True,130.0,12128,-40,2412,8.163929999999999,127.89800995024876,1
False,7,14,0,True,130.0,12128,-40,2412,8.168469,127.89822779562648,1
False,7,13,0,True,115.556,12128,-40,2412,8.17544,113.68794445595854,2
False,7,13,0,True,115.556,12128,-40,2412,8.18562,113.68813801678583,2
False,7,15,0,True,144.444,12128,-40,2412,8.193672999999999,142.10943058433486,0
False,7,15,0,True,144.444,12128,-39,2412,8.204730999999999,142.10967243344035,0
False,7,15,0,True,144.444,12128,-39,2412,8.214414999999999,142.1099142324425,0
False,7,15,0,True,144.444,12128,-40,2412,8.220806,142.1101559813568,0
False,7,15,0,True,144.444,12128,-40,2412,8.224,142.11039768019882,0
False,7,15,0,True,144.444,12128,-40,2412,8.235007999999999,142.11063932898415,0
False,7,13,0,True,115.556,12128,-40,2412,8.243113,113.68949182025264,2
False,7,13,0,True,115.556,12128,-40,2412,8.246963,113.68968506056527,2
False,7,13,0,True,115.556,12128,-40,2412,8.252619,113.68987826086956,2
False,7,13,0,True,115.556,12128,-41,2412,8.262075999999999,113.69007142117792,2
False,7,13,0,True,115.556,12128,-40,2412,8.263347,113.69026454150278,2
True,7,13,0,True,115.556,12128,-39,2412,8.268170999999999,113.67849901686846,2
False,7,13,0,True,115.556,12128,-39,2412,8.271999,113.67869329470199,2
False,7,13,0,True,115.556,12128,-40,2412,8.275625999999999,113.67888753233316,2
False,7,13,0,True,115.556,12128,-41,2412,8.289276,113.67908172977447,2
False,7,15,0,True,144.444,12128,-39,2412,8.294234999999999,142.09811109961723,0
False,7,15,0,True,144.444,12128,-40,2412,8.299036,142.0983537443111,0
False,7,15,0,True,144.444,12128,-40,2412,8.305698999999999,142.09859633881476,0
False,7,15,0,True,144.444,12128,-40,2412,8.3164,142.09883888314374,0
False,7,13,0,True,115.556,12128,-41,2412,8.319263,113.68005211456934,2
False,7,13,0,True,115.556,12128,-40,2412,8.32453,113.68024607113317,2
False,7,13,0,True,115.556,12128,-40,2412,8.330255,113.68043998759433,2
False,7,13,0,True,115.556,12128,-41,2412,8.338478,113.68063386396526,2
False,7,13,0,True,115.556,12128,-40,2412,8.346693,113.68082770025839,2
False,7,13,0,True,115.556,12128,-41,2412,8.352231,113.68102149648615,2
False,7,13,0,True,115.556,12128,-40,2412,8.354878999999999,113.68121525266095,2
False,7,13,0,True,115.556,12128,-40,2412,8.387043,113.68140896879521,2
False,7,13,0,True,115.556,12128,-39,2412,8.389873,113.68160264490133,2
False,7,13,0,True,115.556,12128,-39,2412,8.397705,113.68179628099173,2
False,7,13,0,True,115.556,12128,-39,2412,8.412080999999999,113.6819898770788,2
False,7,13,0,True,115.556,12128,-40,2412,8.424468,113.68218343317497,2
False,7,15,0,True,144.444,12128,-41,2412,8.430247,142.10198740059897,0
False,7,15,0,True,144.444,12128,-40,2412,8.433473,142.102229244114,0
False,7,13,0,True,115.556,12128,0,2412,8.44383,113.6827638616417,2
False,7,13,0,True,115.556,12128,-39,2412,8.443847,113.682957257898,2
False,7,13,0,True,115.556,12128,-40,2412,8.450393,113.68315061422524,2
False,7,13,0,True,115.556,12128,-41,2412,8.452442999999999,113.68334393063583,2
False,7,13,0,True,115.556,12128,-40,2412,8.457899999999999,113.68353720714212,2
False,7,13,0,True,115.556,12128,-39,2412,8.463434,113.68373044375645,2
False,7,13,0,True,115.556,12128,-41,2412,8.469061,113.68392364049117,2
False,7,13,0,True,115.556,12128,-39,2412,8.469085,113.68411679735866,2
False,7,13,0,True,115.556,12128,-41,2412,8.474352999999999,113.6843099143712,2
False,7,13,0,True,115.556,12128,-39,2412,8.504558,113.68450299154115,2
False,7,15,0,True,144.444,12128,-39,2412,8.512725,142.10488623001547,0
False,7,15,0,True,144.444,12128,-40,2412,8.515386999999999,142.1051274752475,0
False,7,15,0,True,144.444,12128,-39,2412,8.522782,142.1053686707229,0
False,7,15,0,True,144.444,12128,-40,2412,8.526240999999999,142.105609816457,0
False,7,15,0,True,144.444,12128,-39,2412,8.530676999999999,142.1058509124652,0
False,7,13,0,True,115.556,12128,-39,2412,8.539829,113.6856606185567,2
False,7,13,0,True,115.556,12128,-39,2412,8.547991,113.68585341717348,2
False,7,13,0,True,115.556,12128,-40,2412,8.553424,113.68604617604618,2
False,7,13,0,True,115.556,12128,-41,2412,8.792746,113.68623889518706,2
False,7,13,0,True,115.556,12128,-39,2412,8.860477,113.6864315746084,2
False,7,13,0,True,115.556,12128,-40,2412,9.070839999999999,113.68662421432252,2
False,7,13,0,True,115.556,12128,-40,2412,9.090803999999999,113.68681681434164,2
False,7,13,0,True,115.556,12128,-40,2412,9.10724,113.68700937467807,2
False,7,13,0,True,115.556,12128,-40,2412,9.167159999999999,113.68720189534403,2
False,7,13,0,True,115.556,12128,-40,2412,9.233101,113.68739437635183,2
False,7,13,0,True,115.556,12128,-40,2412,9.295404,113.6875868177137,2
False,7,13,0,True,115.556,12128,-39,2412,9.322503,113.68777921944186,2
False,7,13,0,True,115.556,12128,-40,2412,9.344646,113.6879715815486,2
False,7,13,0,True,115.556,12128,-40,2412,9.375466,113.68816390404612,2
False,7,13,0,True,115.556,12128,-40,2412,9.389503999999999,113.68835618694668,2
False,7,13,0,True,115.556,12128,-41,2412,9.437225999999999,113.68854843026249,2
False,7,13,0,True,115.556,12128,-40,2412,9.469968,113.68874063400575,2
False,7,13,0,True,115.556,12128,-40,2412,9.474381,113.68893279818874,2
False,7,13,0,True,115.556,12128,-40,2412,9.479657999999999,113.68912492282362,2
False,7,13,0,True,115.556,12128,-40,2412,9.47969,113.68931700792261,2
False,7,13,0,True,115.556,12128,-40,2412,9.488985,113.68950905349794,2
False,7,13,0,True,115.556,12128,-40,2412,9.500302,113.68970105956177,2
False,7,13,0,True,115.556,12128,-40,2412,9.503572,113.68989302612631,2
False,7,13,0,True,115.556,12128,-40,2412,9.510454,113.69008495320374,2
False,7,13,0,True,115.556,12128,0,2412,9.515889999999999,113.69027684080625,2
False,7,13,0,True,115.556,12128,-39,2412,9.515908999999999,113.69046868894601,2
False,7,13,0,True,115.556,12128,-40,2412,9.52111,113.6906604976352,2
False,7,13,0,True,115.556,12128,-39,2412,9.525513,113.69085226688598,2
False,7,15,0,True,144.444,12128,-39,2412,9.533092,142.11282113486843,0
False,7,15,0,True,144.444,12128,-40,2412,9.538483999999999,142.11306074622263,0
False,7,13,0,True,115.556,12128,-40,2412,9.544388999999999,113.69142733812949,2
False,7,13,0,True,115.556,12128,-40,2412,9.549952,113.69161894974822,2
False,7,13,0,True,115.556,12128,-40,2412,9.555674,113.69181052198931,2
False,7,15,0,True,144.444,12128,-40,2412,9.585955,142.11401869927053,0
False,7,15,0,True,144.444,12128,-40,2412,9.596255999999999,142.11425806451612,0
False,7,13,0,True,115.556,12128,-40,2412,9.602765,113.69238500256805,2
False,7,13,0,True,115.556,12128,-40,2412,9.603928,113.69257641741989,2
False,7,13,0,True,115.556,12128,-40,2412,9.609226,113.69276779295471,2
False,7,13,0,True,115.556,12128,-40,2412,9.615559,113.69295912918463,2
False,7,13,0,True,115.556,12128,-40,2412,9.618421999999999,113.69315042612178,2
False,7,13,0,True,115.556,12128,-40,2412,9.628181999999999,113.69334168377823,2
False,7,15,0,True,144.444,12128,-40,2412,9.633377999999999,142.11593224514937,0
False,7,13,0,True,115.556,12128,-40,2412,9.642823,113.69372408129747,2
False,7,13,0,True,115.556,12128,-40,2412,9.642927,113.69391522118444,2
False,7,15,0,True,144.444,12128,-40,2412,9.652723,142.11664901477832,0
False,7,14,0,False,117.0,12128,-40,2412,9.658957,115.11503335043612,1
False,7,14,0,False,117.0,12128,-40,2412,9.660722,115.11522675969628,1
False,7,14,0,False,117.0,12128,-40,2412,9.66339,115.11542012927055,1
False,7,14,0,False,117.0,12128,-40,2412,9.67333,115.1156134591711,1
False,7,14,0,False,117.0,12128,-40,2412,9.678579,115.1158067494102,1
False,7,15,0,True,144.444,12128,-40,2412,9.683955,142.11808123076923,0
False,7,15,0,True,144.444,12128,-40,2412,9.686672,142.11831976207566,0
False,7,14,0,False,117.0,12128,-40,2412,9.693261,115.11638638228057,1
False,7,14,0,False,117.0,12128,0,2412,9.698737999999999,115.1165795139957,1
False,7,14,0,False,117.0,12128,-40,2412,9.698758,115.11677260611032,1
False,7,14,0,False,117.0,12128,-40,2412,9.704343999999999,115.1169656586366,1
False,7,14,0,False,117.0,12128,-40,2412,9.713220999999999,115.11715867158672,1
False,7,14,0,True,130.0,12128,-40,2412,9.719197,127.90816849441427,1
False,7,14,0,True,130.0,12128,-40,2412,9.72181,127.90838286534125,1
False,7,15,0,True,144.444,12128,-40,2412,9.726813,142.1202262526898,0
False,7,15,0,True,144.444,12128,-39,2412,9.732341,142.1204643442623,0
False,7,15,0,True,144.444,12128,-39,2412,9.732374,142.1207023870505,0
False,7,14,0,True,130.0,12128,-40,2412,9.75245,127.90923990985453,1
False,7,14,0,True,130.0,12128,-40,2412,9.753802,127.90945406125167,1
False,7,14,0,True,130.0,12128,-40,2412,9.759597,127.90966816878328,1
False,7,14,0,True,130.0,12128,-40,2412,9.768823999999999,127.90988223246288,1
False,7,14,0,True,130.0,12128,-40,2412,9.778459999999999,127.9100962523039,1
False,7,14,0,True,130.0,12128,-41,2412,9.781122,127.91031022831984,1
False,7,14,0,True,130.0,12128,-40,2412,9.788356,127.91052416052416,1
False,7,14,0,True,130.0,12128,-40,2412,9.79464,127.91073804893028,1
False,7,14,0,True,130.0,12128,-40,2412,9.800189,127.9109518935517,1
False,7,14,0,True,130.0,12128,-40,2412,9.807055,127.9111656944018,1
False,7,14,0,True,130.0,12128,-40,2412,9.807084,127.91137945149406,1
False,7,14,0,True,130.0,12128,-40,2412,9.8111,127.91159316484192,1
True,7,14,0,True,130.0,12128,-40,2412,9.812588,127.89850624104768,1
True,7,14,0,True,130.0,12128,-40,2412,9.812622,127.88542199488491,1
False,7,15,0,True,144.444,12128,-40,2412,9.830274,142.09471644844515,0
False,7,15,0,True,144.444,12128,-40,2412,9.837736,142.0949567351948,0
False,7,15,0,True,144.444,12128,-40,2412,9.837764,142.09519697279606,0
False,7,15,0,True,144.444,12128,-40,2412,9.844978,142.09543716126393,0
False,7,15,0,True,144.444,12128,-40,2412,9.850446,142.0956773006135,0
False,7,14,0,True,130.0,12128,-40,2412,9.854707999999999,127.88671914937122,1
False,7,14,0,True,130.0,12128,-40,2412,9.889914,127.88693518707831,1
False,7,14,0,True,130.0,12128,-40,2412,9.896106,127.88715118061944,1
False,7,14,0,True,130.0,12128,0,2412,9.903964,127.88736713000819,1
False,7,14,0,True,130.0,12128,-40,2412,9.903996,127.88758303525805,1
False,7,15,0,True,144.444,12128,-40,2412,9.908582,142.09711710606987,0
False,7,15,0,True,144.444,12128,-41,2412,9.913183,142.09735690201288,0
False,7,12,0,False,78.0,12128,-41,2412,9.924631,76.73293829178586,3
False,7,15,0,True,144.444,12128,-40,2412,9.932215999999999,142.09783634692,0
False,7,14,0,False,117.0,12128,-40,2412,9.946945999999999,115.09979570990808,1
True,7,14,0,False,117.0,12128,-40,2412,9.94868,115.08804003676846,1
True,7,14,0,False,117.0,12128,-41,2412,9.954476999999999,115.07628676470588,1
False,7,14,0,False,117.0,12128,-40,2412,9.95483,115.07648320228735,1
False,7,14,0,False,117.0,12128,-40,2412,9.961409999999999,115.07667959975495,1
False,7,14,0,False,117.0,12128,-41,2412,9.966562999999999,115.07687595712098,1
True,7,14,0,False,117.0,12128,-41,2412,9.970908,115.06512862392813,1
False,7,14,0,False,117.0,12128,-40,2412,9.976954,115.06532612024088,1
False,7,14,0,False,117.0,12128,-40,2412,9.982925999999999,115.06552357624004,1
False,7,14,0,False,117.0,12128,-40,2412,9.985584999999999,115.06572099193795,1
False,7,15,0,True,144.444,12128,-40,2412,9.993063999999999,142.05625224489796,0
True,7,15,0,True,144.444,12128,-40,2412,9.995951,142.04175818794,0
False,7,14,0,False,117.0,12128,-40,2412,10.002357,115.05437665782493,1
False,7,14,0,False,117.0,12128,-40,2412,10.005493999999999,115.05457513006222,1
False,7,14,0,False,117.0,12128,-41,2412,10.010800999999999,115.05477356181152,1
False,7,13,0,False,104.0,12128,-40,2412,10.013808,102.27108618052014,2
False,7,13,0,False,104.0,12128,-40,2412,10.019181999999999,102.27126249235161,2
False,7,13,0,False,104.0,12128,-40,2412,10.028494,102.27143876822677,2
False,7,13,0,False,104.0,12128,-41,2412,10.040553,102.2716150081566,2
False,7,13,0,False,104.0,12128,-40,2412,10.063500999999999,102.27179121215211,2
False,7,13,0,False,104.0,12128,-40,2412,10.068178,102.27196738022425,2
False,7,13,0,False,104.0,12128,-40,2412,10.068211,102.27214351238406,2
False,7,13,0,False,104.0,12128,-40,2412,10.073585999999999,102.27231960864248,2
False,7,13,0,False,104.0,12128,-40,2412,10.084441,102.2724956690105,2
False,7,13,0,False,104.0,12128,-40,2412,10.102651,102.27267169349908,2
True,7,13,0,False,104.0,12128,-40,2412,10.102682999999999,102.26225165562914,2
False,7,13,0,False,104.0,12128,-40,2412,10.109444,102.26242868785656,2
False,7,13,0,False,104.0,12128,-40,2412,10.118882,102.26260568401752,2
False,7,13,0,False,104.0,12128,-40,2412,10.118986,102.26278264412305,2
False,7,15,0,True,144.444,12128,-40,2412,10.135945,142.03145126794988,0
False,7,15,0,True,144.444,12128,-40,2412,10.141760999999999,142.03169694501017,0
False,7,13,0,False,104.0,12128,-40,2412,10.146728999999999,102.26331330821709,2
False,7,13,0,False,104.0,12128,-40,2412,10.156341999999999,102.26349012421096,2
False,7,13,0,False,104.0,12128,-40,2412,10.187303,102.26366690420441,2
False,7,13,0,False,104.0,12128,-40,2412,10.19566,102.26384364820848,2
False,7,13,0,True,115.556,12128,-40,2412,10.201168,113.62712631043257,2
False,7,13,0,True,115.556,12128,-41,2412,10.206959,113.62732261347445,2
False,7,13,0,True,115.556,12128,-41,2412,10.212366999999999,113.62751887656457,2
False,7,15,0,True,144.444,12128,-40,2412,10.224395,142.03366056166055,0
False,7,15,0,True,144.444,12128,-41,2412,10.2358,142.03390578899175,0
False,7,15,0,True,144.444,12128,-41,2412,10.241731,142.03415096642928,0
False,7,15,0,True,144.444,12128,-40,2412,10.244156,142.0343960939884,0
False,7,15,0,True,144.444,12128,-41,2412,10.251448,142.03464117168429,0
False,7,15,0,True,144.444,12128,-41,2412,10.258510999999999,142.03488619953217,0
False,7,13,0,True,115.556,12128,-40,2412,10.267762,113.62889160056946,2
False,7,13,0,True,115.556,12128,-41,2412,10.276574,113.62908754448398,2
False,7,13,0,True,115.556,12128,-41,2412,10.279838999999999,113.62928344855632,2
False,7,13,0,True,115.556,12128,-41,2412,10.288164,113.62947931279861,2
False,7,13,0,True,115.556,12128,-41,2412,10.288193,113.629675137223,2
False,7,15,0,True,144.444,12128,-40,2412,10.295406,142.03635532066266,0
False,7,15,0,True,144.444,12128,-41,2412,10.298003,142.0366,0
False,7,13,0,True,115.556,12128,-41,2412,10.303623,113.63026237171019,2
False,7,13,0,True,115.556,12128,-41,2412,10.312871,113.63045803698435,2
False,7,13,0,True,115.556,12128,-41,2412,10.314036,113.63065366250127,2
False,7,13,0,True,115.556,12128,-40,2412,10.322227999999999,113.63084924827305,2
False,7,13,0,True,115.556,12128,-41,2412,10.322262,113.63104479431183,2
False,7,13,0,True,115.556,12128,-41,2412,10.326654999999999,113.6312403006297,2
False,7,13,0,True,115.556,12128,-41,2412,10.338144999999999,113.63143576723876,2
False,7,13,0,True,115.556,12128,-41,2412,10.344425999999999,113.6316311941511,2
False,7,13,0,True,115.556,12128,-39,2412,10.504776,113.63182658137882,2
False,7,15,0,True,144.444,12128,-40,2412,10.510914,142.0390440609137,0
False,7,13,0,True,115.556,12128,-40,2412,10.516432,113.63221723682875,2
False,7,13,0,True,115.556,12128,-40,2412,10.519131999999999,113.63241250507511,2
False,7,13,0,True,115.556,12128,-40,2412,10.521849,113.63260773368518,2
False,7,13,0,True,115.556,12128,-40,2412,10.54393,113.632802922671,2
False,7,13,0,True,115.556,12128,-40,2412,10.554934999999999,113.63299807204464,2
False,7,13,0,True,115.556,12128,-40,2412,10.591019999999999,113.63319318181819,2
False,7,13,0,True,115.556,12128,-40,2412,10.601215,113.63338825200364,2
False,7,13,0,True,115.556,12128,-40,2412,10.609658999999999,113.6335832826131,2
False,7,13,0,True,115.556,12128,-41,2412,10.635100999999999,113.63377827365859,2
False,7,15,0,True,144.444,12128,-40,2412,10.651817999999999,142.0414831643002,0
True,7,15,0,True,144.444,12128,-40,2412,10.651831999999999,142.02707879525403,0
True,7,15,0,True,144.444,12128,-40,2412,10.651843999999999,142.01267734739403,0
False,7,13,0,True,115.556,12128,-40,2412,10.707338,113.6111256210078,2
False,7,13,0,True,115.556,12128,-41,2412,10.726215999999999,113.61132278994323,2
True,7,15,0,True,144.444,12128,-39,2412,10.740596,141.9987746578814,0
False,7,13,0,True,115.556,12128,-39,2412,10.804625999999999,113.6000044597608,2
False,7,13,0,True,115.556,12128,-39,2412,10.807599999999999,113.60020269585488,2
False,7,13,0,True,115.556,12128,-39,2412,10.822991,113.60040089177137,2
False,7,13,0,True,115.556,12128,-39,2412,10.827672,113.60059904752254,2
False,7,13,0,True,115.556,12128,-39,2412,10.856406999999999,113.60079716312056,2
False,7,13,0,True,115.556,12128,-39,2412,10.913451,113.60099523857765,2
False,7,13,0,True,115.556,12128,-40,2412,10.944377999999999,113.60119327390599,2
False,7,13,0,True,115.556,12128,-39,2412,10.957744,113.6013912691178,2
False,7,13,0,True,115.556,12128,-40,2412,11.13326,113.60158922422524,2
False,7,13,0,True,115.556,12128,-40,2412,11.22001,113.6017871392405,2
False,7,13,0,True,115.556,12128,-40,2412,11.250948,113.60198501417578,2
False,7,13,0,True,115.556,12128,-40,2412,11.315422,113.60218284904323,2
False,7,13,0,True,115.556,12128,-40,2412,11.337473,113.60238064385503,2
False,7,13,0,True,115.556,12128,-40,2412,11.342272999999999,113.60257839862334,2
False,7,13,0,True,115.556,12128,-40,2412,11.348621999999999,113.60277611336032,2
False,7,13,0,True,115.556,12128,0,2412,11.349352999999999,113.60297378807813,2
False,7,13,0,True,115.556,12128,-40,2412,11.352051999999999,113.6031714227889,2
False,7,11,0,True,57.7778,12128,-40,2412,11.386486999999999,56.801487888293025,4
False,7,11,0,True,57.7778,12128,-40,2412,11.3925,56.801586665317686,4
False,7,11,0,True,57.7778,12128,-40,2412,11.399747999999999,56.80168542235711,4
False,7,13,0,True,115.556,12128,-40,2412,11.403589,113.60396156180457,2
False,7,13,0,True,115.556,12128,-40,2412,11.417546,113.60415899666228,2
False,7,13,0,True,115.556,12128,-40,2412,11.429412,113.60435639158575,2
False,7,13,0,True,115.556,12128,-39,2412,11.433214,113.60455374658711,2
False,7,13,0,True,115.556,12128,-40,2412,11.433228,113.60475106167846,2
False,7,13,0,True,115.556,12128,-40,2412,11.439342,113.6049483368719,2
False,7,13,0,True,115.556,12128,-40,2412,11.446273999999999,113.60514557217954,2
False,7,13,0,True,115.556,12128,-40,2412,11.446712,113.60534276761346,2
False,7,13,0,True,115.556,12128,0,2412,11.452352,113.60553992318576,2
False,7,13,0,True,115.556,12128,-40,2412,11.453451,113.60573703890854,2
False,7,13,0,True,115.556,12128,-40,2412,11.458957999999999,113.60593411479385,2
False,7,13,0,True,115.556,12128,-40,2412,11.461694,113.6061311508538,2
False,7,15,0,True,144.444,12128,-40,2412,11.473359,142.0069270559709,0
False,7,15,0,True,144.444,12128,0,2412,11.480583999999999,142.0071732498232,0
False,7,15,0,True,144.444,12128,-39,2412,11.480602,142.0074193939394,0
False,7,13,0,True,115.556,12128,-39,2412,11.507522,113.6069188970811,2
False,7,13,0,True,115.556,12128,-41,2412,11.51062,113.60711573419512,2
False,7,13,0,True,115.556,12128,-40,2412,11.519281999999999,113.60731253155609,2
False,7,15,0,True,144.444,12128,-39,2412,11.530021999999999,142.0084034733441,0
False,7,15,0,True,144.444,12128,-40,2412,11.536639,142.00864936900552,0
False,7,15,0,True,144.444,12128,-40,2412,11.537296,142.0088952150212,0
False,7,13,0,True,115.556,12128,-40,2412,11.539738999999999,113.6080993237105,2
False,7,13,0,True,115.556,12128,-40,2412,11.550619,113.60829592248687,2
False,7,13,0,True,115.556,12128,0,2412,11.566321,113.60849248158239,2
False,7,13,0,True,115.556,12128,-40,2412,11.566341,113.60868900100908,2
False,7,13,0,True,115.556,12128,-40,2412,11.568634999999999,113.60888548077892,2
False,7,13,0,True,115.556,12128,-40,2412,11.574957999999999,113.60908192090396,2
False,7,13,0,True,115.556,12128,-41,2412,11.579507999999999,113.60927832139613,2
False,7,13,0,True,115.556,12128,-39,2412,11.585816,113.6094746822675,2
False,7,13,0,True,115.556,12128,-39,2412,11.600175,113.60967100353,2
False,7,13,0,True,115.556,12128,-39,2412,11.608817,113.60986728519563,2
False,7,13,0,True,115.556,12128,0,2412,11.613629999999999,113.6100635272764,2
False,7,13,0,True,115.556,12128,-39,2412,11.613648999999999,113.61025972978423,2
False,7,13,0,True,115.556,12128,-40,2412,11.619617,113.61045589273111,2
False,7,13,0,True,115.556,12128,-40,2412,11.624963,113.61065201612902,2
False,7,13,0,True,115.556,12128,-40,2412,11.630654,113.61084809998992,2
False,7,13,0,True,115.556,12128,-40,2412,11.635912,113.61104414432573,2
False,7,13,0,True,115.556,12128,-39,2412,11.638912999999999,113.61124014914844,2
False,7,13,0,True,115.556,12128,0,2412,11.645306999999999,113.61143611446998,2
False,7,13,0,True,115.556,12128,-39,2412,11.645321,113.61163204030227,2
False,7,13,0,True,115.556,12128,-39,2412,11.648568,113.61182792665726,2
False,7,13,0,True,115.556,12128,-39,2412,11.654988999999999,113.6120237735469,2
False,7,15,0,True,144.444,12128,-39,2412,11.690482999999999,142.01429129734083,0
False,7,15,0,True,144.444,12128,-39,2412,11.698654,142.01453600564002,0
False,7,15,0,True,144.444,12128,-40,2412,11.703914,142.01478066465256,0
False,7,15,0,True,144.444,12128,-40,2412,11.710723999999999,142.0150252743933,0
False,7,15,0,True,144.444,12128,-39,2412,11.717692,142.01526983487716,0
False,7,15,0,True,144.444,12128,-40,2412,11.723248,142.01551434611898,0
False,7,14,0,False,117.0,12128,-40,2412,11.739317,115.03311858264546,1
False,7,15,0,True,144.444,12128,-40,2412,11.740530999999999,142.01600322093608,0
False,7,15,0,True,144.444,12128,-40,2412,11.743262,142.01624758454105,0
False,7,15,0,True,144.444,12128,-40,2412,11.747594999999999,142.01649189896347,0
False,7,14,0,False,117.0,12128,-39,2412,11.753174,115.03391024350977,1
False,7,15,0,True,144.444,12128,-40,2412,11.763437,142.01698038031992,0
False,7,15,0,True,144.444,12128,-39,2412,11.768967,142.0172245472837,0
False,7,15,0,True,144.444,12128,-40,2412,11.771823,142.01746866512423,0
False,7,15,0,True,144.444,12128,-40,2412,11.776705,142.01771273385637,0
False,7,15,0,True,144.444,12128,-40,2412,11.782416,142.0179567534949,0
False,7,15,0,True,144.444,12128,-40,2412,11.788924,142.0182007240547,0
True,7,15,0,True,144.444,12128,-39,2412,11.78961,142.00392036199094,0
True,7,15,0,True,144.444,12128,-40,2412,11.795373999999999,141.98964287150613,0
False,7,15,0,True,144.444,12128,-39,2412,11.796517999999999,141.98988961495928,0
False,7,15,0,True,144.444,12128,-40,2412,11.799659,141.99013630880577,0
False,7,15,0,True,144.444,12128,-40,2412,11.805223,141.99038295306062,0
False,7,14,0,False,117.0,12128,-40,2412,11.812075,115.01276381909547,1
False,7,12,0,False,78.0,12128,-39,2412,11.992757,76.67530901416943,3
False,7,12,0,False,78.0,12128,-40,2412,11.999509999999999,76.6754421221865,3
False,7,14,0,True,130.0,12128,-40,2412,12.00338,127.79262533909375,1
False,7,14,0,True,130.0,12128,-40,2412,12.011275,127.79284709664456,1
False,7,14,0,True,130.0,12128,-40,2412,12.012181,127.79306880964339,1
False,7,14,0,True,130.0,12128,-41,2412,12.021446,127.79329047810366,1
True,7,14,0,True,130.0,12128,-40,2412,12.02976,127.78045596063072,1
False,7,14,0,True,130.0,12128,-41,2412,12.038105,127.78067885117494,1
False,7,15,0,True,144.444,12128,-40,2412,12.048808,141.97834280550256,0
False,7,15,0,True,144.444,12128,-41,2412,12.049520999999999,141.97859036144578,0
False,7,15,0,True,144.444,12128,-40,2412,12.053165,141.97883786768395,0
False,7,15,0,True,144.444,12128,-41,2412,12.057955999999999,141.97908532423207,0
False,7,12,0,False,78.0,12128,-41,2412,12.070133,76.66907557964468,3
False,7,12,0,False,78.0,12128,-41,2412,12.076481,76.66920915295061,3
False,7,14,0,True,130.0,12128,-41,2412,12.090676,127.78223783241344,1
False,7,14,0,True,130.0,12128,-41,2412,12.103803,127.78246036524182,1
False,7,14,0,True,130.0,12128,-41,2412,12.110166,127.78268285341628,1
False,7,14,0,True,130.0,12128,-41,2412,12.116169,127.78290529695025,1
False,7,14,0,False,117.0,12128,-41,2412,12.122724999999999,115.00481492627145,1
False,7,15,0,False,130.0,12128,-41,2412,12.126467,127.78335005015046,0
False,7,15,0,False,130.0,12128,-41,2412,12.135746,127.78357235984356,0
False,7,14,0,False,117.0,12128,-40,2412,12.139455,115.00541516245488,1
False,7,14,0,False,117.0,12128,-41,2412,12.145558999999999,115.00561516093452,1
False,7,14,0,False,117.0,12128,-40,2412,12.153635,115.00581511931021,1
False,7,14,0,False,117.0,12128,-41,2412,12.158085,115.00601503759398,1
False,7,14,0,False,117.0,12128,0,2412,12.163017,115.00621491579791,1
False,7,14,0,False,117.0,12128,-41,2412,12.16303,115.00641475393405,1
False,7,15,0,False,130.0,12128,-41,2412,12.169683,127.78512728001603,0
False,7,15,0,False,130.0,12128,-41,2412,12.180596,127.78534923339012,0
False,7,15,0,False,130.0,12128,-41,2412,12.187014999999999,127.78557114228457,0
False,7,15,0,False,130.0,12128,-40,2412,12.196771,127.78579300671275,0
False,7,14,0,True,130.0,12128,-40,2412,12.205254,127.78601482668803,1
False,7,14,0,True,130.0,12128,-40,2412,12.210787999999999,127.78623660222378,1
False,7,14,0,True,130.0,12128,-40,2412,12.21082,127.78645833333333,1
False,7,14,0,True,130.0,12128,-40,2412,12.216838,127.78668002003003,1
False,7,14,0,True,130.0,12128,-40,2412,12.221304,127.78690166232725,1
False,7,14,0,True,130.0,12128,-40,2412,12.235783999999999,127.7871232602383,1
False,7,14,0,True,130.0,12128,-40,2412,12.242237,127.78734481377653,1
False,7,14,0,True,130.0,12128,-40,2412,12.298300999999999,127.78756632295524,1
False,7,14,0,True,130.0,12128,-41,2412,12.302553999999999,127.78778778778779,1
False,7,14,0,True,130.0,12128,-40,2412,12.30473,127.78800920828746,1
False,7,15,0,True,144.444,12128,-41,2412,12.311599999999999,141.986485988791,0
False,7,15,0,True,144.444,12128,-40,2412,12.318339,141.98673191233863,0
False,7,14,0,True,130.0,12128,-40,2412,12.324745,127.78867320392236,1
False,7,14,0,True,130.0,12128,-41,2412,12.335745,127.78889444722361,1
False,7,14,0,True,130.0,12128,-40,2412,12.346487,127.7891156462585,1
False,7,14,0,True,130.0,12128,-40,2412,12.357396,127.78933680104032,1
False,7,14,0,True,130.0,12128,-40,2412,12.361084,127.7895579115823,1
False,7,14,0,True,130.0,12128,-40,2412,12.365355,127.78977897789778,1
False,7,15,0,True,144.444,12128,-40,2412,12.371027,141.988452,0
False,7,15,0,False,130.0,12128,-41,2412,12.373184,127.79022097790221,0
False,7,15,0,False,130.0,12128,-41,2412,12.378525,127.79044191161766,0
False,7,15,0,False,130.0,12128,-40,2412,12.38917,127.79066280115966,0
False,7,15,0,False,130.0,12128,-40,2412,12.393279,127.79088364654137,0
False,7,15,0,False,130.0,12128,-39,2412,12.396834,127.7911044477761,0
False,7,15,0,False,130.0,12128,-40,2412,12.40235,127.79132520487708,0
False,7,15,0,False,130.0,12128,-40,2412,12.405043,127.7915459178575,0
False,7,15,0,True,144.444,12128,-39,2412,12.421007999999999,141.99041486810552,0
False,7,15,0,False,130.0,12128,-41,2412,12.437417,127.79198721150965,0
False,7,15,0,False,130.0,12128,-40,2412,12.442183,127.79220779220779,0
False,7,15,0,False,130.0,12128,-39,2412,12.449591,127.79242832883827,0
False,7,15,0,False,130.0,12128,-39,2412,12.45215,127.7926488214143,0
False,7,15,0,False,130.0,12128,-40,2412,12.454556,127.79286926994907,0
False,7,15,0,False,130.0,12128,-39,2412,12.460371,127.79308967445576,0
False,7,15,0,False,130.0,12128,-39,2412,12.461632999999999,127.79331003494758,0
False,7,15,0,False,130.0,12128,-40,2412,12.465152999999999,127.7935303514377,0
False,7,15,0,False,130.0,12128,-39,2412,12.48237,127.7937506239393,0
False,7,15,0,False,130.0,12128,-40,2412,12.495147999999999,127.79397085246555,0
False,7,15,0,True,144.444,12128,-40,2412,12.550011999999999,141.99310869348238,0
False,7,15,0,True,144.444,12128,-39,2412,12.596407,141.99335329341315,0
False,7,15,0,True,144.444,12128,-39,2412,12.662737,141.99359784452648,0
False,7,15,0,True,144.444,544,-41,2412,12.737846,141.99384234683694,0
False,7,12,0,False,78.0,12128,-39,2412,12.801259,76.67704280155641,3
False,7,15,0,False,130.0,12128,-40,2412,12.806723,127.79529130087789,0
False,7,15,0,False,130.0,872,-40,2412,12.830938999999999,127.79551122194515,0
False,7,15,0,False,130.0,12128,-40,2412,12.901295,127.79573109914223,0
False,7,15,0,True,144.444,12128,-39,2412,12.924711,141.99506412685747,0
False,7,15,0,True,144.444,12128,-40,2412,13.014961,141.99530833665733,0
False,7,15,0,True,144.444,12128,-40,2412,13.035791,141.9955524977565,0
False,7,15,0,True,144.444,12128,-41,2412,13.055838,141.9957966101695,0
False,7,15,0,True,144.444,12128,-40,2412,13.08442,141.99604067391087,0
False,7,15,0,True,144.444,12128,-40,2412,13.116976999999999,141.9962846889952,0
False,7,15,0,True,144.444,12128,-40,2412,13.213196,141.99652865543706,0
False,7,15,0,True,144.444,12128,-40,2412,13.234665,141.99677257325092,0
False,7,15,0,True,144.444,12128,-40,2412,13.259001,141.9970164424514,0
False,7,15,0,True,144.444,12128,-40,2412,13.493525,141.997260263053,0
False,7,15,0,True,144.444,12128,-40,2412,13.510378999999999,141.99750403507022,0
False,7,15,0,True,144.444,12128,-40,2412,13.517911,141.99774775851762,0
False,7,15,0,True,144.444,12128,0,2412,13.523598,141.9979914334097,0
False,7,15,0,True,144.444,12128,-40,2412,13.523617999999999,141.99823505976096,0
False,7,15,0,True,144.444,12128,-40,2412,13.528659,141.9984786375859,0
False,7,15,0,True,144.444,12128,-40,2412,13.536646999999999,141.99872216689903,0
False,7,15,0,True,144.444,12128,-40,2412,13.542911,141.9989656477148,0
False,7,15,0,True,144.444,12128,-40,2412,13.550787999999999,141.99920908004776,0
False,7,15,0,True,144.444,12128,-41,2412,13.554279,141.99945246391238,0
False,7,15,0,True,144.444,12128,-40,2412,13.568185999999999,141.99969579932312,0
False,7,15,0,True,144.444,12128,-41,2412,13.568387,141.9999390862944,0
False,7,15,0,True,144.444,12128,-41,2412,13.574762,142.00018232484075,0
False,7,15,0,True,144.444,12128,-40,2412,13.579086,142.0004255149766,0
False,7,15,0,True,144.444,12128,-40,2412,13.624521,142.0006686567164,0
False,7,15,0,True,144.444,12128,-40,2412,13.629221,142.0009117500746,0
False,7,15,0,True,144.444,12128,-40,2412,13.637893,142.00115479506564,0
False,7,15,0,True,144.444,12128,-40,2412,13.644226999999999,142.00139779170397,0
False,7,15,0,True,144.444,12128,-40,2412,13.645045999999999,142.00164074000398,0
False,7,15,0,True,144.444,12128,-40,2412,13.647680999999999,142.0018836399801,0
False,7,15,0,True,144.444,12128,-40,2412,13.654261,142.00212649164675,0
False,7,15,0,True,144.444,12128,-40,2412,13.657385999999999,142.00236929501838,0
False,7,15,0,True,144.444,12128,-40,2412,13.665885999999999,142.00261205010935,0
False,7,15,0,True,144.444,12128,-40,2412,13.668865,142.00285475693408,0
False,7,15,0,True,144.444,12128,-40,2412,13.674501,142.00309741550694,0
False,7,15,0,True,144.444,12128,-40,2412,13.680232,142.00334002584233,0
False,7,15,0,True,144.444,12128,-41,2412,13.68151,142.00358258795467,0
False,7,15,0,True,144.444,12128,-40,2412,13.693716,142.00382510185827,0
False,7,15,0,True,144.444,12128,-40,2412,13.698088,142.00406756756755,0
False,7,15,0,True,144.444,12128,-40,2412,13.71424,142.00430998509685,0
False,7,15,0,True,144.444,12128,-40,2412,13.723372,142.00455235446054,0
False,7,15,0,True,144.444,12128,-40,2412,13.725100999999999,142.00479467567297,0
False,7,15,0,True,144.444,12128,-40,2412,13.731085,142.0050369487485,0
False,7,15,0,True,144.444,12128,-40,2412,13.75023,142.00527917370144,0
False,7,15,0,True,144.444,12128,-39,2412,13.772947,142.00552135054616,0
False,7,15,0,True,144.444,12128,-40,2412,13.782442,142.00576347929697,0
False,7,15,0,True,144.444,12128,-40,2412,13.786228999999999,142.00600555996823,0
True,7,15,0,True,144.444,12128,-39,2412,13.798648,141.9919078725305,0
True,7,15,0,True,144.444,12128,-41,2412,13.799337,141.977812983919,0
True,7,15,0,True,144.444,12128,-40,2412,13.811622999999999,141.96372089330023,0
False,7,15,0,True,144.444,12128,-40,2412,13.819417,141.9639670504168,0
True,7,15,0,True,144.444,12128,-40,2412,13.835925,141.94987913069366,0
True,7,15,0,False,130.0,12128,-40,2412,13.844203,127.74260766025006,0
False,7,15,0,True,144.444,12128,-40,2412,13.847496999999999,141.93604286139495,0
False,7,15,0,True,144.444,12128,-40,2412,13.854997,141.93629166666665,0
False,7,15,0,True,144.444,12128,-40,2412,13.868091,141.9365404225771,0
False,7,15,0,True,144.444,12128,-40,2412,13.874061,141.93678912914103,0
True,7,15,0,True,144.444,12128,-40,2412,13.877801,141.9227122880095,0
False,7,15,0,True,144.444,12128,-40,2412,13.936425,141.92296231654103,0
False,7,15,0,True,144.444,12128,-40,2412,13.942810999999999,141.92321229548836,0
False,7,15,0,True,144.444,12128,-40,2412,13.945965,141.92346222486614,0
False,7,15,0,True,144.444,12128,-40,2412,13.952801,141.9237121046892,0
False,7,15,0,True,144.444,12128,-40,2412,13.952853,141.92396193497223,0
False,7,15,0,True,144.444,12128,-40,2412,13.974732999999999,141.92421171573,0
False,7,15,0,True,144.444,12128,-40,2412,13.978551,141.9244614469772,0
True,7,15,0,True,144.444,12128,-39,2412,13.990763999999999,141.91039698741452,0
False,7,12,0,True,86.6667,12128,-40,2412,14.003879,85.14668356123663,3
False,7,12,0,True,86.6667,12128,-39,2412,14.013586,85.1468341622907,3
False,7,12,0,True,86.6667,12128,-40,2412,14.018288,85.14698473350506,3
False,7,12,0,True,86.6667,12128,-40,2412,14.023031999999999,85.14713527488856,3
False,7,12,0,True,86.6667,12128,-40,2412,14.028075999999999,85.14728578645008,3
False,7,12,0,True,86.6667,12128,-40,2412,14.046543,85.14743626819848,3
False,7,12,0,True,86.6667,12128,-40,2412,14.060592999999999,85.14758672014261,3
False,7,12,0,True,86.6667,12128,-40,2412,14.065757,85.14773714229132,3
False,7,12,0,True,86.6667,12128,-40,2412,14.070222,85.14788753465346,3
False,7,12,0,True,86.6667,12128,-40,2412,14.077764,85.1480378972379,3
False,7,15,0,True,144.444,12128,-40,2412,14.087321,141.91315581073056,0
False,7,15,0,True,144.444,12128,-40,2412,14.092756999999999,141.91340631495595,0
False,7,12,0,True,86.6667,12128,-40,2412,14.124229999999999,85.14848880641331,3
False,7,15,0,True,144.444,12128,-40,2412,14.132995999999999,141.913907174666,0
False,7,15,0,True,144.444,12128,-40,2412,14.136566,141.9141575301801,0
False,7,15,0,True,144.444,12128,-39,2412,14.141741,141.91440783615315,0
False,7,15,0,True,144.444,12128,-41,2412,14.147102,141.91465809259992,0
False,7,15,0,True,144.444,12128,-40,2412,14.156471999999999,141.91490829953506,0
False,7,15,0,True,144.444,12128,-40,2412,14.163896999999999,141.91515845697327,0
False,7,15,0,True,144.444,12128,-40,2412,14.170179,141.91540856492927,0
False,7,12,0,True,86.6667,12128,-40,2412,14.181180999999999,85.14968992286393,3
False,7,12,0,True,86.6667,12128,-40,2412,14.188025999999999,85.14983992880451,3
False,7,15,0,True,144.444,12128,-40,2412,14.23006,141.9161585920506,0
False,7,15,0,True,144.444,12128,-40,2412,14.232709,141.9164085022244,0
False,7,15,0,True,144.444,12128,-40,2412,14.237910999999999,141.91665836298932,0
False,7,15,0,True,144.444,12128,-40,2412,14.243443,141.91690817435997,0
False,7,15,0,True,144.444,12128,-40,2412,14.248674999999999,141.91715793635106,0
False,7,15,0,True,144.444,12128,-40,2412,14.254183999999999,141.91740764897716,0
False,7,15,0,True,144.444,12128,-40,2412,14.265338999999999,141.91765731225297,0
False,7,15,0,True,144.444,12128,-40,2412,14.270099,141.91790692619304,0
False,7,15,0,True,144.444,12128,-40,2412,14.27258,141.91815649081207,0
False,7,15,0,True,144.444,12128,-40,2412,14.278053,141.91840600612466,0
False,7,15,0,True,144.444,12128,-40,2412,14.297312999999999,141.9186554721454,0
False,7,15,0,True,144.444,12128,-41,2412,14.297402,141.91890488888887,0
False,7,15,0,True,144.444,12128,-40,2412,14.300543,141.91915425636972,0
False,7,15,0,True,144.444,12128,-40,2412,14.304074,141.91940357460254,0
False,7,15,0,True,144.444,12128,-41,2412,14.328453,141.91965284360188,0
False,7,15,0,True,144.444,12128,-40,2412,14.336338999999999,141.91990206338235,0
False,7,15,0,True,144.444,12128,-40,2412,14.339167999999999,141.92015123395853,0
False,7,15,0,True,144.444,12128,-40,2412,14.393193,141.92040035534495,0
False,7,15,0,True,144.444,12128,-40,2412,14.407745,141.92064942755624,0
False,7,15,0,True,144.444,12128,-40,2412,14.45891,141.9208984506069,0
False,7,15,0,True,144.444,12128,-40,2412,14.462235999999999,141.92114742451153,0
True,7,15,0,True,144.444,12128,-40,2412,14.468257999999999,141.907144351258,0
False,7,15,0,True,144.444,12128,-40,2412,14.476353999999999,141.9073946329913,0
False,7,15,0,True,144.444,12128,-40,2412,14.480872,141.90764486534476,0
False,7,15,0,True,144.444,12128,-40,2412,14.487112,141.907895048333,0
False,7,15,0,True,144.444,12128,-39,2412,14.487261,141.90814518197058,0
False,7,15,0,True,144.444,12128,-41,2412,14.528151999999999,141.90839526627218,0
False,7,15,0,True,144.444,12128,-39,2412,14.534156999999999,141.90864530125234,0
False,7,15,0,True,144.444,12128,-41,2412,14.541248999999999,141.90889528692563,0
False,7,15,0,True,144.444,12128,-39,2412,14.547692999999999,141.9091452233067,0
False,7,15,0,True,144.444,12128,-39,2412,14.549754,141.9093951104101,0
False,7,15,0,True,144.444,12128,-40,2412,14.55902,141.90964494825036,0
False,7,15,0,True,144.444,12128,-39,2412,14.566607999999999,141.9098947368421,0
False,7,15,0,True,144.444,12128,-39,2412,14.607391,141.91014447619986,0
False,7,15,0,True,144.444,12128,-39,2412,14.614706,141.91039416633816,0
False,7,15,0,True,144.444,12128,-39,2412,14.680050999999999,141.91064380727164,0
False,7,15,0,False,130.0,1080,-39,2412,14.965548,127.72019704433498,0
False,7,15,0,True,144.444,12128,-39,2412,15.006165999999999,141.91114294158209,0
False,7,15,0,True,144.444,12128,-39,2412,15.049894,141.91139243498816,0
False,7,15,0,True,144.444,12128,-39,2412,15.223294,141.9116418792475,0
False,7,15,0,True,144.444,12128,-40,2412,15.240682999999999,141.91189127437463,0
False,7,15,0,True,144.444,12128,-40,2412,15.263498,141.91214062038404,0
False,7,15,0,True,144.444,12128,-39,2412,15.276059,141.91238991729026,0
False,7,15,0,True,144.444,12128,-39,2412,15.285651,141.91263916510778,0
False,7,15,0,True,144.444,12128,-40,2412,15.296498,141.91288836385115,0
False,7,15,0,True,144.444,12128,-40,2412,15.308551999999999,141.9131375135348,0
False,7,15,0,True,144.444,12128,-40,2412,15.313208,141.91338661417322,0
False,7,15,0,True,144.444,12128,-40,2412,15.356095999999999,141.9136356657809,0
False,7,15,0,True,144.444,12128,-39,2412,15.369316999999999,141.91388466837236,0
False,7,15,0,True,144.444,12128,-40,2412,15.408412,141.914133621962,0
False,7,15,0,True,144.444,12128,-41,2412,15.421332,141.91438252656434,0
False,7,15,0,True,144.444,12128,-39,2412,15.430102,141.9146313821938,0
False,7,15,0,True,144.444,12128,-40,2412,15.437966,141.91488018886483,0
False,7,15,0,True,144.444,12128,-40,2412,15.445516999999999,141.91512894659192,0
False,7,15,0,True,144.444,12128,-40,2412,15.450009,141.91537765538945,0
False,7,15,0,True,144.444,12128,-40,2412,15.452665,141.9156263152719,0
False,7,15,0,True,144.444,12128,-40,2412,15.458458,141.91587492625368,0
False,7,15,0,True,144.444,12128,-38,2412,15.460486,141.9161234883492,0
False,7,15,0,True,144.444,12128,-39,2412,15.469797999999999,141.91637200157294,0
False,7,15,0,True,144.444,12128,-39,2412,15.475714,141.91662046593922,0
False,7,15,0,True,144.444,12128,-39,2412,15.480621999999999,141.91686888146253,0
False,7,15,0,True,144.444,12128,-39,2412,15.483364,141.91711724815724,0
False,7,15,0,True,144.444,12128,-39,2412,15.488852,141.91736556603772,0
False,7,15,0,True,144.444,12128,-40,2412,15.494321999999999,141.91761383511837,0
False,7,15,0,True,144.444,12128,-40,2412,15.49964,141.91786205541362,0
False,7,15,0,True,144.444,12128,-40,2412,15.505136,141.9181102269378,0
False,7,15,0,True,144.444,12128,-40,2412,15.511743,141.9183583497053,0
False,7,15,0,True,144.444,12128,-40,2412,15.517704,141.91860642373047,0
False,7,15,0,True,144.444,12128,-40,2412,15.524389999999999,141.9188544490277,0
False,7,15,0,True,144.444,12128,-39,2412,15.524417999999999,141.9191024256113,0
False,7,15,0,True,144.444,12128,-39,2412,15.530114000000001,141.91935035349567,0
False,7,15,0,True,144.444,12128,-40,2412,15.535221,141.9195982326951,0
False,7,15,0,True,144.444,12128,-39,2412,15.549624999999999,141.919846063224,0
False,7,15,0,True,144.444,12128,-39,2412,15.559611,141.9200938450967,0
False,7,15,0,True,144.444,12128,-17,2412,15.577870999999998,141.92034157832742,0
False,7,15,0,True,144.444,12128,-39,2412,15.586897,141.9205892629306,0
False,7,15,0,True,144.444,12128,-40,2412,15.60125,141.9208368989205,0
False,7,15,0,True,144.444,12128,-40,2412,15.613513999999999,141.92108448631143,0
False,7,15,0,True,144.444,12128,-40,2412,15.663851000000001,141.92133202511772,0
False,7,15,0,True,144.444,12128,-40,2412,15.668368999999998,141.92157951535367,0
False,7,15,0,True,144.444,12128,-41,2412,15.668401,141.92182695703355,0
False,7,15,0,True,144.444,12128,-40,2412,15.673891000000001,141.92207435017164,0
False,7,15,0,True,144.444,12128,-40,2412,15.678021000000001,141.92232169478226,0
False,7,15,0,True,144.444,12128,-41,2412,15.680416999999998,141.92256899087965,0
False,7,15,0,True,144.444,12128,-39,2412,15.694219,141.9228162384781,0
False,7,15,0,True,144.444,12128,0,2412,15.702517999999998,141.9230634375919,0
False,7,15,0,True,144.444,12128,-41,2412,15.702535999999998,141.9233105882353,0
False,7,15,0,True,144.444,12128,-39,2412,15.717119,141.9235576904225,0
False,7,15,0,True,144.444,12128,-39,2412,15.728224999999998,141.9238047441678,0
False,7,15,0,True,144.444,12128,-39,2412,15.730832,141.92405174948544,0
False,7,15,0,True,144.444,12128,-39,2412,15.740655999999998,141.92429870638964,0
False,7,15,0,True,144.444,12128,-39,2412,15.741346,141.92454561489464,0
False,7,15,0,True,144.444,12128,-40,2412,15.747255,141.9247924750147,0
False,7,15,0,True,144.444,12128,-39,2412,15.751589,141.92503928676396,0
False,7,15,0,True,144.444,12128,-40,2412,15.754214000000001,141.92528605015673,0
False,7,15,0,True,144.444,12128,-41,2412,15.760663000000001,141.92553276520715,0
False,7,15,0,True,144.444,12128,-39,2412,15.763694999999998,141.92577943192947,0
False,7,15,0,True,144.444,12128,-39,2412,15.770488,141.92602605033784,0
False,7,15,0,True,144.444,12128,-40,2412,15.776727000000001,141.92627262044653,0
False,7,15,0,True,144.444,12128,-39,2412,15.779909,141.92651914226965,0
False,7,15,0,True,144.444,12128,-41,2412,15.786487999999999,141.9267656158214,0
False,7,15,0,True,144.444,12128,-40,2412,15.800498999999999,141.927012041116,0
False,7,15,0,True,144.444,12128,-39,2412,15.801908000000001,141.92725841816755,0
False,7,15,0,True,144.444,12128,-40,2412,15.806822999999998,141.9275047469903,0
False,7,15,0,True,144.444,12128,-40,2412,15.811332,141.92775102759836,0
False,7,15,0,True,144.444,12128,-39,2412,15.815669,141.92799726000587,0
False,7,15,0,True,144.444,12128,-40,2412,15.823201000000001,141.92824344422698,0
False,7,15,0,True,144.444,12128,-40,2412,15.828346,141.92848958027588,0
False,7,15,0,True,144.444,12128,-41,2412,15.832995999999998,141.9287356681667,0
False,7,15,0,True,144.444,12128,-41,2412,15.845676000000001,141.92898170791352,0
False,7,15,0,True,144.444,12128,-41,2412,15.847078,141.9292276995305,0
False,7,15,0,True,144.444,12128,-40,2412,15.85527,141.92947364303177,0
False,7,15,0,True,144.444,12128,-40,2412,15.860024,141.92971953843144,0
False,7,15,0,True,144.444,12128,-40,2412,15.87209,141.9299653857436,0
False,7,15,0,True,144.444,12128,-40,2412,15.875796999999999,141.9302111849824,0
False,7,15,0,True,144.444,12128,-40,2412,15.894901999999998,141.93045693616187,0
False,7,15,0,True,144.444,12128,-39,2412,15.903949,141.93070263929616,0
False,7,15,0,True,144.444,12128,-39,2412,15.913274999999999,141.93094829439937,0
False,7,12,0,True,86.6667,12128,-39,2412,15.977861,85.1590111219703,3
False,7,12,0,True,86.6667,12128,-39,2412,15.981092,85.15915845793023,3
False,7,15,0,True,144.444,12128,-40,2412,15.991382999999999,141.93168497166306,0
False,7,15,0,True,144.444,12128,-39,2412,15.995929,141.9319304347826,0
False,7,15,0,True,144.444,12128,-39,2412,16.001198,141.93217584994136,0
False,7,15,0,True,144.444,12128,-40,2412,16.045711,141.93242121715346,0
False,7,15,0,True,144.444,12128,-39,2412,16.059248,141.9326665364329,0
False,7,15,0,True,144.444,12128,-39,2412,16.084675999999998,141.93291180779372,0
False,7,15,0,True,144.444,12128,-39,2412,16.097042,141.93315703125,0
False,7,15,0,True,144.444,12128,-40,2412,16.136322,141.93340220681574,0
False,7,12,0,True,86.6667,12128,-40,2412,16.180452,85.16048318687757,3
False,7,15,0,True,144.444,12128,-40,2412,16.186691,141.93389241433172,0
False,7,15,0,True,144.444,12128,-40,2412,16.186792999999998,141.93413744631002,0
True,7,15,0,True,144.444,12128,-40,2412,16.193074,141.92028345534405,0
False,7,15,0,True,144.444,12128,-39,2412,16.196536,141.9205297677142,0
False,7,15,0,True,144.444,12128,-40,2412,16.199202,141.92077603200937,0
False,7,15,0,True,144.444,12128,-37,2412,16.392978,141.92102224824353,0
False,7,15,0,True,144.444,12128,-38,2412,16.39839,141.92126841643085,0
True,7,15,0,True,144.444,12128,-38,2412,16.406905,141.90742243902437,0
False,7,15,0,True,144.444,12128,-38,2412,16.415159,141.90766988586478,0
False,7,15,0,True,144.444,12128,-38,2412,16.420274,141.9079172844323,0
False,7,15,0,True,144.444,12128,-38,2412,16.429351,141.90816463474104,0
False,7,15,0,True,144.444,12128,-38,2412,16.429389999999998,141.90841193680515,0
False,7,15,0,True,144.444,12128,-38,2412,16.437304,141.9086591906387,0
False,7,15,0,True,144.444,12128,-39,2412,16.442201999999998,141.90890639625584,0
False,7,15,0,True,144.444,12128,-39,2412,16.448909999999998,141.90915355367065,0
False,7,15,0,True,144.444,12128,-38,2412,16.4563,141.90940066289724,0
False,7,15,0,True,144.444,12128,-39,2412,16.459525,141.9096477239497,0
False,7,15,0,True,144.444,12128,-39,2412,16.467019999999998,141.9098947368421,0
False,7,15,0,True,144.444,12128,-39,2412,16.474525,141.91014170158854,0
False,7,15,0,True,144.444,12128,-38,2412,16.480724,141.9103886182031,0
False,7,12,0,True,86.6667,12128,-39,2412,16.486067,85.14667603040049,3
False,7,12,0,True,86.6667,12128,-38,2412,16.488630999999998,85.14682412314887,3
False,7,12,0,True,86.6667,12128,-40,2412,16.494,85.14697218704336,3
False,7,15,0,True,144.444,12128,-40,2412,16.499598,141.9113758036236,0
False,7,15,0,True,144.444,12128,-40,2412,16.502181999999998,141.9116224797896,0
False,7,15,0,True,144.444,12128,-39,2412,16.508649,141.91186910790805,0
False,7,15,0,True,144.444,12128,-41,2412,16.56167,141.91211568799298,0
False,7,15,0,True,144.444,12128,-41,2412,16.576736,141.9123622200584,0
False,7,15,0,True,144.444,12128,-40,2412,16.671588,141.91260870411838,0
False,7,15,0,True,144.444,12128,-40,2412,16.693456,141.9128551401869,0
False,7,15,0,True,144.444,12128,-39,2412,16.762557,141.913101528278,0
False,7,15,0,True,144.444,12128,-39,2412,16.775016,141.91334786840568,0
False,7,15,0,True,144.444,12128,-39,2412,16.795839,141.91359416058393,0
True,7,15,0,True,144.444,12128,-39,2412,16.797895,141.89978396263137,0
True,7,15,0,True,144.444,12128,-38,2412,16.798609,141.88597645227205,0
True,7,15,0,True,144.444,12128,-38,2412,16.798648,141.87217162872153,0
False,7,15,0,True,144.444,12128,-15,2412,16.853806,141.8724218309174,0
False,7,15,0,True,144.444,12128,-38,2412,16.87154,141.87267198443578,0
False,7,15,0,True,144.444,12128,-38,2412,16.895215,141.8729220892909,0
False,7,15,0,True,144.444,12128,-38,2412,16.935529,141.87317214549697,0
False,7,15,0,True,144.444,12128,-39,2412,17.10043,141.87342215306816,0
False,7,15,0,True,144.444,12128,-39,2412,17.137905,141.87367211201865,0
False,7,15,0,True,144.444,12128,-38,2412,17.151993,141.87392202236265,0
False,7,15,0,True,144.444,12128,-39,2412,17.167716,141.87417188411433,0
False,7,15,0,True,144.444,12128,-39,2412,17.176219,141.87442169728783,0
False,7,15,0,True,144.444,12128,-39,2412,17.190651,141.87467146189735,0
False,7,15,0,True,144.444,12128,-39,2412,17.252033,141.87492117795702,0
False,7,15,0,True,144.444,12128,-39,2412,17.261986999999998,141.87517084548102,0
False,7,15,0,True,144.444,12128,-40,2412,17.35318,141.8754204644835,0
False,7,15,0,True,144.444,12128,-40,2412,17.355905,141.8756700349786,0
False,7,15,0,True,144.444,12128,-40,2412,17.364860999999998,141.87591955698045,0
False,7,15,0,True,144.444,12128,-40,2412,17.367171,141.8761690305032,0
False,7,15,0,True,144.444,12128,-39,2412,17.372879,141.87641845556095,0
False,7,15,0,True,144.444,12128,-40,2412,17.375609999999998,141.8766678321678,0
False,7,15,0,True,144.444,12128,-38,2412,17.385892,141.87691716033794,0
False,7,15,0,True,144.444,12128,-39,2412,17.385925999999998,141.87716644008543,0
False,7,15,0,True,144.444,12128,-38,2412,17.394711,141.8774156714244,0
False,7,15,0,True,144.444,12128,-40,2412,17.407078,141.87766485436893,0
False,7,15,0,True,144.444,12128,-40,2412,17.409689,141.8779139889331,0
False,7,15,0,True,144.444,12128,-40,2412,17.411293,141.87816307513103,0
False,7,15,0,True,144.444,12128,-40,2412,17.417965,141.87841211297678,0
False,7,15,0,True,144.444,12128,-40,2412,17.428584,141.87866110248447,0
False,7,15,0,True,144.444,12128,-39,2412,17.438643,141.8789100436681,0
False,7,15,0,True,144.444,12128,-40,2412,17.445405,141.8791589365418,0
False,7,15,0,True,144.444,12128,-40,2412,17.445539,141.87940778111962,0
False,7,15,0,True,144.444,12128,-39,2412,17.449803,141.87965657741557,0
False,7,15,0,True,144.444,12128,-38,2412,17.456035,141.8799053254438,0
False,7,15,0,True,144.444,12128,-40,2412,17.45866,141.88015402521822,0
False,7,15,0,True,144.444,12128,0,2412,17.465433,141.88040267675296,0
False,7,15,0,True,144.444,12128,-39,2412,17.465446,141.88065128006204,0
False,7,15,0,True,144.444,12128,-38,2412,17.471372,141.8808998351595,0
False,7,15,0,True,144.444,12128,-40,2412,17.474439999999998,141.8811483420593,0
False,7,15,0,True,144.444,12128,-40,2412,17.481905,141.88139680077555,0
False,7,15,0,True,144.444,12128,-37,2412,17.486383,141.88164521132222,0
False,7,15,0,True,144.444,12128,-40,2412,17.488946,141.88189357371328,0
False,7,15,0,True,144.444,12128,-39,2412,17.495916,141.88214188796277,0
False,7,15,0,True,144.444,12128,-40,2412,17.505199,141.88239015408467,0
False,7,15,0,True,144.444,12128,-39,2412,17.505853,141.882638372093,0
False,7,15,0,True,144.444,12128,-39,2412,17.516824,141.88288654200173,0
False,7,15,0,True,144.444,12128,-39,2412,17.52287,141.88313466382482,0
False,7,15,0,True,144.444,12128,-40,2412,17.525762999999998,141.88338273757628,0
False,7,15,0,True,144.444,12128,-40,2412,17.532244,141.88363076327005,0
False,7,15,0,True,144.444,12128,-40,2412,17.536672,141.8838787409201,0
False,7,15,0,True,144.444,12128,-40,2412,17.539317,141.88412667054035,0
False,7,15,0,True,144.444,12128,-39,2412,17.542016,141.88437455214486,0
False,7,15,0,True,144.444,12128,-40,2412,17.548806,141.88462238574746,0
False,7,15,0,True,144.444,12128,0,2412,17.553138,141.88487017136217,0
False,7,15,0,True,144.444,12128,-40,2412,17.553154,141.8851179090029,0
False,7,15,0,True,144.444,12128,-40,2412,17.557904,141.88536559868356,0
False,7,15,0,True,144.444,12128,0,2412,17.563602,141.8856132404181,0
False,7,15,0,True,144.444,12128,-39,2412,17.563619,141.88586083422044,0
False,7,15,0,True,144.444,12128,-40,2412,17.570119,141.8861083801045,0
False,7,15,0,True,144.444,12128,-40,2412,17.576435,141.88635587808417,0
False,7,15,0,True,144.444,12128,-39,2412,17.578567,141.88660332817338,0
False,7,15,0,True,144.444,12128,-40,2412,17.578585,141.886850730386,0
False,7,15,0,True,144.444,12128,-40,2412,17.582736999999998,141.88709808473592,0
False,7,15,0,True,144.444,12128,-39,2412,17.585421999999998,141.88734539123703,0
False,7,15,0,True,144.444,12128,-39,2412,17.59119,141.88759264990327,0
False,7,15,0,True,144.444,12128,-41,2412,17.593761999999998,141.88783986074847,0
False,7,15,0,True,144.444,12128,-39,2412,17.631587,141.88808702378648,0
False,7,15,0,True,144.444,12128,-40,2412,17.640811,141.8883341390312,0
False,7,15,0,True,144.444,12128,-41,2412,17.644261999999998,141.8885812064965,0
False,7,15,0,True,144.444,12128,-41,2412,17.645661999999998,141.8888282261962,0
False,7,15,0,True,144.444,12128,-39,2412,17.651284999999998,141.8890751981442,0
False,7,15,0,True,144.444,12128,-39,2412,17.660611,141.8893221223543,0
False,7,15,0,True,144.444,12128,-40,2412,17.664963999999998,141.88956899884036,0
False,7,15,0,True,144.444,12128,-40,2412,17.670652,141.8898158276162,0
False,7,15,0,True,144.444,12128,-39,2412,17.673403,141.89006260869564,0
False,7,15,0,True,144.444,12128,-39,2412,17.678531,141.89030934209254,0
True,7,15,0,True,144.444,12128,-38,2412,17.680159,141.87660278207107,0
False,7,15,0,True,144.444,12128,-40,2412,17.684222,141.87685076789336,0
False,7,15,0,True,144.444,12128,-40,2412,17.685764,141.87709870581415,0
False,7,15,0,True,144.444,12128,0,2412,17.865389999999998,141.8773465958474,0
False,7,15,0,True,144.444,12128,-40,2412,17.865406,141.87759443800692,0
False,7,15,0,True,144.444,12128,-40,2412,17.871261999999998,141.87784223230665,0
False,7,15,0,True,144.444,12128,-40,2412,17.873876,141.87808997876036,0
False,7,15,0,True,144.444,12128,0,2412,17.875434,141.87833767738198,0
False,7,15,0,True,144.444,12128,0,2412,17.875448,141.87858532818532,0
False,7,15,0,True,144.444,704,-39,2412,17.875545,141.87883293118423,0
False,7,15,0,True,144.444,12128,-40,2412,17.880416,141.87908048639258,0
False,7,15,0,True,144.444,12128,-39,2412,17.88682,141.87932799382418,0
False,7,15,0,True,144.444,12128,-40,2412,17.893331,141.87957545349286,0
False,7,15,0,True,144.444,12128,-39,2412,17.8934,141.87982286541245,0
True,7,15,0,True,144.444,12128,-40,2412,17.932102999999998,141.86613582867065,0
False,7,15,0,True,144.444,12128,-40,2412,17.952163,141.8663844892447,0
False,7,15,0,True,144.444,12128,-40,2412,17.959143,141.86663310185185,0
False,7,15,0,True,144.444,12128,-39,2412,17.962343,141.86688166650592,0
False,7,15,0,True,144.444,12128,-40,2412,17.968675,141.8671301832208,0
False,7,15,0,True,144.444,12128,-40,2412,17.972739,141.8673786520104,0
False,7,15,0,True,144.444,12128,-40,2412,17.977472,141.86762707288852,0
False,7,15,0,True,144.444,12128,-39,2412,17.982941999999998,141.86787544586906,0
False,7,15,0,True,144.444,12128,-39,2412,17.985612,141.86812377096587,0
True,7,15,0,True,144.444,12128,-39,2412,17.989383,141.85444973493975,0
False,7,15,0,True,144.444,12128,-39,2412,17.989423,141.85469930609096,0
False,7,15,0,True,144.444,12128,-40,2412,17.995846,141.85494882914136,0
False,7,15,0,True,144.444,12128,-41,2412,18.003909,141.85519830410482,0
False,7,15,0,True,144.444,12128,-39,2412,18.005706,141.85544773099528,0
False,7,15,0,True,144.444,12128,-41,2412,18.010618,141.8556971098266,0
False,7,15,0,True,144.444,12128,-41,2412,18.015612,141.85594644061266,0
False,7,15,0,True,144.444,12128,-40,2412,18.025983,141.85619572336734,0
False,7,15,0,True,144.444,12128,-40,2412,18.031593,141.8564449581046,0
False,7,15,0,True,144.444,12128,-40,2412,18.037205,141.8566941448382,0
False,7,15,0,True,144.444,12128,-41,2412,18.041466,141.8569432835821,0
False,7,15,0,True,144.444,12128,-40,2412,18.047118,141.85719237435006,0
False,7,15,0,True,144.444,12128,-41,2412,18.053594999999998,141.85744141715605,0
False,7,15,0,True,144.444,12128,-40,2412,18.057693999999998,141.85769041201385,0
False,7,15,0,True,144.444,12128,-40,2412,18.062002,141.85793935893733,0
False,7,15,0,True,144.444,12128,-40,2412,18.068279,141.85818825794033,0
False,7,15,0,True,144.444,12128,-41,2412,18.071541,141.85843710903666,0
False,7,15,0,True,144.444,12128,-40,2412,18.077856999999998,141.85868591224016,0
False,7,15,0,True,144.444,12128,-41,2412,18.083531,141.8589346675647,0
False,7,15,0,True,144.444,12128,-40,2412,18.086223999999998,141.85918337502406,0
False,7,15,0,True,144.444,12128,-41,2412,18.091413,141.85943203463202,0
False,7,15,0,True,144.444,12128,-41,2412,18.095731999999998,141.85968064640244,0
False,7,15,0,True,144.444,12128,-41,2412,18.098367,141.85992921034912,0
False,7,15,0,True,144.444,12128,-41,2412,18.112619,141.86017772648586,0
False,7,15,0,True,144.444,12128,-40,2412,18.118776999999998,141.8604261948264,0
False,7,15,0,True,144.444,12128,-41,2412,18.135455999999998,141.8606746153846,0
False,7,15,0,True,144.444,12128,0,2412,18.140252,141.8609229881742,0
False,7,15,0,True,144.444,12128,-40,2412,18.145991,141.86117131320898,0
False,7,15,0,True,144.444,12128,-40,2412,18.146037,141.86141959050272,0
False,7,15,0,True,144.444,12128,-40,2412,18.150382,141.8616678200692,0
False,7,15,0,True,144.444,12128,-41,2412,18.156652,141.86191600192214,0
False,7,15,0,True,144.444,12128,-40,2412,18.16253,141.86216413607534,0
False,7,15,0,True,144.444,12128,-40,2412,18.174006,141.8624122225425,0
False,7,15,0,True,144.444,12128,-41,2412,18.183303,141.86266026133742,0
False,7,15,0,True,144.444,12128,-40,2412,18.185128,141.86290825247383,0
False,7,15,0,True,144.444,12128,-40,2412,18.188795,141.86315619596542,0
False,7,15,0,True,144.444,12128,-41,2412,18.193549,141.86340409182594,0
False,7,15,0,True,144.444,12128,-40,2412,18.243588,141.86365194006913,0
False,7,15,0,True,144.444,12128,-40,2412,18.243652,141.86389974070872,0
False,7,15,0,True,144.444,12128,-39,2412,18.254288,141.8641474937584,0
False,7,15,0,True,144.444,12128,-39,2412,18.273695,141.86439519923186,0
False,7,15,0,True,144.444,12128,-39,2412,18.276255,141.86464285714283,0
False,7,15,0,True,144.444,12128,-39,2412,18.281261999999998,141.86489046750503,0
False,7,15,0,True,144.444,12128,-39,2412,18.287765999999998,141.8651380303321,0
False,7,15,0,True,144.444,12128,-39,2412,18.292666999999998,141.86538554563776,0
False,7,15,0,True,144.444,12128,-40,2412,18.298438,141.86563301343568,0
False,7,15,0,True,144.444,12128,-39,2412,18.302485,141.86588043373956,0
False,7,15,0,True,144.444,12128,-39,2412,18.313164999999998,141.86612780656301,0
False,7,15,0,True,144.444,12128,-41,2412,18.313209999999998,141.8663751319198,0
False,7,15,0,True,144.444,12128,-40,2412,18.314258,141.86662240982346,0
False,7,15,0,True,144.444,12128,0,2412,18.325443,141.86686964028775,0
False,7,15,0,True,144.444,12128,-40,2412,18.325454999999998,141.86711682332628,0
False,7,15,0,True,144.444,12128,-41,2412,18.331829,141.86736395895272,0
False,7,15,0,True,144.444,12128,-40,2412,18.334633,141.86761104718065,0
False,7,15,0,True,144.444,12128,-40,2412,18.340206,141.86785808802375,0
False,7,15,0,True,144.444,12128,-39,2412,18.342907999999998,141.86810508149568,0
False,7,15,0,True,144.444,12128,-40,2412,18.348553,141.86835202761,0
False,7,15,0,True,144.444,12128,-41,2412,18.354017,141.86859892638034,0
False,7,15,0,True,144.444,12128,-39,2412,18.356901,141.86884577782035,0
False,7,15,0,True,144.444,12128,-39,2412,18.365892,141.86909258194365,0
False,7,15,0,True,144.444,12128,-40,2412,18.366868999999998,141.86933933876378,0
False,7,15,0,True,144.444,12128,-39,2412,18.37593,141.86958604829437,0
False,7,15,0,True,144.444,12128,-39,2412,18.380206,141.869832710549,0
False,7,15,0,True,144.444,12128,-40,2412,18.381025,141.87007932554127,0
False,7,15,0,True,144.444,12128,-39,2412,18.384532,141.8703258932848,0
False,7,15,0,True,144.444,12128,-40,2412,18.39001,141.8705724137931,0
False,7,15,0,True,144.444,12128,-40,2412,18.397876,141.87081888707976,0
False,7,15,0,True,144.444,12128,-41,2412,18.401459,141.8710653131584,0
False,7,15,0,True,144.444,12128,-39,2412,18.413162,141.8713116920425,0
False,7,15,0,True,144.444,12128,-40,2412,18.417948,141.87155802374568,0
False,7,15,0,True,144.444,12128,-39,2412,18.42472,141.87180430828147,0
False,7,15,0,True,144.444,12128,-40,2412,18.433913999999998,141.8720505456634,0
False,7,15,0,True,144.444,12128,-39,2412,18.436677,141.87229673590505,0
False,7,15,0,True,144.444,12128,-40,2412,18.445541,141.8725428790199,0
False,7,15,0,True,144.444,12128,-39,2412,18.455761,141.8727889750215,0
False,7,15,0,True,144.444,12128,-39,2412,18.456065,141.87303502392345,0
False,7,15,0,True,144.444,12128,-40,2412,18.460318,141.87328102573915,0
False,7,15,0,True,144.444,12128,-40,2412,18.46556,141.87352698048218,0
False,7,15,0,True,144.444,12128,-39,2412,18.47203,141.87377288816606,0
False,7,15,0,True,144.444,12128,-39,2412,18.476733,141.87401874880427,0
False,7,15,0,True,144.444,12128,-39,2412,18.48228,141.8742645624103,0
False,7,15,0,True,144.444,12128,-39,2412,18.494087,141.8745103289977,0
False,7,15,0,True,144.444,12128,-40,2412,18.494162,141.87475604857988,0
False,7,15,0,True,144.444,12128,-39,2412,18.613336,141.87500172117038,0
False,7,15,0,True,144.444,12128,-39,2412,18.624430999999998,141.87524734678266,0
False,7,15,0,True,144.444,12128,-39,2412,18.638278,141.8754929254302,0
False,7,15,0,True,144.444,12128,-41,2412,18.736283999999998,141.87573845712646,0
False,7,15,0,True,144.444,12128,-39,2412,18.757167,141.8759839418849,0
False,7,15,0,False,130.0,12128,-40,2412,18.901359,127.68899933097582,0
False,7,15,0,False,130.0,12128,-40,2412,18.920286,127.68922018348624,0
False,7,15,0,True,144.444,12128,-40,2412,19.015156,141.87672011466793,0
False,7,15,0,True,144.444,12128,-40,2412,19.067818,141.87696541180966,0
False,7,15,0,True,144.444,12128,-41,2412,19.068877999999998,141.8772106620808,0
False,7,15,0,True,144.444,12128,-40,2412,19.129594,141.87745586549482,0
False,7,15,0,True,144.444,12128,-40,2412,19.351149,141.87770102206514,0
False,7,15,0,True,144.444,12128,-40,2412,19.38419,141.87794613180515,0
False,7,15,0,True,144.444,12128,-40,2412,19.458407,141.8781911947283,0
False,7,15,0,True,144.444,12128,-40,2412,19.466390999999998,141.87843621084795,0
False,7,15,0,True,144.444,12128,-40,2412,19.522574,141.87868118017758,0
False,7,15,0,True,144.444,12128,-41,2412,19.53735,141.87892610273056,0
False,7,15,0,True,144.444,12128,-43,2412,19.544196,141.87917097852028,0
False,7,15,0,True,144.444,12128,-41,2412,19.544213,141.87941580756012,0
False,7,15,0,True,144.444,12128,-40,2412,19.549583,141.8796605898635,0
False,7,15,0,True,144.444,12128,-40,2412,19.552293,141.8799053254438,0
False,7,15,0,True,144.444,12128,-40,2412,19.560086,141.88015001431432,0
False,7,15,0,True,144.444,12128,-40,2412,19.563575,141.88039465648853,0
False,7,15,0,True,144.444,12128,-41,2412,19.567822,141.88063925197974,0
False,7,15,0,True,144.444,12128,-40,2412,19.573817,141.88088380080137,0
False,7,15,0,True,144.444,544,-40,2412,19.582325,141.88112830296672,0
False,7,15,0,True,144.444,12128,-39,2412,19.602228,141.8813727584891,0
False,7,15,0,True,144.444,12128,-39,2412,19.604805,141.88161716738196,0
False,7,15,0,True,144.444,12128,-40,2412,19.609194,141.88186152965858,0
False,7,15,0,True,144.444,12128,-39,2412,19.615467,141.8821058453323,0
False,7,15,0,True,144.444,12128,-39,2412,19.618643,141.88235011441645,0
False,7,15,0,True,144.444,12128,-39,2412,19.622962,141.8825943369244,0
False,7,15,0,True,144.444,12128,-39,2412,19.626274,141.8828385128694,0
False,7,15,0,True,144.444,12128,-39,2412,19.630987,141.88308264226478,0
False,7,15,0,True,144.444,12128,-39,2412,19.63811,141.88332672512388,0
False,7,15,0,True,144.444,12128,-39,2412,19.643795,141.88357076146002,0
False,7,15,0,True,144.444,12128,-40,2412,19.646539,141.88381475128645,0
False,7,15,0,True,144.444,12128,-40,2412,19.651972,141.88405869461647,0
False,7,15,0,True,144.444,12128,-40,2412,19.655403,141.8843025914634,0
False,7,15,0,True,144.444,12128,-39,2412,19.661656999999998,141.8845464418405,0
False,7,15,0,True,144.444,12128,-39,2412,19.668160999999998,141.88479024576108,0
False,7,15,0,True,144.444,12128,-40,2412,19.671803999999998,141.8850340032384,0
False,7,15,0,True,144.444,12128,-40,2412,19.676526,141.8852777142857,0
False,7,15,0,True,144.444,12128,-40,2412,19.680892,141.88552137891628,0
False,7,15,0,True,144.444,12128,-40,2412,19.687151,141.88576499714338,0
False,7,15,0,True,144.444,12128,-41,2412,19.689648,141.8860085689803,0
False,7,15,0,True,144.444,12128,-40,2412,19.692519,141.8862520944402,0
False,7,15,0,True,144.444,12128,-40,2412,19.695201,141.8864955735364,0
False,7,15,0,True,144.444,12128,-39,2412,19.734417,141.8867390062821,0
False,7,15,0,True,144.444,12128,-40,2412,19.736474,141.88698239269058,0
False,7,15,0,True,144.444,12128,-39,2412,19.740991,141.88722573277502,0
False,7,15,0,True,144.444,12128,-40,2412,19.748987,141.88746902654864,0
False,7,15,0,True,144.444,12128,-39,2412,19.749048,141.88771227402472,0
False,7,15,0,True,144.444,12128,-39,2412,19.752274,141.88795547521642,0
False,7,15,0,True,144.444,12128,-39,2412,19.753178,141.88819863013697,0
False,7,15,0,True,144.444,12128,-38,2412,19.763699,141.88844173879957,0
False,7,15,0,True,144.444,12128,-38,2412,19.768154,141.8886848012174,0
False,7,15,0,True,144.444,12128,-38,2412,19.77386,141.8889278174037,0
False,7,15,0,True,144.444,12128,-38,2412,19.779011999999998,141.8891707873716,0
False,7,15,0,True,144.444,12128,-38,2412,19.781561,141.88941371113432,0
False,7,15,0,True,144.444,12128,-43,2412,19.790719,141.88965658870507,0
False,7,15,0,True,144.444,12128,-38,2412,19.790734999999998,141.88989942009695,0
False,7,15,0,True,144.444,12128,-38,2412,19.797179,141.89014220532317,0
False,7,15,0,True,144.444,12128,-38,2412,19.799879,141.8903849443969,0
False,7,15,0,True,144.444,12128,-38,2412,19.811682,141.8906276373313,0
False,7,15,0,True,144.444,12128,-38,2412,19.817370999999998,141.89087028413948,0
False,7,15,0,True,144.444,12128,-38,2412,19.820421,141.89111288483466,0
False,7,15,0,True,144.444,12128,-38,2412,19.825205999999998,141.8913554394299,0
False,7,15,0,True,144.444,12128,-38,2412,19.82782,141.89159794793844,0
False,7,15,0,True,144.444,12128,-38,2412,19.832729,141.8918404103733,0
False,7,15,0,True,144.444,12128,-38,2412,19.843919,141.89208282674772,0
False,7,15,0,True,144.444,12128,-39,2412,19.850481,141.89232519707474,0
False,7,12,0,True,86.6667,12128,-38,2412,19.864736,85.13583521367522,3
False,7,12,0,True,86.6667,12128,-39,2412,19.87122,85.1359805811414,3
False,7,12,0,True,86.6667,12128,-39,2412,19.875063,85.13612592100266,3
False,7,12,0,True,86.6667,12128,-38,2412,19.878545,85.13627123326688,3
False,7,15,0,True,144.444,12128,-39,2412,19.885877,141.89353635845833,0
False,7,15,0,True,144.444,12128,-39,2412,19.892156,141.89377845277644,0
False,7,15,0,True,144.444,12128,-38,2412,19.908552,141.89402050113893,0
False,7,15,0,True,144.444,12128,-38,2412,19.915693,141.89426250355888,0
False,7,15,0,True,144.444,12128,-38,2412,19.924205999999998,141.89450446004935,0
False,7,15,0,True,144.444,12128,-39,2412,19.926804999999998,141.89474637062338,0
False,7,15,0,True,144.444,12128,-38,2412,19.929956999999998,141.8949882352941,0
False,7,15,0,True,144.444,12128,-38,2412,19.936288,141.89523005407455,0
False,7,12,0,True,86.6667,12128,-38,2412,19.953173,85.13757780307343,3
False,7,12,0,True,86.6667,12128,-38,2412,19.965522,85.13772283979893,3
False,7,12,0,True,86.6667,12128,-39,2412,19.965595999999998,85.13786784901367,3
False,7,15,0,True,144.444,12128,-38,2412,19.970332,141.89619687055475,0
False,7,15,0,True,144.444,12128,-39,2412,19.975842,141.89643846007962,0
False,7,15,0,True,144.444,12128,-39,2412,19.980392,141.89668000379254,0
False,7,15,0,True,144.444,12128,-38,2412,19.987135,141.8969215017065,0
False,7,15,0,True,144.444,12128,-38,2412,19.987184,141.89716295383448,0
False,7,15,0,True,144.444,12128,-39,2412,19.993532,141.89740436018957,0
False,7,15,0,True,144.444,12128,-38,2412,20.032107,141.89764572078474,0
False,7,15,0,True,144.444,12128,-39,2412,20.044994,141.89788703563303,0
False,7,15,0,True,144.444,12128,-38,2412,20.047825,141.89812830474744,0
False,7,15,0,True,144.444,12128,-39,2412,20.05712,141.898369528141,0
False,7,15,0,True,144.444,12128,-39,2412,20.064847,141.8986107058266,0
False,7,15,0,True,144.444,12128,-38,2412,20.070270999999998,141.89885183781735,0
False,7,15,0,True,144.444,12128,-39,2412,20.079492,141.89909292412617,0
False,7,15,0,True,144.444,12128,-39,2412,20.088881999999998,141.89933396476604,0
False,7,15,0,True,144.444,12128,-39,2412,20.092972,141.89957495974997,0
False,7,12,0,True,86.6667,12128,-38,2412,20.097635,85.14018426136364,3
False,7,12,0,True,86.6667,12128,-39,2412,20.103043,85.14032880409053,3
False,7,12,0,True,86.6667,12128,-39,2412,20.104595,85.14047331944708,3
False,7,15,0,True,144.444,12128,-39,2412,20.113779,141.9005384833854,0
False,7,15,0,True,144.444,12128,-39,2412,20.119781,141.90077925028396,0
False,7,15,0,True,144.444,12128,-39,2412,20.130596999999998,141.90101997160434,0
False,7,15,0,True,144.444,12128,-39,2412,20.131652,141.90126064735944,0
False,7,15,0,True,144.444,12128,-39,2412,20.138193,141.9015012775622,0
False,7,15,0,True,144.444,12128,-38,2412,20.155124999999998,141.90174186222558,0
False,7,15,0,True,144.444,12128,-38,2412,20.185048,141.90198240136246,0
False,7,15,0,True,144.444,12128,-39,2412,20.196672,141.9022228949858,0
False,7,12,0,True,86.6667,12128,-39,2412,20.207434,85.14177272727274,3
False,7,12,0,True,86.6667,12128,-39,2412,20.210269999999998,85.14191696935302,3
False,7,15,0,True,144.444,12128,-38,2412,20.227354,141.90294410290363,0
True,7,15,0,True,144.444,12128,-38,2412,20.229233999999998,141.88952411575562,0
True,7,15,0,True,144.444,12128,-39,2412,20.231762,141.87610666666666,0
False,7,15,0,True,144.444,12128,-39,2412,20.247949,141.87634947049924,0
False,7,15,0,True,144.444,12128,-39,2412,20.26093,141.87659222842015,0
False,7,15,0,True,144.444,12128,-39,2412,20.264077,141.87683494044242,0
False,7,15,0,True,144.444,12128,-38,2412,20.277007,141.87707760657906,0
False,7,15,0,True,144.444,12128,-39,2412,20.286338999999998,141.8773202268431,0
False,7,15,0,True,144.444,12128,-39,2412,20.286737,141.8775628012475,0
False,7,15,0,True,144.444,12128,-39,2412,20.294909,141.8778053298053,0
False,7,15,0,True,144.444,12128,-40,2412,20.336721999999998,141.8780478125295,0
False,7,15,0,True,144.444,12128,-40,2412,20.339698,141.8782902494331,0
False,7,15,0,True,144.444,12128,-39,2412,20.345111,141.87853264052904,0
False,7,15,0,True,144.444,12128,-39,2412,20.366916,141.87877498583035,0
False,7,15,0,True,144.444,12128,-39,2412,20.384037,141.87901728534993,0
False,7,15,0,True,144.444,12128,-38,2412,20.393542,141.87925953910084,0
False,7,15,0,True,144.444,12128,-39,2412,20.399037,141.87950174709604,0
False,7,15,0,True,144.444,12128,-38,2412,20.405001,141.87974390934843,0
False,7,15,0,True,144.444,12128,-38,2412,20.409937,141.879986025871,0
False,7,15,0,True,144.444,12128,-38,2412,20.412557,141.88022809667675,0
False,7,15,0,True,144.444,12128,-39,2412,20.426112,141.88047012177853,0
False,7,15,0,True,144.444,12128,-38,2412,20.42957,141.88071210118935,0
False,7,15,0,True,144.444,12128,-38,2412,20.431408,141.88095403492213,0
False,7,15,0,True,144.444,12128,-38,2412,20.442448,141.8811959229898,0
False,7,15,0,True,144.444,12128,-38,2412,20.451627,141.8814377654053,0
False,7,15,0,True,144.444,12128,-38,2412,20.452288,141.88167956218155,0
False,7,15,0,True,144.444,12128,-38,2412,20.452904,141.88192131333145,0
False,7,15,0,True,144.444,12128,-38,2412,20.458953,141.8821630188679,0
False,7,15,0,True,144.444,12128,-38,2412,20.460580999999998,141.88240467880388,0
False,7,15,0,True,144.444,12128,-38,2412,20.481907,141.88264629315222,0
False,7,15,0,True,144.444,12128,-38,2412,20.486043,141.88288786192587,0
False,7,15,0,True,144.444,12128,-38,2412,20.488923,141.88312938513766,0
False,7,15,0,True,144.444,12128,-38,2412,20.492891,141.88337086280055,0
False,7,15,0,True,144.444,12128,-38,2412,20.499294,141.8836122949274,0
False,7,15,0,True,144.444,12128,-37,2412,20.503785,141.88385368153104,0
False,7,15,0,True,144.444,12128,-37,2412,20.518582,141.88409502262442,0
False,7,15,0,True,144.444,12128,-38,2412,20.524993,141.88433631822036,0
False,7,15,0,True,144.444,12128,-37,2412,20.531412,141.88457756833176,0
False,7,15,0,True,144.444,12128,-37,2412,20.535564,141.8848187729714,0
False,7,15,0,True,144.444,12128,-38,2412,20.539521,141.88505993215227,0
False,7,15,0,True,144.444,12128,-37,2412,20.542089,141.8853010458871,0
False,7,15,0,True,144.444,12128,-38,2412,20.546345,141.88554211418878,0
False,7,15,0,True,144.444,12128,-38,2412,20.551907,141.88578313707018,0
False,7,15,0,True,144.444,12128,-38,2412,20.559433,141.88602411454406,0
False,7,15,0,True,144.444,12128,-37,2412,20.560482999999998,141.88626504662332,0
False,7,15,0,True,144.444,12128,-38,2412,20.567472,141.88650593332076,0
False,7,15,0,True,144.444,12128,-37,2412,20.576863,141.8867467746492,0
False,7,15,0,True,144.444,12128,-38,2412,20.582205,141.88698757062144,0
False,7,15,0,True,144.444,12128,-37,2412,20.586569,141.88722832125035,0
False,7,15,0,True,144.444,12128,-36,2412,20.800449999999998,141.88746902654864,0
False,7,15,0,True,144.444,12128,-37,2412,20.805607,141.88770968652923,0
False,7,15,0,True,144.444,12128,-37,2412,20.805639,141.8879503012048,0
False,7,15,0,True,144.444,12128,-38,2412,20.810019,141.88819087058823,0
False,7,15,0,True,144.444,12128,-38,2412,20.816088,141.88843139469225,0
False,7,15,0,True,144.444,12128,-38,2412,20.820216,141.88867187352966,0
False,7,15,0,True,144.444,12128,-38,2412,20.821975,141.88891230711326,0
False,7,15,0,True,144.444,12128,-38,2412,20.830885,141.8891526954558,0
False,7,15,0,True,144.444,12128,-38,2412,20.835088,141.88939303857006,0
False,7,15,0,True,144.444,12128,-38,2412,20.838529,141.88963333646882,0
False,7,15,0,True,144.444,12128,-38,2412,20.841395,141.88987358916478,0
False,7,15,0,True,144.444,12128,-38,2412,20.848526,141.89011379667073,0
False,7,15,0,True,144.444,12128,-39,2412,20.854428,141.89035395899944,0
False,7,15,0,True,144.444,12128,-38,2412,20.85711,141.89059407616358,0
False,7,15,0,True,144.444,12128,-39,2412,20.863637,141.890834148176,0
False,7,15,0,True,144.444,12128,-40,2412,20.864318,141.89107417504934,0
False,7,15,0,True,144.444,12128,-39,2412,20.877487,141.89131415679637,0
False,7,15,0,True,144.444,12128,-40,2412,20.89233,141.89155409342982,0
False,7,15,0,True,144.444,12128,0,2412,20.893085,141.8917939849624,0
False,7,15,0,True,144.444,12128,-40,2412,20.898961,141.8920338314068,0
False,7,15,0,True,144.444,12128,-39,2412,20.935097,141.89227363277578,0
False,7,15,0,True,144.444,12128,-38,2412,20.94203,141.892513389082,0
False,7,15,0,True,144.444,12128,-39,2412,20.950153,141.8927531003382,0
False,7,15,0,True,144.444,12128,-40,2412,20.952721999999998,141.89299276655706,0
False,7,15,0,True,144.444,12128,-40,2412,20.958135,141.89323238775125,0
False,7,15,0,True,144.444,12128,-39,2412,20.963457,141.89347196393348,0
False,7,12,0,True,86.6667,12128,-39,2412,20.979907,85.13652160030054,3
False,7,12,0,True,86.6667,12128,-39,2412,20.989224,85.13666529251573,3
False,7,15,0,True,144.444,12128,-39,2412,20.993389999999998,141.8941904225352,0
False,7,15,0,True,144.444,12128,-40,2412,20.999240999999998,141.89442981879634,0
False,7,15,0,True,144.444,12128,-39,2412,21.002848999999998,141.8946691701089,0
False,7,15,0,True,144.444,12128,-38,2412,21.003125999999998,141.89490847648548,0
False,7,15,0,True,144.444,12128,-39,2412,21.009552,141.8951477379388,0
False,7,15,0,True,144.444,12128,-39,2412,21.011364999999998,141.89538695448147,0
False,7,15,0,True,144.444,12128,-40,2412,21.017537,141.89562612612613,0
False,7,15,0,True,144.444,12128,-40,2412,21.022337,141.89586525288541,0
False,7,15,0,True,144.444,12128,-40,2412,21.028564,141.896104334772,0
False,7,15,0,True,144.444,12128,-40,2412,21.039711,141.89634337179848,0
False,7,15,0,True,144.444,12128,-40,2412,21.04112,141.89658236397747,0
False,7,15,0,True,144.444,12128,-39,2412,21.058367,141.89682131132162,0
False,7,15,0,True,144.444,12128,-40,2412,21.061747999999998,141.89706021384356,0
False,7,15,0,True,144.444,12128,-40,2412,21.065825999999998,141.89729907155584,0
False,7,15,0,True,144.444,12128,0,2412,21.071379999999998,141.89753788447112,0
False,7,15,0,True,144.444,12128,-38,2412,21.071397,141.89777665260195,0
False,7,15,0,True,144.444,12128,-40,2412,21.076403,141.898015375961,0
False,7,15,0,True,144.444,12128,-39,2412,21.096173999999998,141.89825405456077,0
False,7,15,0,True,144.444,12128,-40,2412,21.11196,141.89849268841394,0
False,7,15,0,True,144.444,12128,-39,2412,21.122341,141.89873127753302,0
False,7,15,0,True,144.444,12128,-38,2412,21.144152,141.89896982193065,0
False,7,15,0,True,144.444,12128,-40,2412,21.157834,141.89920832161934,0
False,7,15,0,True,144.444,12128,-38,2412,21.160498999999998,141.89944677661168,0
False,7,15,0,True,144.444,12128,-39,2412,21.163215,141.89968518692027,0
False,7,15,0,True,144.444,12128,-39,2412,21.170249,141.8999235525576,0
False,7,15,0,True,144.444,12128,-39,2412,21.174297,141.9001618735363,0
False,7,15,0,True,144.444,12128,-39,2412,21.179774,141.90040014986886,0
False,7,15,0,True,144.444,12128,-40,2412,21.191205,141.90063838156786,0
False,7,15,0,True,144.444,12128,-38,2412,21.240039,141.9008765686458,0
False,7,15,0,True,144.444,12128,-39,2412,21.247955,141.90111471111527,0
False,7,15,0,True,144.444,12128,-38,2412,21.256307,141.90135280898875,0
False,7,15,0,True,144.444,12128,-39,2412,21.270127,141.9015908622788,0
False,7,15,0,True,144.444,12128,-40,2412,21.290384,141.90182887099792,0
False,7,15,0,True,144.444,12128,-40,2412,21.297,141.90206683515865,0
False,7,15,0,True,144.444,12128,-40,2412,21.315179,141.9023047547735,0
False,7,15,0,True,144.444,12128,-39,2412,21.323417,141.90254262985493,0
False,7,15,0,True,144.444,12128,-40,2412,21.334239,141.9027804604155,0
False,7,15,0,True,144.444,12128,0,2412,21.345221,141.90301824646767,0
False,7,15,0,True,144.444,12128,-38,2412,21.345239,141.90325598802394,0
False,7,15,0,True,144.444,12128,-39,2412,21.370304,141.9034936850968,0
False,7,15,0,True,144.444,12128,-40,2412,21.372225999999998,141.90373133769876,0
False,7,15,0,True,144.444,12128,-39,2412,21.374945,141.90396894584228,0
False,7,15,0,True,144.444,12128,-40,2412,21.398357,141.90420650953982,0
False,7,15,0,True,144.444,12128,-38,2412,21.40473,141.90444402880388,0
False,7,15,0,True,144.444,12128,-39,2412,21.408241999999998,141.90468150364688,0
False,7,15,0,True,144.444,12128,-39,2412,21.421075,141.90491893408134,0
False,7,15,0,True,144.444,12128,-39,2412,21.434431,141.90515632011966,0
False,7,15,0,True,144.444,12128,-39,2412,21.44511,141.90539366177433,0
False,7,15,0,True,144.444,12128,-39,2412,21.464284,141.90563095905776,0
False,7,15,0,True,144.444,12128,-39,2412,21.479321,141.90586821198244,0
False,7,15,0,True,144.444,12128,-39,2412,21.539400999999998,141.90610542056075,0
False,7,15,0,True,144.444,12128,-39,2412,21.552988,141.90634258480515,0
False,7,15,0,True,144.444,12128,-40,2412,21.556057,141.90657970472807,0
False,7,15,0,True,144.444,12128,-39,2412,21.561533,141.90681678034196,0
False,7,15,0,True,144.444,12128,-39,2412,21.567840999999998,141.90705381165918,0
False,7,15,0,True,144.444,12128,-40,2412,21.575274999999998,141.9072907986922,0
False,7,15,0,True,144.444,12128,-39,2412,21.584342,141.90752774145338,0
False,7,15,0,True,144.444,12128,-40,2412,21.584397,141.90776463995516,0
False,7,15,0,True,144.444,12128,-39,2412,21.59177,141.90800149420994,0
False,7,15,0,True,144.444,12128,-40,2412,21.597514999999998,141.90823830423008,0
False,7,15,0,True,144.444,12128,-40,2412,21.602301999999998,141.908475070028,0
False,7,15,0,True,144.444,12128,-39,2412,21.604922,141.90871179161607,0
False,7,15,0,True,144.444,12128,-39,2412,21.607649,141.90894846900673,0
False,7,15,0,True,144.444,12128,-40,2412,21.613637,141.90918510221223,0
False,7,15,0,True,144.444,12128,-38,2412,21.618691,141.9094216912451,0
False,7,15,0,True,144.444,12128,-39,2412,21.626752,141.90965823611756,0
False,7,15,0,True,144.444,12128,-40,2412,21.629623,141.9098947368421,0
False,7,15,0,True,144.444,12128,-40,2412,21.635237,141.910131193431,0
False,7,15,0,True,144.444,12128,-40,2412,21.639499,141.9103676058966,0
False,7,15,0,True,144.444,12128,-39,2412,21.640183999999998,141.91060397425133,0
False,7,15,0,True,144.444,12128,-40,2412,21.645863,141.91084029850745,0
False,7,15,0,True,144.444,12128,-39,2412,21.651568,141.91107657867735,0
False,7,15,0,True,144.444,12128,-40,2412,21.657137,141.91131281477334,0
False,7,15,0,True,144.444,12128,-39,2412,21.668604,141.91154900680777,0
False,7,15,0,True,144.444,12128,-40,2412,21.673725,141.91178515479297,0
False,7,15,0,True,144.444,12128,-39,2412,21.682147,141.91202125874125,0
False,7,15,0,True,144.444,12128,-40,2412,21.687558,141.9122573186649,0
False,7,15,0,True,144.444,12128,-39,2412,21.703666,141.91249333457628,0
False,7,15,0,True,144.444,12128,-39,2412,21.707963,141.91272930648768,0
False,7,15,0,True,144.444,12128,-40,2412,21.71744,141.9129652344114,0
False,7,15,0,True,144.444,12128,-40,2412,21.718398,141.91320111835972,0
False,7,15,0,True,144.444,12128,-40,2412,21.721598999999998,141.91343695834496,0
False,7,15,0,True,144.444,12128,-40,2412,21.727152999999998,141.91367275437943,0
False,7,12,0,True,86.6667,12128,-40,2412,21.732312,85.14863984906364,3
False,7,12,0,True,86.6667,12128,-39,2412,21.736061,85.148781274455,3
False,7,15,0,True,144.444,12128,-38,2412,21.743800999999998,141.91437987890077,0
False,7,15,0,True,144.444,12128,-40,2412,21.759944,141.91461549925484,0
False,7,15,0,True,144.444,12128,-40,2412,21.769191,141.91485107571947,0
False,7,15,0,True,144.444,12128,-40,2412,21.773737,141.91508660830692,0
False,7,15,0,True,144.444,12128,-39,2412,21.776367,141.9153220970295,0
False,7,15,0,True,144.444,12128,-40,2412,21.779128,141.91555754189943,0
False,7,15,0,True,144.444,12128,-38,2412,21.784694,141.91579294292893,0
False,7,15,0,True,144.444,12128,-39,2412,21.79415,141.9160283001303,0
False,7,15,0,True,144.444,12128,-39,2412,21.833189,141.91626361351578,0
True,7,15,0,True,144.444,12128,-40,2412,21.840158,141.90305472822038,0
False,7,15,0,True,144.444,12128,-38,2412,21.849239,141.90329120521173,0
False,7,15,0,True,144.444,12128,-38,2412,21.856676999999998,141.90352763819095,0
False,7,15,0,True,144.444,12128,-39,2412,21.862984,141.90376402717035,0
False,7,15,0,True,144.444,12128,-38,2412,21.869350999999998,141.90400037216224,0
False,7,15,0,True,144.444,12128,-40,2412,21.871747,141.9042366731789,0
False,7,15,0,True,144.444,12128,-40,2412,21.878087,141.90447293023254,0
False,7,15,0,True,144.444,12128,-40,2412,21.881413,141.90470914333548,0
False,7,15,0,True,144.444,12128,-40,2412,21.886619,141.9049453125,0
False,7,15,0,True,144.444,12128,-39,2412,21.895988,141.9051814377383,0
False,7,15,0,True,144.444,12128,-38,2412,21.898640999999998,141.90541751906267,0
False,7,15,0,True,144.444,12128,-40,2412,21.901208999999998,141.90565355648536,0
False,7,15,0,True,144.444,12128,-39,2412,21.907386,141.9058895500186,0
False,7,15,0,True,144.444,12128,-40,2412,21.90745,141.90612549967463,0
False,7,15,0,True,144.444,12128,-38,2412,21.915224,141.90636140546567,0
True,7,15,0,True,144.444,12128,-40,2412,21.917329,141.89317185612043,0
False,7,15,0,True,144.444,12128,-39,2412,21.920091,141.8934089219331,0
False,7,15,0,True,144.444,12128,-40,2412,21.930175,141.89364594368553,0
False,7,15,0,True,144.444,12128,-38,2412,21.943995,141.89388292139006,0
False,7,15,0,True,144.444,12128,-39,2412,21.945542,141.894119855059,0
False,7,15,0,True,144.444,12128,-40,2412,21.950906,141.89435674470457,0
False,7,15,0,True,144.444,12128,-39,2412,21.951804,141.89459359033907,0
False,7,15,0,True,144.444,12128,-17,2412,21.977914,141.89483039197472,0
True,7,15,0,True,144.444,12128,-39,2412,21.977978999999998,141.88165171356923,0
False,7,15,0,True,144.444,12128,0,2412,21.978029,141.8818896731055,0
False,7,15,0,True,144.444,12128,-38,2412,21.978618,141.88212758844833,0
False,7,15,0,True,144.444,12128,-40,2412,21.989843,141.88236545961,0
False,7,15,0,True,144.444,12128,-39,2412,21.992585,141.8826032866029,0
False,7,15,0,True,144.444,12128,-39,2412,21.998223,141.88284106943928,0
False,7,15,0,True,144.444,12128,-40,2412,22.004849,141.88307880813144,0
False,7,15,0,True,144.444,12128,-38,2412,22.007571,141.88331650269166,0
False,7,15,0,True,144.444,12128,-40,2412,22.014259,141.88355415313225,0
False,7,15,0,True,144.444,12128,-40,2412,22.015864999999998,141.88379175946545,0
False,7,15,0,True,144.444,12128,-38,2412,22.020518,141.88402932170362,0
False,7,15,0,True,144.444,12128,-40,2412,22.024271,141.88426683985898,0
False,7,15,0,True,144.444,12128,-40,2412,22.038066,141.88450431394375,0
True,7,15,0,True,144.444,12128,-40,2412,22.042078,141.87134248608533,0
False,7,15,0,True,144.444,12128,-40,2412,22.046419999999998,141.8715811149244,0
False,7,15,0,True,144.444,12128,-40,2412,22.049031,141.87181969949916,0
False,7,15,0,True,144.444,12128,-40,2412,22.05301,141.87205823982194,0
False,7,15,0,True,144.444,12128,-39,2412,22.068027999999998,141.87229673590505,0
False,7,15,0,True,144.444,12128,-40,2412,22.074021,141.87253518776077,0
False,7,15,0,True,144.444,12128,-40,2412,22.079047,141.87277359540144,0
False,7,15,0,True,144.444,12128,-39,2412,22.082781999999998,141.87301195883933,0
False,7,15,0,True,144.444,12128,-38,2412,22.088231999999998,141.87325027808674,0
False,7,15,0,True,144.444,12128,-40,2412,22.092648,141.87348855315597,0
False,7,15,0,True,144.444,12128,-39,2412,22.095259,141.8737267840593,0
False,7,15,0,True,144.444,12128,-38,2412,22.271902,141.873964970809,0
False,7,15,0,True,144.444,12128,-40,2412,22.278261,141.87420311341734,0
False,7,15,0,True,144.444,12128,-39,2412,22.283023,141.8744412118966,0
False,7,15,0,True,144.444,12128,-38,2412,22.285567,141.87467926625902,0
False,7,15,0,True,144.444,12128,-40,2412,22.289587,141.8749172765169,0
False,7,15,0,True,144.444,12128,-39,2412,22.293862999999998,141.87515524268247,0
False,7,15,0,True,144.444,12128,-39,2412,22.302138,141.87539316476798,0
False,7,15,0,True,144.444,12128,-40,2412,22.30735,141.8756310427857,0
False,7,15,0,True,144.444,12128,-40,2412,22.31,141.87586887674783,0
False,7,15,0,True,144.444,12128,-39,2412,22.322301,141.87610666666666,0
False,7,15,0,True,144.444,12128,-38,2412,22.33271,141.87634441255437,0
False,7,15,0,True,144.444,12128,-40,2412,22.332767999999998,141.87658211442326,0
False,7,15,0,True,144.444,12128,-39,2412,22.337304,141.87681977228547,0
False,7,15,0,True,144.444,12128,-39,2412,22.343837,141.87705738615327,0
False,7,15,0,True,144.444,12128,-39,2412,22.351342,141.87729495603887,0
False,7,15,0,True,144.444,12128,-40,2412,22.354603,141.87753248195446,0
False,7,15,0,True,144.444,12128,-39,2412,22.358358,141.87776996391227,0
False,7,15,0,True,144.444,12128,-38,2412,22.371223,141.8780074019245,0
False,7,15,0,True,144.444,12128,-40,2412,22.384375,141.87824479600332,0
False,7,15,0,True,144.444,12128,-39,2412,22.389236,141.87848214616096,0
False,7,15,0,True,144.444,12128,-39,2412,22.391841,141.87871945240957,0
False,7,15,0,True,144.444,12128,-39,2412,22.401027,141.87895671476136,0
False,7,15,0,True,144.444,12128,-40,2412,22.436968,141.87919393322852,0
False,7,15,0,True,144.444,12128,-39,2412,22.447699,141.87943110782317,0
False,7,15,0,True,144.444,12128,-40,2412,22.450816,141.87966823855754,0
False,7,15,0,True,144.444,12128,-39,2412,22.456153,141.8799053254438,0
False,7,15,0,True,144.444,12128,-40,2412,22.460760999999998,141.88014236849403,0
False,7,15,0,True,144.444,12128,-40,2412,22.493285,141.88037936772045,0
False,7,15,0,True,144.444,12128,-40,2412,22.493339,141.8806163231352,0
False,7,15,0,True,144.444,12128,-40,2412,22.500042999999998,141.88085323475045,0
False,7,15,0,True,144.444,12128,-40,2412,22.507528999999998,141.8810901025783,0
False,7,15,0,True,144.444,12128,-38,2412,22.513984,141.88132692663092,0
False,7,15,0,True,144.444,12128,-39,2412,22.51665,141.88156370692045,0
False,7,15,0,True,144.444,12128,-40,2412,22.523934999999998,141.88180044345899,0
False,7,15,0,True,144.444,12128,-41,2412,22.542868,141.88203713625865,0
False,7,15,0,True,144.444,12128,-38,2412,22.560939,141.8822737853316,0
False,7,15,0,True,144.444,12128,-40,2412,22.563511,141.88251039068993,0
False,7,15,0,True,144.444,12128,-40,2412,22.574555,141.88274695234577,0
False,7,15,0,True,144.444,12128,-40,2412,22.577583999999998,141.8829834703112,0
False,7,15,0,True,144.444,12128,-40,2412,22.589743,141.88321994459832,0
False,7,15,0,True,144.444,12128,-40,2412,22.591862,141.88345637521928,0
False,7,15,0,True,144.444,12128,-39,2412,22.594273,141.88369276218612,0
False,7,15,0,True,144.444,12128,-40,2412,22.599602,141.88392910551093,0
False,7,15,0,True,144.444,12128,-40,2412,22.604143999999998,141.8841654052058,0
False,7,15,0,True,144.444,12128,-40,2412,22.604176,141.88440166128288,0
False,7,15,0,True,144.444,12128,-39,2412,22.617355,141.88463787375414,0
False,7,15,0,True,144.444,12128,-40,2412,22.622481,141.8848740426317,0
False,7,15,0,True,144.444,12128,-40,2412,22.627427,141.88511016792765,0
False,7,15,0,True,144.444,12128,-40,2412,22.634596,141.88534624965402,0
False,7,15,0,True,144.444,12128,-43,2412,22.642253999999998,141.88558228782287,0
False,7,15,0,True,144.444,12128,-40,2412,22.642274,141.88581828244625,0
False,7,15,0,True,144.444,12128,-39,2412,22.642336999999998,141.88605423353624,0
False,7,15,0,True,144.444,12128,-38,2412,22.646881,141.88629014110487,0
False,7,15,0,True,144.444,12128,-40,2412,22.652338,141.88652600516414,0
False,7,15,0,True,144.444,12128,-40,2412,22.656928,141.88676182572613,0
False,7,15,0,True,144.444,12128,-40,2412,22.664353,141.88699760280286,0
False,7,15,0,True,144.444,12128,-39,2412,22.66443,141.88723333640635,0
False,7,15,0,True,144.444,12128,-39,2412,22.679571,141.88746902654864,0
False,7,15,0,True,144.444,12128,-40,2412,22.686228,141.88770467324176,0
False,7,15,0,True,144.444,12128,-40,2412,22.689986,141.8879402764977,0
False,7,15,0,True,144.444,12128,-40,2412,22.696566999999998,141.88817583632843,0
False,7,15,0,True,144.444,12128,-39,2412,22.739905999999998,141.88841135274603,0
False,7,15,0,True,144.444,12128,-39,2412,22.746565999999998,141.88864682576246,0
False,7,15,0,True,144.444,12128,-39,2412,22.749209,141.8888822553897,0
False,7,15,0,True,144.444,12128,-40,2412,22.757386999999998,141.88911764163979,0
False,7,15,0,True,144.444,12128,-39,2412,22.763222,141.88935298452466,0
False,7,15,0,True,144.444,12128,-39,2412,22.768622,141.88958828405637,0
False,7,15,0,True,144.444,12128,-40,2412,22.771352999999998,141.88982354024682,0
False,7,15,0,True,144.444,12128,-40,2412,22.779707,141.890058753108,0
False,7,15,0,True,144.444,12128,-40,2412,22.782472,141.89029392265192,0
False,7,15,0,True,144.444,12128,-40,2412,22.786926,141.89052904889053,0
False,7,15,0,True,144.444,12128,0,2412,22.789891,141.89076413183574,0
False,7,15,0,True,144.444,12128,-40,2412,22.789908999999998,141.89099917149957,0
False,7,15,0,True,144.444,12128,-40,2412,22.79321,141.89123416789394,0
False,7,15,0,True,144.444,12128,-40,2412,22.798932999999998,141.89146912103084,0
True,7,15,0,True,144.444,12128,-38,2412,22.798965,141.87841082274986,0
False,7,15,0,True,144.444,12128,-40,2412,22.804333,141.87864691267137,0
False,7,15,0,True,144.444,12128,-39,2412,22.807038,141.87888295914613,0
False,7,15,0,True,144.444,12128,-39,2412,22.822974,141.87911896218603,0
False,7,15,0,True,144.444,12128,-38,2412,22.825644,141.87935492180313,0
False,7,15,0,True,144.444,12128,-40,2412,22.833566,141.87959083800936,0
False,7,15,0,True,144.444,12128,-39,2412,22.836242,141.87982671081676,0
False,7,15,0,True,144.444,12128,-40,2412,22.839742,141.88006254023728,0
False,7,15,0,True,144.444,12128,-40,2412,22.84618,141.88029832628285,0
False,7,15,0,True,144.444,12128,-39,2412,22.846267,141.88053406896552,0
False,7,15,0,True,144.444,12128,-39,2412,22.850838,141.88076976829717,0
False,7,15,0,True,144.444,12128,-40,2412,22.858373999999998,141.88100542428978,0
False,7,15,0,True,144.444,12128,-39,2412,22.860972999999998,141.88124103695532,0
False,7,15,0,True,144.444,12128,-39,2412,22.868482999999998,141.8814766063057,0
False,7,15,0,True,144.444,12128,-40,2412,22.871115,141.88171213235293,0
False,7,15,0,True,144.444,12128,-40,2412,22.878804,141.88194761510888,0
False,7,15,0,True,144.444,12128,-39,2412,22.879063,141.88218305458554,0
False,7,15,0,True,144.444,12128,-40,2412,22.882751,141.8824184507948,0
False,7,15,0,True,144.444,12128,-40,2412,22.888115,141.8826538037486,0
False,7,15,0,True,144.444,12128,-39,2412,22.895172,141.88288911345887,0
False,7,15,0,True,144.444,12128,-40,2412,22.898533,141.88312437993753,0
False,7,15,0,True,144.444,12128,-40,2412,22.911345999999998,141.88335960319645,0
False,7,15,0,True,144.444,12128,-40,2412,22.911738,141.8835947832476,0
False,7,15,0,True,144.444,12128,-39,2412,22.923609,141.88382992010284,0
False,7,15,0,True,144.444,12128,-40,2412,22.929412,141.8840650137741,0
False,7,15,0,True,144.444,12128,-40,2412,22.936709999999998,141.88430006427325,0
False,7,15,0,True,144.444,12128,-39,2412,22.944542,141.88453507161216,0
False,7,15,0,True,144.444,12128,-39,2412,22.948853,141.8847700358028,0
False,7,15,0,True,144.444,12128,-40,2412,22.954666,141.88500495685696,0
False,7,15,0,True,144.444,12128,-38,2412,22.969243,141.88523983478657,0
False,7,15,0,True,144.444,12128,-40,2412,22.969276999999998,141.88547466960352,0
False,7,15,0,True,144.444,12128,-39,2412,22.970128,141.8857094613196,0
False,7,15,0,True,144.444,12128,-40,2412,22.975585,141.88594420994679,0
False,7,15,0,True,144.444,12128,-39,2412,22.983188,141.88617891549683,0
False,7,15,0,True,144.444,12128,-40,2412,22.986321,141.88641357798164,0
False,7,15,0,True,144.444,12128,-40,2412,22.991336,141.88664819741308,0
False,7,15,0,True,144.444,12128,-40,2412,22.993405,141.88688277380297,0
False,7,15,0,True,144.444,12128,0,2412,23.035028,141.88711730716315,0
False,7,15,0,True,144.444,12128,-40,2412,23.035045,141.8873517975055,0
False,7,15,0,True,144.444,12128,-40,2412,23.040471,141.8875862448418,0
False,7,15,0,True,144.444,12128,-41,2412,23.042987,141.8878206491839,0
True,7,15,0,True,144.444,12128,-41,2412,23.044562,141.87481177225635,0
False,7,15,0,True,144.444,12128,-41,2412,23.051626,141.87504730473046,0
False,7,15,0,True,144.444,12128,-41,2412,23.054291,141.87528279402326,0
False,7,15,0,True,144.444,12128,-40,2412,23.057161,141.87551824014665,0
False,7,15,0,True,144.444,12128,-41,2412,23.067764,141.87575364311243,0
False,7,15,0,True,144.444,12128,-41,2412,23.074202,141.87598900293253,0
False,7,15,0,True,144.444,12128,-40,2412,23.076784,141.87622431961879,0
False,7,15,0,True,144.444,12128,-40,2412,23.08664,141.87645959318306,0
False,7,15,0,True,144.444,12128,-41,2412,23.091835,141.87669482363717,0
False,7,15,0,True,144.444,12128,-41,2412,23.101786999999998,141.87693001099302,0
False,7,15,0,True,144.444,12128,-41,2412,23.103825999999998,141.87716515526242,0
False,7,15,0,True,144.444,12128,0,2412,23.108045999999998,141.8774002564572,0
False,7,15,0,True,144.444,12128,-40,2412,23.110125,141.87763531458924,0
False,7,15,0,True,144.444,12128,-39,2412,23.114207,141.87787032967032,0
False,7,15,0,True,144.444,12128,-40,2412,23.117848,141.87810530171228,0
False,7,15,0,True,144.444,12128,-40,2412,23.120386,141.87834023072696,0
False,7,15,0,True,144.444,12128,-41,2412,23.130399999999998,141.87857511672618,0
False,7,15,0,True,144.444,12128,-41,2412,23.130429,141.8788099597217,0
True,7,15,0,True,144.444,12128,-39,2412,23.130456,141.86582334096107,0
False,7,15,0,True,144.444,12128,-39,2412,23.145084,141.86605930807247,0
False,7,15,0,True,144.444,12128,-39,2412,23.145722,141.86629523199414,0
False,7,15,0,True,144.444,12128,-40,2412,23.151161,141.8665311127379,0
False,7,15,0,True,144.444,12128,-44,2412,23.154318,141.86676695031568,0
False,7,15,0,True,144.444,12128,-40,2412,23.154335,141.86700274473924,0
False,7,15,0,True,144.444,12128,-40,2412,23.160908,141.8672384960205,0
False,7,15,0,True,144.444,12128,-40,2412,23.162866,141.86747420417123,0
False,7,15,0,True,144.444,12128,-40,2412,23.168978,141.86770986920334,0
False,7,15,0,True,144.444,12128,-40,2412,23.17504,141.86794549112858,0
False,7,15,0,True,144.444,12128,-39,2412,23.17644,141.86818106995884,0
False,7,15,0,True,144.444,12128,-40,2412,23.182353,141.8684166057059,0
False,7,15,0,True,144.444,12128,-40,2412,23.19141,141.86865209838163,0
False,7,15,0,True,144.444,12128,-40,2412,23.198248,141.8688875479978,0
False,7,15,0,True,144.444,12128,-40,2412,23.201665,141.86912295456622,0
False,7,15,0,True,144.444,12128,-39,2412,23.206608,141.8693583180987,0
False,7,15,0,True,144.444,12128,-40,2412,23.212555,141.86959363860706,0
False,7,15,0,True,144.444,12128,-40,2412,23.224034,141.86982891610307,0
False,7,15,0,True,144.444,12128,-39,2412,23.239361,141.87006415059855,0
False,7,15,0,True,144.444,12128,-39,2412,23.262612999999998,141.87029934210526,0
False,7,15,0,True,144.444,12128,-39,2412,23.266047999999998,141.87053449063498,0
False,7,15,0,True,144.444,12128,-39,2412,23.271795,141.87076959619952,0
False,7,15,0,True,144.444,12128,-38,2412,23.275904,141.87100465881062,0
False,7,15,0,True,144.444,12128,-39,2412,23.280162,141.87123967848007,0
False,7,15,0,True,144.444,12128,-40,2412,23.289696,141.87147465521966,0
False,7,12,0,True,86.6667,12128,-39,2412,23.293993999999998,85.12332041095891,3
False,7,12,0,True,86.6667,12128,-39,2412,23.342624999999998,85.1234613459958,3
False,7,15,0,True,144.444,12128,-40,2412,23.349501,141.87217932797662,0
False,7,15,0,True,144.444,12128,-39,2412,23.354179,141.8724141331142,0
False,7,15,0,True,144.444,12128,-40,2412,23.354194,141.87264889538068,0
False,7,15,0,True,144.444,12128,-39,2412,23.358541,141.87288361478775,0
False,7,15,0,True,144.444,12128,-40,2412,23.368326,141.8731182913472,0
False,7,15,0,True,144.444,12128,-40,2412,23.454938,141.87335292507072,0
False,7,15,0,True,144.444,12128,-40,2412,23.474618,141.87358751597006,0
False,7,15,0,True,144.444,12128,-41,2412,23.484686,141.87382206405692,0
False,7,15,0,True,144.444,12128,-40,2412,23.496439,141.87405656934305,0
False,7,15,0,True,144.444,12128,-39,2412,23.518432,141.87429103184016,0
False,7,15,0,True,144.444,12128,-40,2412,23.831445,141.87452545155992,0
False,7,15,0,True,144.444,12128,-39,2412,23.96368,141.87475982851407,0
False,7,15,0,True,144.444,12128,-39,2412,23.991972999999998,141.87499416271433,0
False,7,15,0,True,144.444,12128,-40,2412,24.01923,141.87522845417234,0
False,7,15,0,True,144.444,12128,-40,2412,24.050319,141.87546270289988,0
False,7,15,0,True,144.444,12128,-39,2412,24.064569,141.87569690890854,0
False,7,12,0,True,86.6667,12128,-40,2412,24.098087,85.12585330962801,3
False,7,15,0,True,144.444,12128,-40,2412,24.118218,141.8761651928161,0
False,7,15,0,True,144.444,12128,-39,2412,24.232805,141.87639927073837,0
False,7,15,0,True,144.444,12128,-39,2412,24.319796,141.87663330598852,0
False,7,15,0,True,144.444,12128,-40,2412,24.33822,141.8768672985782,0
False,7,15,0,True,144.444,12128,-40,2412,24.421523,141.8771012485191,0
False,7,15,0,True,144.444,12128,-40,2412,24.435344999999998,141.87733515582283,0
False,7,15,0,True,144.444,12128,-39,2412,24.458324,141.8775690205011,0
False,7,15,0,True,144.444,12128,-40,2412,24.558519999999998,141.8778028425656,0
False,7,15,0,True,144.444,12128,-40,2412,24.598218,141.87803662202788,0
False,7,15,0,True,144.444,12128,-39,2412,24.630677,141.8782703588996,0
False,7,15,0,True,144.444,12128,-40,2412,24.644344999999998,141.87850405319244,0
False,7,15,0,True,144.444,12128,-40,2412,24.667873,141.87873770491802,0
False,7,15,0,True,144.444,12128,-38,2412,24.707387,141.87897131408795,0
False,7,15,0,True,144.444,12128,-40,2412,24.740429,141.87920488071387,0
False,7,12,0,True,86.6667,12128,-39,2412,24.753999,85.12795771647092,3
False,7,15,0,True,144.444,12128,-40,2412,24.765935,141.87967188638018,0
False,7,15,0,True,144.444,12128,-40,2412,24.792951,141.8799053254438,0
False,7,15,0,True,144.444,12128,-40,2412,24.854291,141.8801387220098,0
False,7,15,0,True,144.444,12128,-40,2412,24.882843,141.8803720760899,0
False,7,15,0,True,144.444,12128,-40,2412,24.922248,141.88060538769565,0
False,7,15,0,True,144.444,12128,-40,2412,24.930321,141.88083865683865,0
False,7,15,0,True,144.444,12128,-40,2412,24.960034999999998,141.88107188353047,0
False,7,15,0,True,144.444,12128,-40,2412,25.003107,141.8813050677827,0
False,7,15,0,True,144.444,12128,-40,2412,25.009455,141.88153820960696,0
False,7,15,0,True,144.444,12128,-40,2412,25.282374,141.88177130901482,0
False,7,15,0,True,144.444,12128,-40,2412,25.306036,141.8820043660178,0
False,7,15,0,True,144.444,12128,-40,2412,25.314382,141.88223738062754,0
False,7,15,0,True,144.444,12128,-40,2412,25.340044,141.88247035285556,0
False,7,15,0,True,144.444,12128,-39,2412,25.346479,141.88270328271344,0
False,7,15,0,True,144.444,12128,-39,2412,25.348363,141.88293617021276,0
False,7,15,0,True,144.444,12128,-40,2412,25.354554,141.883169015365,0
False,7,15,0,True,144.444,12128,-39,2412,25.357098,141.88340181818182,0
False,7,15,0,True,144.444,12128,-39,2412,25.362484,141.88363457867467,0
False,7,15,0,True,144.444,12128,-39,2412,25.365228,141.8838672968551,0
False,7,15,0,True,144.444,12128,-41,2412,25.370468,141.8840999727347,0
False,7,15,0,True,144.444,12128,-40,2412,25.381811,141.88433260632496,0
False,7,15,0,True,144.444,12128,-40,2412,25.384587,141.88456519763741,0
False,7,15,0,True,144.444,12128,-39,2412,25.38728,141.8847977466836,0
False,7,15,0,True,144.444,12128,-39,2412,25.429631,141.88503025347504,0
False,7,15,0,True,144.444,12128,-39,2412,25.440507,141.88526271802326,0
False,7,15,0,True,144.444,12128,-39,2412,25.445972,141.8854951403397,0
False,7,15,0,True,144.444,12128,-39,2412,25.451265,141.88572752043595,0
False,7,15,0,True,144.444,12128,-40,2412,25.456701,141.88595985832347,0
False,7,15,0,True,144.444,12128,-39,2412,25.459633999999998,141.8861921540138,0
False,7,15,0,True,144.444,12128,-39,2412,25.464631999999998,141.88642440751838,0
False,7,15,0,True,144.444,12128,-39,2412,25.467329,141.88665661884872,0
False,7,15,0,True,144.444,12128,-39,2412,25.474151,141.88688878801634,0
False,7,15,0,True,144.444,12128,-39,2412,25.474353,141.88712091503268,0
False,7,15,0,True,144.444,12128,-40,2412,25.484863999999998,141.8873529999092,0
False,7,15,0,True,144.444,12128,-40,2412,25.495753999999998,141.88758504265746,0
False,7,15,0,True,144.444,12128,-40,2412,25.498497999999998,141.88781704328883,0
False,7,15,0,True,144.444,12128,-40,2412,25.501284,141.88804900181486,0
False,7,15,0,True,144.444,12128,-39,2412,25.503937,141.88828091824698,0
False,7,15,0,True,144.444,12128,-40,2412,25.518753,141.8885127925966,0
False,7,15,0,True,144.444,12128,-40,2412,25.522443,141.88874462487524,0
False,7,15,0,True,144.444,12128,-38,2412,25.528667,141.88897641509433,0
False,7,15,0,True,144.444,12128,-40,2412,25.552222,141.8892081632653,0
False,7,15,0,True,144.444,12128,-40,2412,25.559781,141.8894398693996,0
False,7,15,0,True,144.444,12128,-40,2412,25.562303,141.88967153350865,0
False,7,15,0,True,144.444,12128,-40,2412,25.569971,141.8899031556039,0
False,7,15,0,True,144.444,12128,-39,2412,25.576256,141.8901347356968,0
False,7,15,0,True,144.444,12128,-40,2412,25.579508,141.89036627379872,0
False,7,15,0,True,144.444,12128,-39,2412,25.589572999999998,141.89059776992113,0
False,7,15,0,True,144.444,12128,-39,2412,25.593868,141.89082922407542,0
False,7,15,0,True,144.444,12128,-40,2412,25.599063,141.89106063627298,0
False,7,15,0,True,144.444,12128,-40,2412,25.605104,141.89129200652528,0
False,7,15,0,True,144.444,12128,-40,2412,25.613889999999998,141.89152333484367,0
False,7,15,0,True,144.444,12128,-40,2412,25.619566,141.89175462123956,0
False,7,15,0,True,144.444,12128,-39,2412,25.624434,141.89198586572437,0
False,7,15,0,True,144.444,12128,-40,2412,25.630358,141.89221706830946,0
False,7,15,0,True,144.444,12128,-40,2412,25.632442,141.89244822900625,0
False,7,15,0,True,144.444,12128,-40,2412,25.638054,141.8926793478261,0
False,7,15,0,True,144.444,12128,-39,2412,25.640617,141.89291042478035,0
False,7,15,0,True,144.444,12128,-39,2412,25.648702,141.89314145988044,0
False,7,15,0,True,144.444,12128,-38,2412,25.65329,141.89337245313772,0
False,7,15,0,True,144.444,12128,-40,2412,25.666177,141.89360340456355,0
False,7,15,0,True,144.444,12128,-39,2412,25.666493,141.89383431416928,0
False,7,15,0,True,144.444,12128,-40,2412,25.667319,141.8940651819663,0
False,7,15,0,True,144.444,12128,-40,2412,25.672871,141.89429600796595,0
True,7,15,0,True,144.444,12128,-40,2412,25.67468,141.881452570601,0
False,7,15,0,True,144.444,12128,-39,2412,25.677207,141.8816844963345,0
False,7,15,0,True,144.444,12128,-40,2412,25.686208,141.88191638009047,0
False,7,15,0,True,144.444,12128,-41,2412,25.691755999999998,141.88214822188036,0
False,7,15,0,True,144.444,12128,-40,2412,25.734216,141.8823800217155,0
False,7,15,0,True,144.444,12128,-39,2412,25.740237,141.88261177960734,0
False,7,15,0,True,144.444,12128,-41,2412,25.746413999999998,141.88284349556722,0
False,7,15,0,True,144.444,12128,-40,2412,25.75279,141.8830751696065,0
False,7,15,0,True,144.444,12128,-39,2412,25.766156,141.8833068017366,0
False,7,15,0,True,144.444,12128,-40,2412,25.773803,141.88353839196887,0
False,7,15,0,True,144.444,12128,-40,2412,25.774131999999998,141.8837699403147,0
False,7,15,0,True,144.444,12128,-40,2412,25.783673,141.88400144678542,0
False,7,15,0,True,144.444,12128,-40,2412,25.784026,141.8842329113924,0
False,7,15,0,True,144.444,12128,-39,2412,25.792531999999998,141.884464334147,0
False,7,15,0,True,144.444,12128,-40,2412,25.797251,141.88469571506056,0
False,7,15,0,True,144.444,12128,-40,2412,25.831129,141.88492705414444,0
False,7,15,0,True,144.444,12128,-40,2412,25.836395,141.88515835140996,0
False,7,15,0,True,144.444,12128,-40,2412,25.875027,141.8853896068685,0
False,7,15,0,True,144.444,12128,-40,2412,25.883074999999998,141.88562082053133,0
False,7,15,0,True,144.444,12128,-39,2412,25.88413,141.88585199240987,0
False,7,15,0,True,144.444,12128,-39,2412,25.903563,141.88608312251534,0
False,7,15,0,True,144.444,12128,-39,2412,25.92849,141.88631421085915,0
False,7,15,0,True,144.444,12128,-39,2412,25.934222,141.88654525745255,0
False,7,15,0,True,144.444,12128,-40,2412,25.93791,141.8867762623069,0
False,7,15,0,True,144.444,12128,-39,2412,25.943481,141.8870072254335,0
False,7,15,0,True,144.444,12128,-39,2412,25.944639,141.88723814684366,0
False,7,15,0,True,144.444,12128,-39,2412,25.95027,141.88746902654864,0
False,7,15,0,True,144.444,12128,-39,2412,25.958244999999998,141.8876998645598,0
False,7,15,0,True,144.444,12128,-40,2412,25.971624,141.8879306608884,0
False,7,15,0,True,144.444,12128,-39,2412,25.97456,141.8881614155457,0
False,7,15,0,True,144.444,12128,-40,2412,25.978314,141.88839212854305,0
False,7,15,0,True,144.444,12128,-39,2412,25.982241,141.8886227998917,0
False,7,15,0,True,144.444,12128,-40,2412,25.985182,141.88885342960288,0
False,7,15,0,True,144.444,12128,-39,2412,25.986353,141.88908401768794,0
False,7,15,0,True,144.444,12128,-39,2412,25.997369,141.88931456415807,0
True,7,15,0,True,144.444,12128,-39,2412,26.035313,141.8765121357033,0
False,7,15,0,True,144.444,12128,-40,2412,26.039747,141.8767437748105,0
False,7,12,0,True,86.6667,12128,-40,2412,26.045386999999998,85.12647989174562,3
False,7,12,0,True,86.6667,12128,-41,2412,26.048834,85.12661882554575,3
False,7,15,0,True,144.444,12128,-40,2412,26.053241,141.87743844141787,0
False,7,15,0,True,144.444,12128,-39,2412,26.055947,141.8776699134199,0
False,7,15,0,True,144.444,12128,-40,2412,26.067128,141.8779013436739,0
False,7,15,0,True,144.444,12128,-41,2412,26.07047,141.87813273219115,0
False,7,15,0,True,144.444,12128,-39,2412,26.075003,141.87836407898294,0
False,7,15,0,True,144.444,12128,-39,2412,26.080306999999998,141.8785953840606,0
False,7,15,0,True,144.444,12128,-40,2412,26.083914,141.87882664743532,0
False,7,15,0,True,144.444,12128,-40,2412,26.089318,141.87905786911844,0
False,7,15,0,True,144.444,12128,-40,2412,26.099947,141.8792890491212,0
False,7,15,0,True,144.444,12128,-40,2412,26.109419,141.87952018745492,0
False,7,15,0,True,144.444,12128,-39,2412,26.11795,141.87975128413083,0
False,7,15,0,True,144.444,12128,-40,2412,26.120494,141.8799823391602,0
False,7,15,0,True,144.444,12128,-39,2412,26.128166999999998,141.88021335255428,0
False,7,15,0,True,144.444,12128,-40,2412,26.131836,141.88044432432432,0
False,7,15,0,True,144.444,12128,-39,2412,26.137741,141.88067525448156,0
False,7,15,0,True,144.444,12128,-39,2412,26.140439,141.8809061430373,0
False,7,15,0,True,144.444,12128,-39,2412,26.150568,141.8811369900027,0
True,7,15,0,True,144.444,12128,-40,2412,26.151211,141.86835951008644,0
False,7,15,0,True,144.444,12128,-39,2412,26.154013,141.8685914452949,0
False,7,15,0,True,144.444,12128,-40,2412,26.164151,141.8688233387358,0
False,7,15,0,True,144.444,12128,-39,2412,26.174101999999998,141.86905519042045,0
False,7,15,0,True,144.444,12128,-40,2412,26.176747,141.8692870003601,0
True,7,15,0,True,144.444,12128,-41,2412,26.178314999999998,141.85651633810423,0
True,7,15,0,True,144.444,12128,-40,2412,26.178349,141.84374797479748,0
False,7,15,0,True,144.444,12128,-39,2412,26.184735,141.84398199982,0
False,7,15,0,True,144.444,12128,-39,2412,26.191501,141.84421598272138,0
False,7,15,0,True,144.444,12128,-39,2412,26.19252,141.844449923513,0
True,7,15,0,True,144.444,12128,-39,2412,26.194639,141.83168724131724,0
False,7,15,0,True,144.444,12128,-40,2412,26.198446999999998,141.83192226720647,0
False,7,15,0,True,144.444,12128,-40,2412,26.208686,141.83215725080964,0
False,7,15,0,True,144.444,12128,-40,2412,26.213584,141.83239219213814,0
False,7,15,0,True,144.444,12128,-40,2412,26.221462,141.83262709120345,0
False,7,15,0,True,144.444,1760,0,2412,26.222383999999998,141.8328619480169,0
False,7,15,0,True,144.444,1568,-39,2412,26.222400999999998,141.83309676258992,0
False,7,15,0,True,144.444,12128,-40,2412,26.227439999999998,141.8333315349339,0
False,7,15,0,True,144.444,12128,-40,2412,26.230159999999998,141.83356626506023,0
False,7,15,0,True,144.444,12128,-40,2412,26.234361,141.8338009529803,0
False,7,15,0,True,144.444,12128,-40,2412,26.243507,141.8340355987055,0
False,7,15,0,True,144.444,12128,-39,2412,26.246007,141.83427020224718,0
False,7,15,0,True,144.444,12128,-39,2412,26.251525,141.83450476361674,0
False,7,15,0,True,144.444,12128,-40,2412,26.257493999999998,141.83473928282555,0
True,7,15,0,True,144.444,12128,-41,2412,26.26202,141.82199352983466,0
True,7,15,0,True,144.444,12128,-39,2412,26.262041,141.80925006739147,0
False,7,12,0,True,86.6667,12128,-39,2412,26.267286,85.08598660377359,3
False,7,12,0,True,86.6667,12128,-40,2412,26.270855,85.08612861378134,3
False,7,12,0,True,86.6667,12128,-40,2412,26.273419,85.08627059827525,3
False,7,15,0,True,144.444,12128,-40,2412,26.278050999999998,141.8101967124764,0
False,7,15,0,True,144.444,12128,-39,2412,26.281351,141.810433267469,0
False,7,15,0,True,144.444,12128,-40,2412,26.286914,141.81066977997304,0
False,7,15,0,True,144.444,12128,-40,2412,26.293598,141.81090625,0
False,7,11,0,True,57.7778,12128,-39,2412,26.330446,56.72465342551854,4
False,7,11,0,True,57.7778,12128,-39,2412,26.336071,56.72474797988867,4
False,7,11,0,True,57.7778,12128,-39,2412,26.339234,56.72484251728162,4
False,7,11,0,True,57.7778,12128,-39,2412,26.34226,56.72493703770197,4
False,7,11,0,True,57.7778,12128,-38,2412,26.34902,56.725031541154294,4
False,7,11,0,True,57.7778,12128,-40,2412,26.349066999999998,56.72512602764315,4
False,7,11,0,True,57.7778,12128,0,2412,26.353415,56.72522049717311,4
False,7,11,0,True,57.7778,704,-40,2412,26.353431,56.72531494974874,4
False,7,15,0,True,144.444,12128,-40,2412,26.365420999999998,141.8130325706595,0
False,7,15,0,True,144.444,12128,-40,2412,26.366339,141.81326861654404,0
False,7,15,0,True,144.444,12128,-40,2412,26.370324,141.81350462007714,0
False,7,15,0,True,144.444,12128,-40,2412,26.372975999999998,141.81374058127017,0
False,7,15,0,True,144.444,12128,-40,2412,26.379653,141.81397650013454,0
False,7,15,0,True,144.444,12128,-39,2412,26.380843,141.81421237668158,0
False,7,15,0,True,144.444,12128,-40,2412,26.388332,141.8144482109228,0
False,7,15,0,True,144.444,12128,-40,2412,26.390544,141.81468400286943,0
False,7,11,0,True,57.7778,12128,-40,2412,26.401284,56.726164260737015,4
False,7,15,0,True,144.444,12128,-40,2412,26.404004,141.81515545992468,0
False,7,15,0,True,144.444,12128,-40,2412,26.410609,141.815391125056,0
True,7,15,0,True,144.444,12128,-40,2412,26.414049,141.80267909645033,0
False,7,15,0,True,144.444,12128,-40,2412,26.420164,141.80291583759075,0
False,7,15,0,True,144.444,12128,-40,2412,26.423398,141.8031525362968,0
False,7,15,0,True,144.444,12128,-39,2412,26.428254,141.80338919257997,0
False,7,15,0,True,144.444,12128,-39,2412,26.431587,141.8036258064516,0
False,7,15,0,True,144.444,12128,-39,2412,26.434262999999998,141.8038623779231,0
False,7,15,0,True,144.444,12128,-39,2412,26.438791,141.8040989070059,0
False,7,15,0,True,144.444,12128,-41,2412,26.44461,141.80433539371137,0
False,7,15,0,True,144.444,12128,-41,2412,26.452345,141.80457183805086,0
False,7,15,0,True,144.444,12128,-39,2412,26.452759,141.8048082400358,0
False,7,15,0,True,144.444,12128,-39,2412,26.455882,141.8050445996776,0
False,7,15,0,True,144.444,12128,-40,2412,26.465699,141.80528091698756,0
False,7,15,0,True,144.444,12128,-39,2412,26.473509,141.80551719197706,0
False,7,15,0,True,144.444,12128,-39,2412,26.477095,141.80575342465752,0
False,7,15,0,True,144.444,12128,-44,2412,26.4818,141.8059896150403,0
False,7,15,0,True,144.444,12128,-40,2412,26.481814,141.8062257631367,0
False,7,15,0,True,144.444,12128,-40,2412,26.486987,141.8064618689581,0
False,7,15,0,True,144.444,12128,-39,2412,26.494664999999998,141.80669793251587,0
False,7,15,0,True,144.444,12128,-37,2412,26.494975,141.80693395382136,0
False,7,15,0,True,144.444,12128,-40,2412,26.494989,141.8071699328859,0
False,7,15,0,True,144.444,12128,-39,2412,26.498351,141.8074058697208,0
False,7,15,0,True,144.444,12128,-40,2412,26.671868,141.80764176433746,0
False,7,15,0,True,144.444,12128,-39,2412,26.68338,141.80787761674716,0
False,7,15,0,True,144.444,12128,-39,2412,26.685823,141.80811342696126,0
False,7,15,0,True,144.444,12128,-39,2412,26.69317,141.80834919499105,0
False,7,15,0,True,144.444,704,-40,2412,26.721518,141.80858492084786,0
False,7,15,0,True,144.444,12128,-40,2412,26.763316,141.808820604543,0
False,7,15,0,True,144.444,12128,-39,2412,26.806776,141.8090562460878,0
False,7,15,0,True,144.444,12128,-40,2412,26.831673,141.80929184549356,0
False,7,15,0,True,144.444,12128,-40,2412,26.843053,141.80952740277155,0
False,7,15,0,True,144.444,12128,-40,2412,26.90225,141.8097629179331,0
False,7,15,0,True,144.444,2280,-40,2412,26.935232,141.80999839098953,0
False,7,15,0,True,144.444,12128,-40,2412,26.995476,141.81023382195207,0
False,7,15,0,True,144.444,12128,-40,2412,27.013065,141.81046921083205,0
False,7,15,0,True,144.444,12128,-38,2412,27.04096,141.81070455764075,0
False,7,15,0,False,130.0,12128,-39,2412,27.060978,127.63023858457689,0
False,7,15,0,False,130.0,12128,-39,2412,27.102512,127.63045032165833,0
False,7,15,0,True,144.444,12128,-39,2412,27.154265,141.8114103457518,0
False,7,15,0,True,144.444,12128,-40,2412,27.230660999999998,141.81164552438804,0
False,7,15,0,True,144.444,12128,-41,2412,27.264934,141.81188066100935,0
False,7,15,0,True,144.444,12128,-40,2412,27.296445,141.812115755627,0
False,7,15,0,True,144.444,12128,-39,2412,27.299118,141.8123508082522,0
False,7,15,0,True,144.444,12128,-39,2412,27.307612,141.81258581889622,0
False,7,15,0,True,144.444,12128,-40,2412,27.31042,141.8128207875703,0
False,7,15,0,True,144.444,12128,-38,2412,27.351962,141.8130557142857,0
False,7,12,0,True,86.6667,12128,-39,2412,27.400113,85.08826889563433,3
False,7,12,0,True,86.6667,12128,-40,2412,27.405696,85.08840980182111,3
False,7,12,0,True,86.6667,12128,-39,2412,27.408207,85.08855068285281,3
False,7,15,0,True,144.444,12128,-40,2412,27.411814,141.81399500178506,0
False,7,15,0,True,144.444,12128,-39,2412,27.416571,141.81422971887548,0
False,7,15,0,True,144.444,12128,-40,2412,27.419347,141.81446439407458,0
False,7,15,0,True,144.444,12128,-40,2412,27.424246,141.81469902739357,0
False,7,15,0,True,144.444,12128,-40,2412,27.431122,141.81493361884367,0
False,7,15,0,True,144.444,12128,-40,2412,27.44274,141.81516816843606,0
False,7,15,0,True,144.444,12128,-39,2412,27.44546,141.81540267618198,0
False,7,15,0,True,144.444,12128,-40,2412,27.448211,141.81563714209258,0
False,7,15,0,True,144.444,12128,-40,2412,27.455484,141.81587156617908,0
False,7,15,0,True,144.444,12128,-38,2412,27.455531999999998,141.81610594845267,0
False,7,15,0,True,144.444,12128,-39,2412,27.461553,141.81634028892455,0
False,7,15,0,True,144.444,12128,-40,2412,27.462291,141.81657458760586,0
False,7,15,0,True,144.444,12128,0,2412,27.502523,141.81680884450785,0
False,7,15,0,True,144.444,12128,-39,2412,27.502553,141.8170430596416,0
False,7,15,0,True,144.444,12128,-40,2412,27.515767,141.81727723301836,0
False,7,15,0,True,144.444,12128,-40,2412,27.519726,141.81751136464925,0
False,7,15,0,True,144.444,12128,-39,2412,27.522289999999998,141.81774545454545,0
False,7,15,0,True,144.444,12128,-40,2412,27.529581,141.81797950271812,0
False,7,15,0,True,144.444,12128,-40,2412,27.539512,141.8182135091784,0
False,7,15,0,True,144.444,12128,-38,2412,27.5479,141.81844747393743,0
False,7,15,0,True,144.444,12128,-41,2412,27.552015,141.8186813970064,0
False,7,15,0,True,144.444,12128,-39,2412,27.552031,141.81891527839642,0
False,7,15,0,True,144.444,12128,-40,2412,27.561975,141.81914911811864,0
False,7,15,0,True,144.444,12128,-40,2412,27.564761999999998,141.8193829161842,0
False,7,15,0,True,144.444,12128,-40,2412,27.569941,141.81961667260418,0
False,7,15,0,True,144.444,12128,-40,2412,27.572574,141.81985038738978,0
False,7,15,0,True,144.444,12128,-39,2412,27.575198,141.8200840605521,0
False,7,15,0,True,144.444,12128,-40,2412,27.580479,141.8203176921022,0
False,7,15,0,True,144.444,12128,-40,2412,27.583099999999998,141.82055128205127,0
False,7,15,0,True,144.444,12128,-39,2412,27.588681,141.8207848304104,0
False,7,15,0,True,144.444,12128,-39,2412,27.591010999999998,141.82101833719068,0
True,7,15,0,True,144.444,12128,-39,2412,27.592420999999998,141.80839519359145,0
False,7,15,0,True,144.444,12128,-40,2412,27.597333,141.80862976148094,0
False,7,15,0,True,144.444,12128,-40,2412,27.605159,141.80886428762125,0
False,7,15,0,True,144.444,12128,-40,2412,27.610841999999998,141.80909877202348,0
False,7,15,0,True,144.444,12128,-40,2412,27.612607,141.80933321469882,0
False,7,15,0,True,144.444,12128,-40,2412,27.619291,141.80956761565835,0
False,7,15,0,True,144.444,12128,-40,2412,27.621723,141.80980197491326,0
False,7,15,0,True,144.444,12128,-40,2412,27.627421,141.81003629247465,0
False,7,15,0,True,144.444,12128,-40,2412,27.630135,141.81027056835362,0
False,7,15,0,True,144.444,12128,-40,2412,27.642293,141.81050480256135,0
False,7,15,0,True,144.444,12128,-40,2412,27.651647,141.81073899510892,0
False,7,15,0,True,144.444,12128,-40,2412,27.657763,141.81097314600746,0
False,7,15,0,True,144.444,12128,-40,2412,27.657797,141.81120725526804,0
False,7,15,0,True,144.444,12128,-40,2412,27.662491,141.81144132290183,0
False,7,15,0,True,144.444,12128,-40,2412,27.667195,141.8116753489199,0
False,7,15,0,True,144.444,12128,-40,2412,27.682892,141.81190933333332,0
False,7,15,0,True,144.444,12128,-39,2412,27.685629,141.81214327615322,0
False,7,15,0,True,144.444,12128,-40,2412,27.692382,141.8123771773907,0
False,7,15,0,True,144.444,12128,-40,2412,27.696817,141.81261103705677,0
False,7,15,0,True,144.444,12128,-39,2412,27.704349999999998,141.8128448551626,0
False,7,15,0,True,144.444,12128,-40,2412,27.709694,141.8130786317192,0
False,7,15,0,True,144.444,12128,-39,2412,27.712584,141.81331236673773,0
False,7,15,0,True,144.444,12128,-40,2412,27.718182,141.81354606022919,0
False,7,15,0,True,144.444,12128,-39,2412,27.722787999999998,141.81377971220465,0
False,7,15,0,True,144.444,12128,-40,2412,27.726371,141.81401332267518,0
False,7,15,0,True,144.444,12128,-40,2412,27.729008999999998,141.81424689165186,0
False,7,15,0,True,144.444,12128,-40,2412,27.73545,141.81448041914572,0
False,7,15,0,True,144.444,12128,-39,2412,27.743228,141.8147139051678,0
False,7,12,0,True,86.6667,12128,-39,2412,27.749069,85.08926294948061,3
False,7,12,0,True,86.6667,12128,-39,2412,27.755179,85.08940299183239,3
False,7,15,0,True,144.444,12128,-41,2412,27.756228,141.81541411451397,0
False,7,15,0,True,144.444,12128,-39,2412,27.802074,141.81564743475943,0
False,7,15,0,True,144.444,12128,-40,2412,27.809079999999998,141.81588071358834,0
False,7,15,0,True,144.444,12128,-40,2412,27.81,141.81611395101172,0
False,7,15,0,True,144.444,12128,-40,2412,27.815801999999998,141.81634714704055,0
False,7,15,0,True,144.444,12128,-39,2412,27.821331999999998,141.8165803016859,0
False,7,15,0,True,144.444,12128,-40,2412,27.823653,141.81681341495874,0
False,7,15,0,True,144.444,12128,-40,2412,27.826759,141.8170464868701,0
False,7,15,0,True,144.444,12128,-40,2412,27.836074,141.81727951743102,0
False,7,15,0,True,144.444,12128,-39,2412,27.83957,141.81751250665246,0
False,7,15,0,True,144.444,12128,-39,2412,27.845905,141.81774545454545,0
False,7,15,0,True,144.444,12128,-39,2412,27.847378,141.81797836112094,0
False,7,15,0,True,144.444,12128,-39,2412,27.85473,141.81821122639,0
False,7,15,0,True,144.444,12128,-41,2412,27.856773,141.81844405036352,0
False,7,15,0,True,144.444,12128,-39,2412,27.864543,141.81867683305256,0
False,7,15,0,True,144.444,12128,-40,2412,27.870927,141.81890957446808,0
False,7,15,0,True,144.444,12128,-40,2412,27.873618999999998,141.81914227462102,0
False,7,15,0,True,144.444,12128,-40,2412,27.879158999999998,141.8193749335224,0
False,7,15,0,True,144.444,12128,-40,2412,27.881937999999998,141.8196075511832,0
False,7,15,0,True,144.444,12128,-40,2412,27.884536,141.81984012761433,0
False,7,15,0,True,144.444,12128,-40,2412,27.890206,141.82007266282676,0
False,7,15,0,True,144.444,12128,-41,2412,27.898537,141.82030515683147,0
False,7,15,0,True,144.444,12128,-39,2412,27.901277999999998,141.8205376096394,0
False,7,15,0,True,144.444,12128,0,2412,27.905945,141.82077002126152,0
False,7,15,0,True,144.444,12128,-40,2412,27.905962,141.82100239170873,0
False,7,15,0,True,144.444,12128,-40,2412,27.912723,141.821234720992,0
False,7,15,0,True,144.444,12128,-40,2412,27.92175,141.8214670091223,0
False,7,15,0,True,144.444,12128,-39,2412,27.923375,141.82169925611052,0
False,7,15,0,True,144.444,12128,-39,2412,27.931977,141.82193146196758,0
False,7,15,0,True,144.444,12128,0,2412,27.935204,141.82216362670442,0
False,7,15,0,True,144.444,12128,-40,2412,27.935221,141.822395750332,0
False,7,15,0,True,144.444,12128,-40,2412,27.940539,141.82262783286117,0
False,7,15,0,True,144.444,12128,-40,2412,27.94336,141.8228598743029,0
False,7,15,0,True,144.444,12128,-40,2412,27.946383,141.82309187466808,0
False,7,15,0,True,144.444,12128,-40,2412,27.951943,141.8233238339676,0
False,7,15,0,True,144.444,12128,-40,2412,27.957041999999998,141.82355575221237,0
False,7,15,0,True,144.444,12128,-39,2412,27.960022,141.82378762941332,0
False,7,15,0,True,144.444,12128,-40,2412,27.965657,141.8240194655813,0
False,7,15,0,True,144.444,12128,-39,2412,27.967242,141.82425126072724,0
False,7,15,0,True,144.444,12128,-39,2412,27.971041,141.82448301486198,0
False,7,15,0,True,144.444,12128,-39,2412,27.974012,141.82471472799645,0
False,7,15,0,True,144.444,12128,-39,2412,27.976775,141.8249464001415,0
False,7,15,0,True,144.444,12128,-40,2412,28.157776,141.82517803130804,0
False,7,15,0,True,144.444,12128,-40,2412,28.165868,141.82540962150688,0
False,7,15,0,True,144.444,12128,-40,2412,28.165927,141.82564117074895,0
False,7,15,0,True,144.444,12128,-39,2412,28.16931,141.82587267904506,0
False,7,15,0,True,144.444,12128,-40,2412,28.173099999999998,141.82610414640615,0
False,7,15,0,True,144.444,12128,-38,2412,28.175752,141.826335572843,0
False,7,15,0,True,144.444,12128,-39,2412,28.183892,141.82656695836647,0
False,7,15,0,True,144.444,12128,-39,2412,28.186609999999998,141.82679830298744,0
False,7,15,0,True,144.444,12128,-40,2412,28.191363,141.82702960671674,0
False,7,15,0,True,144.444,12128,-40,2412,28.194745,141.8272608695652,0
False,7,15,0,True,144.444,12128,-40,2412,28.197382,141.8274920915437,0
False,7,15,0,True,144.444,12128,-40,2412,28.205431,141.827723272663,0
False,7,15,0,True,144.444,12128,-40,2412,28.211562,141.827954412934,0
False,7,15,0,True,144.444,12128,-40,2412,28.220426,141.82818551236747,0
False,7,15,0,True,144.444,12128,-40,2412,28.225646,141.8284165709743,0
False,7,15,0,True,144.444,12128,-40,2412,28.231675,141.82864758876522,0
True,7,15,0,True,144.444,12128,-40,2412,28.233674999999998,141.81612187582795,0
False,7,15,0,True,144.444,12128,-40,2412,28.236552,141.81635393853762,0
False,7,15,0,True,144.444,12128,-40,2412,28.239235,141.8165859602649,0
True,7,15,0,True,144.444,12128,-40,2412,28.240593,141.80406463005474,0
False,7,15,0,True,144.444,12128,-40,2412,28.244899,141.80429769577117,0
False,7,15,0,True,144.444,12128,-40,2412,28.270766,141.80453072033896,0
False,7,15,0,True,144.444,12128,-40,2412,28.274853999999998,141.80476370376908,0
False,7,15,0,True,144.444,12128,-40,2412,28.277573,141.80499664607237,0
False,7,15,0,True,144.444,12128,-40,2412,28.298016,141.80522954725973,0
True,7,15,0,True,144.444,12128,-40,2412,28.300010999999998,141.7927158489234,0
False,7,15,0,True,144.444,12128,-40,2412,28.314127,141.79294979264094,0
False,7,15,0,True,144.444,12128,-38,2412,28.316672999999998,141.79318369507675,0
False,7,15,0,True,144.444,12128,-40,2412,28.322695,141.79341755624174,0
False,7,15,0,True,144.444,12128,-40,2412,28.329031,141.79365137614678,0
False,7,15,0,True,144.444,12128,-40,2412,28.329745,141.79388515480284,0
False,7,15,0,True,144.444,12128,-40,2412,28.338299,141.79411889222084,0
True,7,15,0,True,144.444,12128,-38,2412,28.342761,141.78161389893287,0
False,7,11,0,True,57.7778,12128,-40,2412,28.403364,56.71293578483245,4
False,7,14,0,True,130.0,12128,-40,2412,28.426028,127.60426770126091,1
False,7,14,0,True,130.0,12128,-40,2412,28.429622,127.60447892787867,1
False,7,14,0,True,130.0,12128,-40,2412,28.435289,127.60469011725293,1
False,7,14,0,True,130.0,12128,-38,2412,28.436935,127.60490126939351,1
False,7,14,0,True,130.0,12128,-40,2412,28.44033,127.60511238431026,1
False,7,14,0,True,130.0,12128,-38,2412,28.447105999999998,127.60532346201303,1
False,7,12,0,True,86.6667,12128,-39,2412,28.455845,85.07038905437561,3
False,7,12,0,True,86.6667,12128,-40,2412,28.458545,85.07052972329927,3
False,7,12,0,True,86.6667,12128,-40,2412,28.471916999999998,85.07067036743325,3
False,7,12,0,True,86.6667,12128,-40,2412,28.476929,85.07081098678414,3
False,7,11,0,True,57.7778,12128,-40,2412,28.480477,56.71396772090565,4
False,7,11,0,True,57.7778,12128,-39,2412,28.483282,56.71406143410852,4
False,7,14,0,True,130.0,12128,-40,2412,28.488039999999998,127.60679996476702,1
False,7,14,0,True,130.0,12128,-40,2412,28.490443,127.60701074511186,1
False,7,14,0,True,130.0,12128,-40,2412,28.497078,127.60722148833113,1
False,7,14,0,True,130.0,12128,-40,2412,28.497201,127.60743219443467,1
False,7,14,0,True,130.0,12128,-40,2412,28.501742,127.60764286343225,1
False,7,14,0,True,130.0,12128,-40,2412,28.50536,127.60785349533369,1
False,7,14,0,True,130.0,12128,-40,2412,28.511851,127.60806409014879,1
False,7,14,0,True,130.0,12128,-40,2412,28.512971,127.60827464788733,1
False,7,14,0,True,130.0,12128,-40,2412,28.516377,127.60848516855911,1
False,7,14,0,True,130.0,12128,-41,2412,28.521036,127.60869565217392,1
False,7,14,0,True,130.0,12128,-40,2412,28.528427,127.60890609874153,1
False,7,14,0,True,130.0,12128,-40,2412,28.530331,127.60911650827174,1
False,7,14,0,True,130.0,12128,-40,2412,28.545621999999998,127.6093268807743,1
False,7,14,0,True,130.0,12128,-39,2412,28.546899,127.60953721625901,1
False,7,14,0,True,130.0,12128,-39,2412,28.553135,127.60974751473564,1
False,7,14,0,True,130.0,12128,-40,2412,28.561306,127.60995777621393,1
False,7,15,0,True,144.444,12128,-40,2412,28.575345,141.78863928225877,0
False,7,15,0,True,144.444,12128,-39,2412,28.578025999999998,141.78887282321898,0
False,7,14,0,True,130.0,12128,-40,2412,28.580709,127.61058833875649,1
False,7,14,0,True,130.0,12128,-40,2412,28.589488,127.61079845233907,1
True,7,15,0,True,144.444,12128,-40,2412,28.589519,141.77687259298338,0
False,7,14,0,True,130.0,12128,-40,2412,28.592371,127.5997889924389,1
False,7,14,0,True,130.0,12128,-40,2412,28.595083,127.60000000000001,1
False,7,14,0,True,130.0,12128,-40,2412,28.605266999999998,127.60021097046413,1
False,7,14,0,True,130.0,12128,-40,2412,28.619483,127.6004219038411,1
False,7,14,0,True,130.0,12128,-39,2412,28.622972999999998,127.60063280014063,1
False,7,14,0,True,130.0,12128,-38,2412,28.628595,127.60084365937253,1
False,7,15,0,True,144.444,12128,-40,2412,28.635885,141.77851318101932,0
False,7,15,0,True,144.444,12128,-38,2412,28.6394,141.7787473859942,0
False,7,15,0,True,144.444,12128,-40,2412,28.645153999999998,141.77898154981548,0
False,7,14,0,True,130.0,12128,-40,2412,28.647648999999998,127.6016867258192,1
False,7,14,0,True,130.0,12128,-40,2412,28.650721,127.60189739985945,1
False,7,14,0,True,130.0,12128,-39,2412,28.702178,127.60210803689064,1
False,7,14,0,True,130.0,12128,-40,2412,28.705421,127.60231863692255,1
False,7,14,0,True,130.0,12128,-40,2412,28.7071,127.60252919996488,1
False,7,14,0,True,130.0,12128,-40,2412,28.709736,127.6027397260274,1
False,7,14,0,True,130.0,12128,-40,2412,28.714064999999998,127.60295021511985,1
False,7,14,0,True,130.0,12128,-40,2412,28.719582,127.60316066725197,1
False,7,14,0,True,130.0,12128,-39,2412,28.723783,127.60337108243351,1
False,7,14,0,True,130.0,12128,-39,2412,28.727652,127.60358146067416,1
False,7,14,0,True,130.0,12128,-40,2412,28.731337,127.60379180198368,1
False,7,14,0,True,130.0,12128,-40,2412,28.732038,127.60400210637178,1
False,7,14,0,True,130.0,12128,-40,2412,28.737286,127.60421237384818,1
False,7,14,0,True,130.0,12128,-39,2412,28.745911,127.60442260442261,1
False,7,14,0,True,130.0,12128,-40,2412,28.747291,127.60463279810477,1
False,7,14,0,True,130.0,12128,-39,2412,28.764074,127.60484295490437,1
False,7,14,0,True,130.0,12128,-40,2412,28.765233,127.60505307483112,1
False,7,14,0,True,130.0,12128,-40,2412,28.770515,127.60526315789474,1
False,7,14,0,True,130.0,12128,-40,2412,28.772357,127.60547320410491,1
False,7,14,0,True,130.0,12128,-40,2412,28.775583,127.60568321347132,1
True,7,14,0,True,130.0,12128,-39,2412,28.780663999999998,127.59449267736561,1
True,7,14,0,True,130.0,12128,-40,2412,28.786656999999998,127.58330410382321,1
False,7,14,0,True,130.0,12128,-40,2412,28.797257,127.58351600175362,1
False,7,14,0,True,130.0,12128,-40,2412,28.798445,127.58372786252849,1
False,7,15,0,True,144.444,12128,-40,2412,28.806233,141.75949680021037,0
True,7,15,0,True,144.444,12128,-39,2412,28.807909,141.74707047685834,0
True,7,15,0,True,144.444,12128,-39,2412,28.813568,141.73464633184327,0
False,7,15,0,True,144.444,12128,-40,2412,28.819854,141.7348837861525,0
False,7,15,0,True,144.444,12128,-39,2412,28.826007999999998,141.73512119884322,0
False,7,14,0,True,130.0,12128,-40,2412,28.847376,127.56221521205748,1
True,7,14,0,True,130.0,12128,-39,2412,28.856088,127.55103828966968,1
False,7,14,0,True,130.0,12128,-40,2412,28.857682,127.55125284738041,1
True,7,14,0,True,130.0,12128,-40,2412,28.864983,127.54007884362682,1
False,7,14,0,True,130.0,12128,-40,2412,28.870803,127.54029432375614,1
True,7,14,0,True,130.0,12128,-40,2412,28.870838,127.52912323727774,1
False,7,14,0,True,130.0,12128,-39,2412,28.876001,127.52933963916622,1
False,7,15,0,True,144.444,12128,-40,2412,28.884691,141.69907067168754,0
False,7,15,0,True,144.444,12128,-40,2412,28.891735,141.69931103327494,0
True,7,14,0,True,130.0,12128,-39,2412,28.919541,127.5186060765257,1
False,7,14,0,True,130.0,12128,-40,2412,28.927889999999998,127.51882332341097,1
False,7,14,0,True,130.0,12128,-40,2412,28.929166,127.51904053225947,1
False,7,15,0,True,144.444,12128,-40,2412,28.937262,141.6876281512605,0
False,7,15,0,True,144.444,12128,-38,2412,28.944031,141.68786940919037,0
False,7,15,0,True,144.444,12128,-40,2412,28.946944,141.68811062489058,0
False,7,14,0,True,130.0,12128,-40,2412,28.948992,127.51990898748578,1
False,7,14,0,True,130.0,12128,-39,2412,28.954432,127.52012600630032,1
True,7,14,0,True,130.0,12128,-40,2412,28.965348,127.50896841368449,1
False,7,14,0,True,130.0,12128,-39,2412,29.003123,127.50918635170605,1
False,7,15,0,True,144.444,12128,-40,2412,29.013862,141.67667990552007,0
False,7,15,0,True,144.444,12128,-40,2412,29.02296,141.67692197340796,0
False,7,15,0,True,144.444,12128,-40,2412,29.030036,141.6771639989504,0
False,7,14,0,True,130.0,12128,-40,2412,29.030884,127.51005772258178,1
False,7,14,0,True,130.0,12128,-40,2412,29.046454,127.5102754700481,1
False,7,14,0,True,130.0,12128,-40,2412,29.047732,127.51049317943337,1
True,7,14,0,True,130.0,12128,-40,2412,29.05654,127.4993442336277,1
False,7,14,0,True,130.0,12128,-40,2412,29.063084,127.49956286063997,1
False,7,14,0,True,130.0,12128,-39,2412,29.071015,127.4997814494274,1
False,7,14,0,True,130.0,12128,-40,2412,29.072718,127.5,1
False,7,14,0,True,130.0,12128,-40,2412,29.076442,127.5002185123678,1
False,7,14,0,True,130.0,12128,-40,2412,29.080553,127.50043698654082,1
True,7,14,0,True,130.0,12128,-40,2412,29.086711,127.48929476535874,1
False,7,14,0,True,130.0,12128,-39,2412,29.087201999999998,127.48951415588955,1
False,7,14,0,True,130.0,12128,-39,2412,29.093586,127.48973350808213,1
False,7,15,0,False,130.0,12128,-39,2412,29.09462,127.48995282194653,0
False,7,14,0,True,130.0,12128,-40,2412,29.106732,127.49017209749279,1
False,7,14,0,True,130.0,12128,-40,2412,29.117484,127.49039133473094,1
False,7,14,0,True,130.0,12128,-40,2412,29.123895,127.49061053367106,1
False,7,14,0,True,130.0,12128,-39,2412,29.131314,127.49082969432315,1
False,7,14,0,True,130.0,12128,-39,2412,29.142055,127.49104881669723,1
False,7,14,0,True,130.0,12128,-40,2412,29.151684,127.49126790080336,1
True,7,14,0,True,130.0,12128,-40,2412,29.15794,127.48013620885358,1
False,7,14,0,True,130.0,12128,-38,2412,29.159657,127.48035620743845,1
True,7,14,0,True,130.0,12128,-40,2412,29.17232,127.46922741161065,1
False,7,14,0,True,130.0,12128,-39,2412,29.186795,127.46944832402234,1
True,7,14,0,True,130.0,12128,-39,2412,29.194638,127.45832242297286,1
True,7,14,0,True,130.0,12128,-40,2412,29.196557,127.44719846395532,1
False,7,14,0,True,130.0,12128,-40,2412,29.204684,127.44742124094597,1
False,7,14,0,True,130.0,12128,-40,2412,29.208077,127.44764397905759,1
False,7,14,0,True,130.0,12128,-40,2412,29.234057,127.44786667830031,1
False,7,14,0,True,130.0,12128,-40,2412,29.24216,127.44808933868435,1
False,7,14,0,True,130.0,12128,-40,2412,29.248269,127.44831196021984,1
False,7,14,0,True,130.0,12128,-40,2412,29.257586,127.44853454291696,1
False,7,14,0,True,130.0,12128,-40,2412,29.258869,127.44875708678586,1
False,7,15,0,False,130.0,12128,-39,2412,29.26106,127.44897959183675,0
False,7,14,0,True,130.0,12128,-40,2412,29.303314,127.4492020580797,1
False,7,14,0,True,130.0,12128,-40,2412,29.305955,127.44942448552493,1
False,7,14,0,True,130.0,12128,-40,2412,29.320315,127.44964687418258,1
False,7,14,0,True,130.0,12128,-40,2412,29.321012,127.44986922406277,1
False,7,14,0,True,130.0,12128,-39,2412,29.323711,127.45009153517566,1
False,7,14,0,True,130.0,12128,-40,2412,29.329638,127.45031380753137,1
False,7,14,0,True,130.0,12128,-40,2412,29.340376,127.45053604114007,1
False,7,14,0,True,130.0,12128,-38,2412,29.346664999999998,127.45075823601185,1
False,7,14,0,False,117.0,12128,-39,2412,29.351969,114.70588235294117,1
False,7,14,0,False,117.0,12128,-41,2412,29.354526,114.7060822586267,1
False,7,14,0,False,117.0,12128,-39,2412,29.354544,114.70628212947635,1
False,7,14,0,False,117.0,12128,-40,2412,29.360536,114.70648196549921,1
False,7,14,0,False,117.0,12128,-40,2412,29.364061,114.70668176670442,1
False,7,14,0,False,117.0,12128,-40,2412,29.368021,114.70688153310104,1
False,7,14,0,False,117.0,12128,-40,2412,29.373831,114.7070812646982,1
False,7,14,0,False,117.0,12128,-40,2412,29.379843,114.70728096150496,1
False,7,14,0,True,130.0,12128,-40,2412,29.391512,127.45275624836715,1
False,7,14,0,True,130.0,12128,-40,2412,29.396798,127.45297805642633,1
False,7,14,0,True,130.0,12128,-40,2412,29.404531,127.45319982585981,1
False,7,14,0,True,130.0,12128,-40,2412,29.410573,127.4534215566777,1
False,7,14,0,True,130.0,12128,-39,2412,29.414064,127.45364324889006,1
